model,n,n_features,kind,cv_scheme,scoring,score_mean,score_std,n_folds,permuted,n_trials,seconds,target,block,chance,degenerate
elastic_net,64,1024,classification,stratified_5fold_x5,balanced_accuracy,0.6626666666666666,0.1412861556479536,25,False,0,4.7,moa-fine,ecfp,0.5,False
elastic_net,64,1024,classification,stratified_5fold_x5,balanced_accuracy,0.4613333333333334,0.1191376421530062,25,True,0,2.8,moa-fine,ecfp,0.5,
sparse_plsda,64,1024,classification,stratified_5fold_x5,balanced_accuracy,0.6368055555555556,0.1197972019655109,24,False,0,0.1,moa-fine,ecfp,0.5,False
sparse_plsda,64,1024,classification,stratified_5fold_x5,balanced_accuracy,0.476,0.086162636914152,25,True,0,0.1,moa-fine,ecfp,0.5,
linear_svm,64,1024,classification,stratified_5fold_x5,balanced_accuracy,0.6826666666666666,0.1351114766076928,25,False,0,0.2,moa-fine,ecfp,0.5,False
linear_svm,64,1024,classification,stratified_5fold_x5,balanced_accuracy,0.5293333333333333,0.1520438533230901,25,True,0,0.1,moa-fine,ecfp,0.5,
xgboost,64,1024,classification,stratified_5fold_x5,balanced_accuracy,0.5,0.0,25,False,0,0.2,moa-fine,ecfp,0.5,True
xgboost,64,1024,classification,stratified_5fold_x5,balanced_accuracy,0.5,0.0,25,True,0,0.3,moa-fine,ecfp,0.5,
elastic_net,64,636,classification,stratified_5fold_x5,balanced_accuracy,0.6993333333333333,0.132117792560696,25,False,0,4.1,moa-fine,morphology,0.5,False
elastic_net,64,636,classification,stratified_5fold_x5,balanced_accuracy,0.4973333333333333,0.0861110394264934,25,True,0,2.3,moa-fine,morphology,0.5,
sparse_plsda,64,636,classification,stratified_5fold_x5,balanced_accuracy,0.6926666666666665,0.1493749941887493,25,False,0,0.1,moa-fine,morphology,0.5,False
sparse_plsda,64,636,classification,stratified_5fold_x5,balanced_accuracy,0.4933333333333333,0.183424219895968,25,True,0,0.1,moa-fine,morphology,0.5,
linear_svm,64,636,classification,stratified_5fold_x5,balanced_accuracy,0.7406666666666666,0.1316628691435482,25,False,0,0.1,moa-fine,morphology,0.5,False
linear_svm,64,636,classification,stratified_5fold_x5,balanced_accuracy,0.5073333333333333,0.1258817787538062,25,True,0,0.1,moa-fine,morphology,0.5,
xgboost,64,636,classification,stratified_5fold_x5,balanced_accuracy,0.5,0.0,25,False,0,0.3,moa-fine,morphology,0.5,True
xgboost,64,636,classification,stratified_5fold_x5,balanced_accuracy,0.5,0.0,25,True,0,0.3,moa-fine,morphology,0.5,
elastic_net,64,41780,classification,stratified_5fold_x5,balanced_accuracy,0.6866666666666668,0.1744196726926817,25,False,0,260.0,moa-fine,expression,0.5,False
elastic_net,64,41780,classification,stratified_5fold_x5,balanced_accuracy,0.4386666666666666,0.1062198976965552,25,True,0,245.2,moa-fine,expression,0.5,
sparse_plsda,64,41780,classification,stratified_5fold_x5,balanced_accuracy,0.5506666666666666,0.1460958589419973,25,False,0,3.4,moa-fine,expression,0.5,False
sparse_plsda,64,41780,classification,stratified_5fold_x5,balanced_accuracy,0.476,0.0817964954424495,25,True,0,3.0,moa-fine,expression,0.5,
linear_svm,64,41780,classification,stratified_5fold_x5,balanced_accuracy,0.6940000000000001,0.1933264366585985,25,False,0,4.3,moa-fine,expression,0.5,False
linear_svm,64,41780,classification,stratified_5fold_x5,balanced_accuracy,0.3853333333333333,0.1490950479839398,25,True,0,4.2,moa-fine,expression,0.5,
xgboost,64,41780,classification,stratified_5fold_x5,balanced_accuracy,0.5,0.0,25,False,0,38.8,moa-fine,expression,0.5,True
xgboost,64,41780,classification,stratified_5fold_x5,balanced_accuracy,0.5,0.0,25,True,0,37.3,moa-fine,expression,0.5,
elastic_net,64,42416,classification,stratified_5fold_x5,balanced_accuracy,0.7060000000000001,0.1452109576520388,25,False,0,258.3,moa-fine,morphology+expression,0.5,False
elastic_net,64,42416,classification,stratified_5fold_x5,balanced_accuracy,0.4393333333333333,0.0768664064754197,25,True,0,240.6,moa-fine,morphology+expression,0.5,
sparse_plsda,64,42416,classification,stratified_5fold_x5,balanced_accuracy,0.5559999999999999,0.1234575950591043,25,False,0,2.8,moa-fine,morphology+expression,0.5,False
sparse_plsda,64,42416,classification,stratified_5fold_x5,balanced_accuracy,0.4773333333333333,0.0802606863774399,25,True,0,3.1,moa-fine,morphology+expression,0.5,
linear_svm,64,42416,classification,stratified_5fold_x5,balanced_accuracy,0.7120000000000001,0.1512554865855193,25,False,0,3.5,moa-fine,morphology+expression,0.5,False
linear_svm,64,42416,classification,stratified_5fold_x5,balanced_accuracy,0.3986666666666666,0.1778838572402416,25,True,0,4.3,moa-fine,morphology+expression,0.5,
xgboost,64,42416,classification,stratified_5fold_x5,balanced_accuracy,0.5,0.0,25,False,0,41.0,moa-fine,morphology+expression,0.5,True
xgboost,64,42416,classification,stratified_5fold_x5,balanced_accuracy,0.5,0.0,25,True,0,39.8,moa-fine,morphology+expression,0.5,
elastic_net,64,1660,classification,stratified_5fold_x5,balanced_accuracy,0.7593333333333334,0.1368762620439026,25,False,0,7.4,moa-fine,morphology+ecfp,0.5,False
elastic_net,64,1660,classification,stratified_5fold_x5,balanced_accuracy,0.4533333333333333,0.1168094364529015,25,True,0,5.3,moa-fine,morphology+ecfp,0.5,
sparse_plsda,64,1660,classification,stratified_5fold_x5,balanced_accuracy,0.7133333333333333,0.1322455628325158,25,False,0,0.1,moa-fine,morphology+ecfp,0.5,False
sparse_plsda,64,1660,classification,stratified_5fold_x5,balanced_accuracy,0.4793333333333334,0.0826344023058462,25,True,0,0.1,moa-fine,morphology+ecfp,0.5,
linear_svm,64,1660,classification,stratified_5fold_x5,balanced_accuracy,0.77,0.1314872194887734,25,False,0,0.1,moa-fine,morphology+ecfp,0.5,False
linear_svm,64,1660,classification,stratified_5fold_x5,balanced_accuracy,0.476,0.1436105845681299,25,True,0,0.1,moa-fine,morphology+ecfp,0.5,
xgboost,64,1660,classification,stratified_5fold_x5,balanced_accuracy,0.5,0.0,25,False,0,0.4,moa-fine,morphology+ecfp,0.5,True
xgboost,64,1660,classification,stratified_5fold_x5,balanced_accuracy,0.5,0.0,25,True,0,0.4,moa-fine,morphology+ecfp,0.5,
elastic_net,70,1024,classification,stratified_5fold_x5,balanced_accuracy,0.518095238095238,0.0755456342692471,25,False,0,4.5,tox_cardiotoxicity,ecfp,0.5,False
elastic_net,70,1024,classification,stratified_5fold_x5,balanced_accuracy,0.4322619047619047,0.0892828570971414,25,True,0,3.1,tox_cardiotoxicity,ecfp,0.5,
sparse_plsda,70,1024,classification,stratified_5fold_x5,balanced_accuracy,0.5310714285714286,0.1205914186392759,25,False,0,0.1,tox_cardiotoxicity,ecfp,0.5,False
sparse_plsda,70,1024,classification,stratified_5fold_x5,balanced_accuracy,0.3820238095238095,0.0904639716059944,25,True,0,0.1,tox_cardiotoxicity,ecfp,0.5,
linear_svm,70,1024,classification,stratified_5fold_x5,balanced_accuracy,0.5389285714285714,0.1188507896653683,25,False,0,0.1,tox_cardiotoxicity,ecfp,0.5,False
linear_svm,70,1024,classification,stratified_5fold_x5,balanced_accuracy,0.4336904761904761,0.1087333014260225,25,True,0,0.1,tox_cardiotoxicity,ecfp,0.5,
xgboost,70,1024,classification,stratified_5fold_x5,balanced_accuracy,0.5163095238095238,0.0914039215282818,25,False,0,0.3,tox_cardiotoxicity,ecfp,0.5,False
xgboost,70,1024,classification,stratified_5fold_x5,balanced_accuracy,0.4914285714285713,0.0919149389874697,25,True,0,0.3,tox_cardiotoxicity,ecfp,0.5,
elastic_net,70,636,classification,stratified_5fold_x5,balanced_accuracy,0.4622619047619048,0.0918239220087076,25,False,0,4.4,tox_cardiotoxicity,morphology,0.5,False
elastic_net,70,636,classification,stratified_5fold_x5,balanced_accuracy,0.5020238095238094,0.0945238095238095,25,True,0,2.7,tox_cardiotoxicity,morphology,0.5,
sparse_plsda,70,636,classification,stratified_5fold_x5,balanced_accuracy,0.4257142857142857,0.1161201973248296,25,False,0,0.1,tox_cardiotoxicity,morphology,0.5,False
sparse_plsda,70,636,classification,stratified_5fold_x5,balanced_accuracy,0.5191666666666667,0.1139537589712312,25,True,0,0.1,tox_cardiotoxicity,morphology,0.5,
linear_svm,70,636,classification,stratified_5fold_x5,balanced_accuracy,0.3701190476190475,0.1243403227960096,25,False,0,0.1,tox_cardiotoxicity,morphology,0.5,False
linear_svm,70,636,classification,stratified_5fold_x5,balanced_accuracy,0.5225,0.1248470719849687,25,True,0,0.1,tox_cardiotoxicity,morphology,0.5,
xgboost,70,636,classification,stratified_5fold_x5,balanced_accuracy,0.4971428571428571,0.1263994227002517,25,False,0,0.3,tox_cardiotoxicity,morphology,0.5,False
xgboost,70,636,classification,stratified_5fold_x5,balanced_accuracy,0.4716666666666666,0.1274952758006112,25,True,0,0.3,tox_cardiotoxicity,morphology,0.5,
elastic_net,70,41780,classification,stratified_5fold_x5,balanced_accuracy,0.5232142857142857,0.0774861921720525,25,False,0,289.0,tox_cardiotoxicity,expression,0.5,False
elastic_net,70,41780,classification,stratified_5fold_x5,balanced_accuracy,0.55,0.1255571483654711,25,True,0,284.7,tox_cardiotoxicity,expression,0.5,
sparse_plsda,70,41780,classification,stratified_5fold_x5,balanced_accuracy,0.4995238095238095,0.109564821513927,25,False,0,3.5,tox_cardiotoxicity,expression,0.5,False
sparse_plsda,70,41780,classification,stratified_5fold_x5,balanced_accuracy,0.4616666666666667,0.1104942770498589,25,True,0,3.7,tox_cardiotoxicity,expression,0.5,
linear_svm,70,41780,classification,stratified_5fold_x5,balanced_accuracy,0.5526190476190476,0.1005361195683843,25,False,0,5.4,tox_cardiotoxicity,expression,0.5,False
linear_svm,70,41780,classification,stratified_5fold_x5,balanced_accuracy,0.5208333333333334,0.1279692689158146,25,True,0,5.5,tox_cardiotoxicity,expression,0.5,
xgboost,70,41780,classification,stratified_5fold_x5,balanced_accuracy,0.5769047619047619,0.1136411635762188,25,False,0,51.4,tox_cardiotoxicity,expression,0.5,False
xgboost,70,41780,classification,stratified_5fold_x5,balanced_accuracy,0.5025,0.1428861081746474,25,True,0,51.8,tox_cardiotoxicity,expression,0.5,
elastic_net,70,42416,classification,stratified_5fold_x5,balanced_accuracy,0.5183333333333333,0.0762633579987311,25,False,0,277.4,tox_cardiotoxicity,morphology+expression,0.5,False
elastic_net,70,42416,classification,stratified_5fold_x5,balanced_accuracy,0.5528571428571428,0.1197043788756094,25,True,0,286.6,tox_cardiotoxicity,morphology+expression,0.5,
sparse_plsda,70,42416,classification,stratified_5fold_x5,balanced_accuracy,0.5052380952380953,0.105645220897174,25,False,0,5.5,tox_cardiotoxicity,morphology+expression,0.5,False
sparse_plsda,70,42416,classification,stratified_5fold_x5,balanced_accuracy,0.4588095238095239,0.1140271131778865,25,True,0,5.5,tox_cardiotoxicity,morphology+expression,0.5,
linear_svm,70,42416,classification,stratified_5fold_x5,balanced_accuracy,0.5434523809523809,0.0969525739075636,25,False,0,5.8,tox_cardiotoxicity,morphology+expression,0.5,False
linear_svm,70,42416,classification,stratified_5fold_x5,balanced_accuracy,0.5129761904761905,0.1284828839726245,25,True,0,8.7,tox_cardiotoxicity,morphology+expression,0.5,
xgboost,70,42416,classification,stratified_5fold_x5,balanced_accuracy,0.5842857142857142,0.0970757237682249,25,False,0,45.0,tox_cardiotoxicity,morphology+expression,0.5,False
xgboost,70,42416,classification,stratified_5fold_x5,balanced_accuracy,0.505,0.1185875634460951,25,True,0,48.5,tox_cardiotoxicity,morphology+expression,0.5,
elastic_net,70,1660,classification,stratified_5fold_x5,balanced_accuracy,0.4579761904761905,0.0662578879058981,25,False,0,8.2,tox_cardiotoxicity,morphology+ecfp,0.5,False
elastic_net,70,1660,classification,stratified_5fold_x5,balanced_accuracy,0.4417857142857143,0.0973613031753841,25,True,0,6.7,tox_cardiotoxicity,morphology+ecfp,0.5,
sparse_plsda,70,1660,classification,stratified_5fold_x5,balanced_accuracy,0.3988095238095238,0.1221065340959862,25,False,0,0.1,tox_cardiotoxicity,morphology+ecfp,0.5,False
sparse_plsda,70,1660,classification,stratified_5fold_x5,balanced_accuracy,0.3777380952380952,0.1202938343223114,25,True,0,0.1,tox_cardiotoxicity,morphology+ecfp,0.5,
linear_svm,70,1660,classification,stratified_5fold_x5,balanced_accuracy,0.4776190476190476,0.1119051418433266,25,False,0,0.1,tox_cardiotoxicity,morphology+ecfp,0.5,False
linear_svm,70,1660,classification,stratified_5fold_x5,balanced_accuracy,0.4489285714285714,0.1213575889637437,25,True,0,0.1,tox_cardiotoxicity,morphology+ecfp,0.5,
xgboost,70,1660,classification,stratified_5fold_x5,balanced_accuracy,0.474047619047619,0.1282583268747039,25,False,0,0.4,tox_cardiotoxicity,morphology+ecfp,0.5,False
xgboost,70,1660,classification,stratified_5fold_x5,balanced_accuracy,0.4802380952380952,0.127102164881092,25,True,0,0.4,tox_cardiotoxicity,morphology+ecfp,0.5,
elastic_net,70,1024,classification,stratified_5fold_x5,balanced_accuracy,0.5603888888888888,0.084687260545878,25,False,0,4.8,tox_pulmonary_toxicity,ecfp,0.5,False
elastic_net,70,1024,classification,stratified_5fold_x5,balanced_accuracy,0.5008888888888889,0.0889850868348868,25,True,0,3.2,tox_pulmonary_toxicity,ecfp,0.5,
sparse_plsda,70,1024,classification,stratified_5fold_x5,balanced_accuracy,0.5801666666666666,0.1021939272434135,25,False,0,0.1,tox_pulmonary_toxicity,ecfp,0.5,False
sparse_plsda,70,1024,classification,stratified_5fold_x5,balanced_accuracy,0.5260555555555555,0.1101964295538641,25,True,0,0.1,tox_pulmonary_toxicity,ecfp,0.5,
linear_svm,70,1024,classification,stratified_5fold_x5,balanced_accuracy,0.5466666666666666,0.1015010794809713,25,False,0,0.1,tox_pulmonary_toxicity,ecfp,0.5,False
linear_svm,70,1024,classification,stratified_5fold_x5,balanced_accuracy,0.4641111111111111,0.0972148251154227,25,True,0,0.2,tox_pulmonary_toxicity,ecfp,0.5,
xgboost,70,1024,classification,stratified_5fold_x5,balanced_accuracy,0.6583888888888889,0.1092231829956612,25,False,0,0.2,tox_pulmonary_toxicity,ecfp,0.5,False
xgboost,70,1024,classification,stratified_5fold_x5,balanced_accuracy,0.5626111111111111,0.0881426313244058,25,True,0,0.3,tox_pulmonary_toxicity,ecfp,0.5,
elastic_net,70,636,classification,stratified_5fold_x5,balanced_accuracy,0.4785,0.1199537719598988,25,False,0,4.5,tox_pulmonary_toxicity,morphology,0.5,False
elastic_net,70,636,classification,stratified_5fold_x5,balanced_accuracy,0.4848888888888888,0.0727410000372537,25,True,0,2.8,tox_pulmonary_toxicity,morphology,0.5,
sparse_plsda,70,636,classification,stratified_5fold_x5,balanced_accuracy,0.5292777777777777,0.1523863267901441,25,False,0,0.1,tox_pulmonary_toxicity,morphology,0.5,False
sparse_plsda,70,636,classification,stratified_5fold_x5,balanced_accuracy,0.4273888888888889,0.1251452982697006,25,True,0,0.1,tox_pulmonary_toxicity,morphology,0.5,
linear_svm,70,636,classification,stratified_5fold_x5,balanced_accuracy,0.4877222222222221,0.1253345399863112,25,False,0,0.2,tox_pulmonary_toxicity,morphology,0.5,False
linear_svm,70,636,classification,stratified_5fold_x5,balanced_accuracy,0.4790555555555555,0.1149925655138487,25,True,0,0.1,tox_pulmonary_toxicity,morphology,0.5,
xgboost,70,636,classification,stratified_5fold_x5,balanced_accuracy,0.5162222222222222,0.127083694595722,25,False,0,0.3,tox_pulmonary_toxicity,morphology,0.5,False
xgboost,70,636,classification,stratified_5fold_x5,balanced_accuracy,0.5016666666666666,0.0994863350626483,25,True,0,0.4,tox_pulmonary_toxicity,morphology,0.5,
elastic_net,70,41780,classification,stratified_5fold_x5,balanced_accuracy,0.4590555555555556,0.1022864532502643,25,False,0,299.3,tox_pulmonary_toxicity,expression,0.5,False
elastic_net,70,41780,classification,stratified_5fold_x5,balanced_accuracy,0.5597222222222222,0.1294492130738232,25,True,0,292.4,tox_pulmonary_toxicity,expression,0.5,
sparse_plsda,70,41780,classification,stratified_5fold_x5,balanced_accuracy,0.4448888888888889,0.147584313629971,25,False,0,3.4,tox_pulmonary_toxicity,expression,0.5,False
sparse_plsda,70,41780,classification,stratified_5fold_x5,balanced_accuracy,0.6223888888888889,0.115675231831448,25,True,0,3.4,tox_pulmonary_toxicity,expression,0.5,
linear_svm,70,41780,classification,stratified_5fold_x5,balanced_accuracy,0.4823888888888888,0.1060228836235454,25,False,0,3.9,tox_pulmonary_toxicity,expression,0.5,False
linear_svm,70,41780,classification,stratified_5fold_x5,balanced_accuracy,0.4909999999999999,0.1347220045817256,25,True,0,3.9,tox_pulmonary_toxicity,expression,0.5,
xgboost,70,41780,classification,stratified_5fold_x5,balanced_accuracy,0.4788888888888889,0.1357921432662416,25,False,0,57.3,tox_pulmonary_toxicity,expression,0.5,False
xgboost,70,41780,classification,stratified_5fold_x5,balanced_accuracy,0.4868888888888889,0.0966116382325406,25,True,0,63.1,tox_pulmonary_toxicity,expression,0.5,
elastic_net,70,42416,classification,stratified_5fold_x5,balanced_accuracy,0.4623333333333332,0.116404679384963,25,False,0,309.6,tox_pulmonary_toxicity,morphology+expression,0.5,False
elastic_net,70,42416,classification,stratified_5fold_x5,balanced_accuracy,0.544111111111111,0.1395712570784871,25,True,0,309.5,tox_pulmonary_toxicity,morphology+expression,0.5,
sparse_plsda,70,42416,classification,stratified_5fold_x5,balanced_accuracy,0.4485,0.1430185604807128,25,False,0,4.4,tox_pulmonary_toxicity,morphology+expression,0.5,False
sparse_plsda,70,42416,classification,stratified_5fold_x5,balanced_accuracy,0.6128333333333333,0.1199229948398472,25,True,0,3.9,tox_pulmonary_toxicity,morphology+expression,0.5,
linear_svm,70,42416,classification,stratified_5fold_x5,balanced_accuracy,0.4836666666666667,0.132813384347092,25,False,0,5.4,tox_pulmonary_toxicity,morphology+expression,0.5,False
linear_svm,70,42416,classification,stratified_5fold_x5,balanced_accuracy,0.4876666666666666,0.1354350101536107,25,True,0,5.3,tox_pulmonary_toxicity,morphology+expression,0.5,
xgboost,70,42416,classification,stratified_5fold_x5,balanced_accuracy,0.4253333333333333,0.1119815075121394,25,False,0,58.0,tox_pulmonary_toxicity,morphology+expression,0.5,False
xgboost,70,42416,classification,stratified_5fold_x5,balanced_accuracy,0.4617777777777777,0.1053046139938562,25,True,0,48.7,tox_pulmonary_toxicity,morphology+expression,0.5,
elastic_net,70,1660,classification,stratified_5fold_x5,balanced_accuracy,0.5658333333333333,0.1075764155620793,25,False,0,8.5,tox_pulmonary_toxicity,morphology+ecfp,0.5,False
elastic_net,70,1660,classification,stratified_5fold_x5,balanced_accuracy,0.456,0.0834024898227983,25,True,0,6.6,tox_pulmonary_toxicity,morphology+ecfp,0.5,
sparse_plsda,70,1660,classification,stratified_5fold_x5,balanced_accuracy,0.5742222222222222,0.1130968938892992,25,False,0,0.1,tox_pulmonary_toxicity,morphology+ecfp,0.5,False
sparse_plsda,70,1660,classification,stratified_5fold_x5,balanced_accuracy,0.4931666666666667,0.1227186383461406,25,True,0,0.1,tox_pulmonary_toxicity,morphology+ecfp,0.5,
linear_svm,70,1660,classification,stratified_5fold_x5,balanced_accuracy,0.5671666666666666,0.1131267725459657,25,False,0,0.1,tox_pulmonary_toxicity,morphology+ecfp,0.5,False
linear_svm,70,1660,classification,stratified_5fold_x5,balanced_accuracy,0.4482777777777778,0.117164467078031,25,True,0,0.1,tox_pulmonary_toxicity,morphology+ecfp,0.5,
xgboost,70,1660,classification,stratified_5fold_x5,balanced_accuracy,0.5567777777777777,0.1399235461437141,25,False,0,0.4,tox_pulmonary_toxicity,morphology+ecfp,0.5,False
xgboost,70,1660,classification,stratified_5fold_x5,balanced_accuracy,0.4702222222222222,0.1355857662145994,25,True,0,0.4,tox_pulmonary_toxicity,morphology+ecfp,0.5,
elastic_net,70,1024,classification,stratified_5fold_x5,balanced_accuracy,0.6449444444444445,0.1180852119613231,25,False,0,4.7,tox_renal_toxicity,ecfp,0.5,False
elastic_net,70,1024,classification,stratified_5fold_x5,balanced_accuracy,0.5557222222222222,0.1087316892488734,25,True,0,3.0,tox_renal_toxicity,ecfp,0.5,
sparse_plsda,70,1024,classification,stratified_5fold_x5,balanced_accuracy,0.6393888888888888,0.1061582792198214,25,False,0,0.1,tox_renal_toxicity,ecfp,0.5,False
sparse_plsda,70,1024,classification,stratified_5fold_x5,balanced_accuracy,0.5528333333333333,0.1024457700564993,25,True,0,0.1,tox_renal_toxicity,ecfp,0.5,
linear_svm,70,1024,classification,stratified_5fold_x5,balanced_accuracy,0.6100555555555556,0.1230322149923585,25,False,0,0.1,tox_renal_toxicity,ecfp,0.5,False
linear_svm,70,1024,classification,stratified_5fold_x5,balanced_accuracy,0.5943333333333334,0.1120122623357829,25,True,0,0.2,tox_renal_toxicity,ecfp,0.5,
xgboost,70,1024,classification,stratified_5fold_x5,balanced_accuracy,0.586111111111111,0.1108657012051234,25,False,0,0.2,tox_renal_toxicity,ecfp,0.5,False
xgboost,70,1024,classification,stratified_5fold_x5,balanced_accuracy,0.4977777777777777,0.0502585905684384,25,True,0,0.2,tox_renal_toxicity,ecfp,0.5,
elastic_net,70,636,classification,stratified_5fold_x5,balanced_accuracy,0.4644444444444444,0.0730011415435859,25,False,0,4.3,tox_renal_toxicity,morphology,0.5,False
elastic_net,70,636,classification,stratified_5fold_x5,balanced_accuracy,0.4623888888888889,0.0997395682840139,25,True,0,2.8,tox_renal_toxicity,morphology,0.5,
sparse_plsda,70,636,classification,stratified_5fold_x5,balanced_accuracy,0.3937777777777778,0.1370985272453337,25,False,0,0.1,tox_renal_toxicity,morphology,0.5,False
sparse_plsda,70,636,classification,stratified_5fold_x5,balanced_accuracy,0.4600555555555555,0.1011929461260962,25,True,0,0.1,tox_renal_toxicity,morphology,0.5,
linear_svm,70,636,classification,stratified_5fold_x5,balanced_accuracy,0.4659999999999999,0.1228205807742676,25,False,0,0.1,tox_renal_toxicity,morphology,0.5,False
linear_svm,70,636,classification,stratified_5fold_x5,balanced_accuracy,0.4473888888888889,0.1376653439089891,25,True,0,0.1,tox_renal_toxicity,morphology,0.5,
xgboost,70,636,classification,stratified_5fold_x5,balanced_accuracy,0.4384444444444444,0.0657503227237068,25,False,0,0.3,tox_renal_toxicity,morphology,0.5,False
xgboost,70,636,classification,stratified_5fold_x5,balanced_accuracy,0.4376666666666666,0.0959956917757571,25,True,0,0.3,tox_renal_toxicity,morphology,0.5,
elastic_net,70,41780,classification,stratified_5fold_x5,balanced_accuracy,0.6271111111111112,0.1031301167828987,25,False,0,289.9,tox_renal_toxicity,expression,0.5,False
elastic_net,70,41780,classification,stratified_5fold_x5,balanced_accuracy,0.4750555555555555,0.1024389911780677,25,True,0,291.4,tox_renal_toxicity,expression,0.5,
sparse_plsda,70,41780,classification,stratified_5fold_x5,balanced_accuracy,0.514611111111111,0.1101648035926959,25,False,0,3.6,tox_renal_toxicity,expression,0.5,False
sparse_plsda,70,41780,classification,stratified_5fold_x5,balanced_accuracy,0.5390555555555555,0.100521264871459,25,True,0,3.7,tox_renal_toxicity,expression,0.5,
linear_svm,70,41780,classification,stratified_5fold_x5,balanced_accuracy,0.6202222222222222,0.0981763341778078,25,False,0,3.8,tox_renal_toxicity,expression,0.5,False
linear_svm,70,41780,classification,stratified_5fold_x5,balanced_accuracy,0.5013888888888889,0.1272404159722457,25,True,0,3.9,tox_renal_toxicity,expression,0.5,
xgboost,70,41780,classification,stratified_5fold_x5,balanced_accuracy,0.5297222222222223,0.0890129342800011,25,False,0,59.2,tox_renal_toxicity,expression,0.5,False
xgboost,70,41780,classification,stratified_5fold_x5,balanced_accuracy,0.5066666666666666,0.092911580163051,25,True,0,64.6,tox_renal_toxicity,expression,0.5,
elastic_net,70,42416,classification,stratified_5fold_x5,balanced_accuracy,0.65,0.1035667912359632,25,False,0,302.9,tox_renal_toxicity,morphology+expression,0.5,False
elastic_net,70,42416,classification,stratified_5fold_x5,balanced_accuracy,0.4873888888888888,0.1216266550139258,25,True,0,299.2,tox_renal_toxicity,morphology+expression,0.5,
sparse_plsda,70,42416,classification,stratified_5fold_x5,balanced_accuracy,0.5129444444444444,0.1119349458335752,25,False,0,5.8,tox_renal_toxicity,morphology+expression,0.5,False
sparse_plsda,70,42416,classification,stratified_5fold_x5,balanced_accuracy,0.5442222222222222,0.1049468413349007,25,True,0,4.2,tox_renal_toxicity,morphology+expression,0.5,
linear_svm,70,42416,classification,stratified_5fold_x5,balanced_accuracy,0.623,0.0984369197023851,25,False,0,5.3,tox_renal_toxicity,morphology+expression,0.5,False
linear_svm,70,42416,classification,stratified_5fold_x5,balanced_accuracy,0.5002777777777777,0.0917499621556083,25,True,0,4.7,tox_renal_toxicity,morphology+expression,0.5,
xgboost,70,42416,classification,stratified_5fold_x5,balanced_accuracy,0.5218888888888888,0.084010471128659,25,False,0,65.5,tox_renal_toxicity,morphology+expression,0.5,False
xgboost,70,42416,classification,stratified_5fold_x5,balanced_accuracy,0.5058888888888889,0.0855945798445522,25,True,0,48.0,tox_renal_toxicity,morphology+expression,0.5,
elastic_net,70,1660,classification,stratified_5fold_x5,balanced_accuracy,0.6324444444444445,0.1191403622872027,25,False,0,8.5,tox_renal_toxicity,morphology+ecfp,0.5,False
elastic_net,70,1660,classification,stratified_5fold_x5,balanced_accuracy,0.5702222222222222,0.1070833009079069,25,True,0,6.7,tox_renal_toxicity,morphology+ecfp,0.5,
sparse_plsda,70,1660,classification,stratified_5fold_x5,balanced_accuracy,0.6367222222222223,0.0958217223239897,25,False,0,0.1,tox_renal_toxicity,morphology+ecfp,0.5,False
sparse_plsda,70,1660,classification,stratified_5fold_x5,balanced_accuracy,0.5294444444444444,0.1018645614965719,25,True,0,0.1,tox_renal_toxicity,morphology+ecfp,0.5,
linear_svm,70,1660,classification,stratified_5fold_x5,balanced_accuracy,0.5443888888888889,0.0975347991079954,25,False,0,0.1,tox_renal_toxicity,morphology+ecfp,0.5,False
linear_svm,70,1660,classification,stratified_5fold_x5,balanced_accuracy,0.5530555555555555,0.104969131264951,25,True,0,0.2,tox_renal_toxicity,morphology+ecfp,0.5,
xgboost,70,1660,classification,stratified_5fold_x5,balanced_accuracy,0.4941666666666667,0.0829044519199551,25,False,0,0.4,tox_renal_toxicity,morphology+ecfp,0.5,False
xgboost,70,1660,classification,stratified_5fold_x5,balanced_accuracy,0.4375555555555556,0.0860057419845965,25,True,0,0.4,tox_renal_toxicity,morphology+ecfp,0.5,
elastic_net,70,1024,classification,stratified_5fold_x5,balanced_accuracy,0.5413333333333333,0.1092964876938972,25,False,0,4.7,tox_infertility,ecfp,0.5,False
elastic_net,70,1024,classification,stratified_5fold_x5,balanced_accuracy,0.4561111111111111,0.0729514467316921,25,True,0,3.1,tox_infertility,ecfp,0.5,
sparse_plsda,70,1024,classification,stratified_5fold_x5,balanced_accuracy,0.5356666666666666,0.1167088019150417,25,False,0,0.1,tox_infertility,ecfp,0.5,False
sparse_plsda,70,1024,classification,stratified_5fold_x5,balanced_accuracy,0.4244444444444444,0.132878274380988,25,True,0,0.1,tox_infertility,ecfp,0.5,
linear_svm,70,1024,classification,stratified_5fold_x5,balanced_accuracy,0.5948333333333333,0.1051751331920968,25,False,0,0.1,tox_infertility,ecfp,0.5,False
linear_svm,70,1024,classification,stratified_5fold_x5,balanced_accuracy,0.4187777777777777,0.1093542493543431,25,True,0,0.1,tox_infertility,ecfp,0.5,
xgboost,70,1024,classification,stratified_5fold_x5,balanced_accuracy,0.5065555555555555,0.0561970189447056,25,False,0,0.2,tox_infertility,ecfp,0.5,False
xgboost,70,1024,classification,stratified_5fold_x5,balanced_accuracy,0.5017777777777778,0.008709296863229,25,True,0,0.3,tox_infertility,ecfp,0.5,
elastic_net,70,636,classification,stratified_5fold_x5,balanced_accuracy,0.4686111111111111,0.0815815883368027,25,False,0,4.5,tox_infertility,morphology,0.5,False
elastic_net,70,636,classification,stratified_5fold_x5,balanced_accuracy,0.4902777777777778,0.0543039570665565,25,True,0,2.7,tox_infertility,morphology,0.5,
sparse_plsda,70,636,classification,stratified_5fold_x5,balanced_accuracy,0.4509999999999999,0.1121785668663917,25,False,0,0.1,tox_infertility,morphology,0.5,False
sparse_plsda,70,636,classification,stratified_5fold_x5,balanced_accuracy,0.4392777777777777,0.1179673003447026,25,True,0,0.1,tox_infertility,morphology,0.5,
linear_svm,70,636,classification,stratified_5fold_x5,balanced_accuracy,0.4374444444444444,0.1321226749447948,25,False,0,0.1,tox_infertility,morphology,0.5,False
linear_svm,70,636,classification,stratified_5fold_x5,balanced_accuracy,0.4961111111111111,0.0873044552198487,25,True,0,0.1,tox_infertility,morphology,0.5,
xgboost,70,636,classification,stratified_5fold_x5,balanced_accuracy,0.4643333333333333,0.0817910239875884,25,False,0,0.3,tox_infertility,morphology,0.5,False
xgboost,70,636,classification,stratified_5fold_x5,balanced_accuracy,0.5197222222222222,0.0825855336628054,25,True,0,0.3,tox_infertility,morphology,0.5,
elastic_net,70,41780,classification,stratified_5fold_x5,balanced_accuracy,0.4618888888888889,0.0920606684022371,25,False,0,281.4,tox_infertility,expression,0.5,False
elastic_net,70,41780,classification,stratified_5fold_x5,balanced_accuracy,0.4429999999999999,0.1059484500786777,25,True,0,277.9,tox_infertility,expression,0.5,
sparse_plsda,70,41780,classification,stratified_5fold_x5,balanced_accuracy,0.4887777777777777,0.1461216303775643,25,False,0,3.3,tox_infertility,expression,0.5,False
sparse_plsda,70,41780,classification,stratified_5fold_x5,balanced_accuracy,0.4748888888888888,0.1175278532786858,25,True,0,3.2,tox_infertility,expression,0.5,
linear_svm,70,41780,classification,stratified_5fold_x5,balanced_accuracy,0.3972222222222222,0.135736445791281,25,False,0,3.5,tox_infertility,expression,0.5,False
linear_svm,70,41780,classification,stratified_5fold_x5,balanced_accuracy,0.3792222222222222,0.0867160471856632,25,True,0,3.4,tox_infertility,expression,0.5,
xgboost,70,41780,classification,stratified_5fold_x5,balanced_accuracy,0.474,0.0519102977485746,25,False,0,45.3,tox_infertility,expression,0.5,False
xgboost,70,41780,classification,stratified_5fold_x5,balanced_accuracy,0.497111111111111,0.0587405364061646,25,True,0,45.3,tox_infertility,expression,0.5,
elastic_net,70,42416,classification,stratified_5fold_x5,balanced_accuracy,0.4445,0.1025556759358869,25,False,0,276.3,tox_infertility,morphology+expression,0.5,False
elastic_net,70,42416,classification,stratified_5fold_x5,balanced_accuracy,0.4704444444444444,0.0941978152350771,25,True,0,266.1,tox_infertility,morphology+expression,0.5,
sparse_plsda,70,42416,classification,stratified_5fold_x5,balanced_accuracy,0.4871111111111111,0.1485773689627772,25,False,0,3.2,tox_infertility,morphology+expression,0.5,False
sparse_plsda,70,42416,classification,stratified_5fold_x5,balanced_accuracy,0.4667222222222221,0.1222932117070674,25,True,0,3.2,tox_infertility,morphology+expression,0.5,
linear_svm,70,42416,classification,stratified_5fold_x5,balanced_accuracy,0.3739444444444444,0.1285395649326946,25,False,0,3.3,tox_infertility,morphology+expression,0.5,False
linear_svm,70,42416,classification,stratified_5fold_x5,balanced_accuracy,0.3747222222222222,0.1056914330130199,25,True,0,3.3,tox_infertility,morphology+expression,0.5,
xgboost,70,42416,classification,stratified_5fold_x5,balanced_accuracy,0.467,0.0559420996970842,25,False,0,46.2,tox_infertility,morphology+expression,0.5,False
xgboost,70,42416,classification,stratified_5fold_x5,balanced_accuracy,0.4964444444444444,0.0402328868611883,25,True,0,46.1,tox_infertility,morphology+expression,0.5,
elastic_net,70,1660,classification,stratified_5fold_x5,balanced_accuracy,0.5252222222222223,0.114630835271587,25,False,0,8.9,tox_infertility,morphology+ecfp,0.5,False
elastic_net,70,1660,classification,stratified_5fold_x5,balanced_accuracy,0.4606666666666666,0.0575566280466356,25,True,0,6.6,tox_infertility,morphology+ecfp,0.5,
sparse_plsda,70,1660,classification,stratified_5fold_x5,balanced_accuracy,0.5266111111111111,0.1174449437601075,25,False,0,0.1,tox_infertility,morphology+ecfp,0.5,False
sparse_plsda,70,1660,classification,stratified_5fold_x5,balanced_accuracy,0.4175,0.1017372250602647,25,True,0,0.1,tox_infertility,morphology+ecfp,0.5,
linear_svm,70,1660,classification,stratified_5fold_x5,balanced_accuracy,0.5614444444444444,0.1563616415971735,25,False,0,0.1,tox_infertility,morphology+ecfp,0.5,False
linear_svm,70,1660,classification,stratified_5fold_x5,balanced_accuracy,0.4512222222222222,0.097648525682169,25,True,0,0.2,tox_infertility,morphology+ecfp,0.5,
xgboost,70,1660,classification,stratified_5fold_x5,balanced_accuracy,0.4814444444444444,0.0949170202900446,25,False,0,0.4,tox_infertility,morphology+ecfp,0.5,False
xgboost,70,1660,classification,stratified_5fold_x5,balanced_accuracy,0.4993333333333333,0.0749641066374476,25,True,0,0.4,tox_infertility,morphology+ecfp,0.5,
elastic_net,70,1024,classification,stratified_5fold_x5,balanced_accuracy,0.6714545454545454,0.0992410871989507,25,False,0,5.1,tox_liver_toxicity,ecfp,0.5,False
elastic_net,70,1024,classification,stratified_5fold_x5,balanced_accuracy,0.477060606060606,0.0634345718325682,25,True,0,3.3,tox_liver_toxicity,ecfp,0.5,
sparse_plsda,70,1024,classification,stratified_5fold_x5,balanced_accuracy,0.6403333333333333,0.1034677167593186,25,False,0,0.1,tox_liver_toxicity,ecfp,0.5,False
sparse_plsda,70,1024,classification,stratified_5fold_x5,balanced_accuracy,0.440030303030303,0.0710222096950837,25,True,0,0.1,tox_liver_toxicity,ecfp,0.5,
linear_svm,70,1024,classification,stratified_5fold_x5,balanced_accuracy,0.7081818181818181,0.1261310627696787,25,False,0,0.1,tox_liver_toxicity,ecfp,0.5,False
linear_svm,70,1024,classification,stratified_5fold_x5,balanced_accuracy,0.4790303030303031,0.137200415765834,25,True,0,0.2,tox_liver_toxicity,ecfp,0.5,
xgboost,70,1024,classification,stratified_5fold_x5,balanced_accuracy,0.5,0.0,25,False,0,0.2,tox_liver_toxicity,ecfp,0.5,True
xgboost,70,1024,classification,stratified_5fold_x5,balanced_accuracy,0.5,0.0,25,True,0,0.3,tox_liver_toxicity,ecfp,0.5,
elastic_net,70,636,classification,stratified_5fold_x5,balanced_accuracy,0.4764242424242424,0.0730373189135959,25,False,0,4.1,tox_liver_toxicity,morphology,0.5,False
elastic_net,70,636,classification,stratified_5fold_x5,balanced_accuracy,0.482969696969697,0.070713314298653,25,True,0,2.5,tox_liver_toxicity,morphology,0.5,
sparse_plsda,70,636,classification,stratified_5fold_x5,balanced_accuracy,0.5082424242424242,0.1534607387806648,25,False,0,0.1,tox_liver_toxicity,morphology,0.5,False
sparse_plsda,70,636,classification,stratified_5fold_x5,balanced_accuracy,0.433,0.1007727443583315,25,True,0,0.1,tox_liver_toxicity,morphology,0.5,
linear_svm,70,636,classification,stratified_5fold_x5,balanced_accuracy,0.4076666666666665,0.0875821325141198,25,False,0,0.1,tox_liver_toxicity,morphology,0.5,False
linear_svm,70,636,classification,stratified_5fold_x5,balanced_accuracy,0.4758787878787879,0.1200152423744745,25,True,0,0.1,tox_liver_toxicity,morphology,0.5,
xgboost,70,636,classification,stratified_5fold_x5,balanced_accuracy,0.5,0.0,25,False,0,0.3,tox_liver_toxicity,morphology,0.5,True
xgboost,70,636,classification,stratified_5fold_x5,balanced_accuracy,0.5,0.0,25,True,0,0.3,tox_liver_toxicity,morphology,0.5,
elastic_net,70,41780,classification,stratified_5fold_x5,balanced_accuracy,0.709,0.1170235234920956,25,False,0,293.0,tox_liver_toxicity,expression,0.5,False
elastic_net,70,41780,classification,stratified_5fold_x5,balanced_accuracy,0.4955454545454544,0.1019354303268636,25,True,0,267.4,tox_liver_toxicity,expression,0.5,
sparse_plsda,70,41780,classification,stratified_5fold_x5,balanced_accuracy,0.5895757575757574,0.1079367141041776,25,False,0,4.3,tox_liver_toxicity,expression,0.5,False
sparse_plsda,70,41780,classification,stratified_5fold_x5,balanced_accuracy,0.5238787878787879,0.0987379312288893,25,True,0,4.4,tox_liver_toxicity,expression,0.5,
linear_svm,70,41780,classification,stratified_5fold_x5,balanced_accuracy,0.689878787878788,0.1165674272925394,25,False,0,5.2,tox_liver_toxicity,expression,0.5,False
linear_svm,70,41780,classification,stratified_5fold_x5,balanced_accuracy,0.4706060606060605,0.1330987950967188,25,True,0,5.5,tox_liver_toxicity,expression,0.5,
xgboost,70,41780,classification,stratified_5fold_x5,balanced_accuracy,0.5,0.0,25,False,0,61.6,tox_liver_toxicity,expression,0.5,True
xgboost,70,41780,classification,stratified_5fold_x5,balanced_accuracy,0.5,0.0,25,True,0,61.5,tox_liver_toxicity,expression,0.5,
elastic_net,70,42416,classification,stratified_5fold_x5,balanced_accuracy,0.7029393939393939,0.1321994347256502,25,False,0,295.0,tox_liver_toxicity,morphology+expression,0.5,False
elastic_net,70,42416,classification,stratified_5fold_x5,balanced_accuracy,0.4679090909090909,0.0961835748631848,25,True,0,274.1,tox_liver_toxicity,morphology+expression,0.5,
sparse_plsda,70,42416,classification,stratified_5fold_x5,balanced_accuracy,0.5895757575757574,0.1079367141041776,25,False,0,4.3,tox_liver_toxicity,morphology+expression,0.5,False
sparse_plsda,70,42416,classification,stratified_5fold_x5,balanced_accuracy,0.5238787878787879,0.0987379312288893,25,True,0,4.3,tox_liver_toxicity,morphology+expression,0.5,
linear_svm,70,42416,classification,stratified_5fold_x5,balanced_accuracy,0.6818484848484849,0.1170219854866426,25,False,0,5.1,tox_liver_toxicity,morphology+expression,0.5,False
linear_svm,70,42416,classification,stratified_5fold_x5,balanced_accuracy,0.4916060606060606,0.1298121338036033,25,True,0,5.5,tox_liver_toxicity,morphology+expression,0.5,
xgboost,70,42416,classification,stratified_5fold_x5,balanced_accuracy,0.5,0.0,25,False,0,63.2,tox_liver_toxicity,morphology+expression,0.5,True
xgboost,70,42416,classification,stratified_5fold_x5,balanced_accuracy,0.5,0.0,25,True,0,63.7,tox_liver_toxicity,morphology+expression,0.5,
elastic_net,70,1660,classification,stratified_5fold_x5,balanced_accuracy,0.6530606060606061,0.0954135265401712,25,False,0,7.7,tox_liver_toxicity,morphology+ecfp,0.5,False
elastic_net,70,1660,classification,stratified_5fold_x5,balanced_accuracy,0.4755757575757576,0.0549865498204517,25,True,0,5.4,tox_liver_toxicity,morphology+ecfp,0.5,
sparse_plsda,70,1660,classification,stratified_5fold_x5,balanced_accuracy,0.6083939393939394,0.0946674911693424,25,False,0,0.1,tox_liver_toxicity,morphology+ecfp,0.5,False
sparse_plsda,70,1660,classification,stratified_5fold_x5,balanced_accuracy,0.4235757575757575,0.0586268961114129,25,True,0,0.1,tox_liver_toxicity,morphology+ecfp,0.5,
linear_svm,70,1660,classification,stratified_5fold_x5,balanced_accuracy,0.6195454545454545,0.0901378904906922,25,False,0,0.1,tox_liver_toxicity,morphology+ecfp,0.5,False
linear_svm,70,1660,classification,stratified_5fold_x5,balanced_accuracy,0.465121212121212,0.1277817167117561,25,True,0,0.2,tox_liver_toxicity,morphology+ecfp,0.5,
xgboost,70,1660,classification,stratified_5fold_x5,balanced_accuracy,0.5,0.0,25,False,0,0.4,tox_liver_toxicity,morphology+ecfp,0.5,True
xgboost,70,1660,classification,stratified_5fold_x5,balanced_accuracy,0.5,0.0,25,True,0,0.4,tox_liver_toxicity,morphology+ecfp,0.5,
