model,n,n_features,kind,cv_scheme,scoring,score_mean,score_std,n_folds,permuted,n_trials,seconds,target,block,chance,degenerate,permuted_score,gap_vs_permuted
linear_svm,64,42416,classification,stratified_5fold_x5,balanced_accuracy,0.7120000000000001,0.1512554865855193,25,False,0,3.5,moa-fine,morphology+expression,0.5,False,0.3986666666666666,0.31333333333333346
linear_svm,64,41780,classification,stratified_5fold_x5,balanced_accuracy,0.6940000000000001,0.1933264366585985,25,False,0,4.3,moa-fine,expression,0.5,False,0.3853333333333333,0.30866666666666676
elastic_net,64,1660,classification,stratified_5fold_x5,balanced_accuracy,0.7593333333333334,0.1368762620439026,25,False,0,7.4,moa-fine,morphology+ecfp,0.5,False,0.4533333333333333,0.3060000000000001
linear_svm,64,1660,classification,stratified_5fold_x5,balanced_accuracy,0.77,0.1314872194887734,25,False,0,0.1,moa-fine,morphology+ecfp,0.5,False,0.476,0.29400000000000004
elastic_net,64,42416,classification,stratified_5fold_x5,balanced_accuracy,0.7060000000000001,0.1452109576520388,25,False,0,258.3,moa-fine,morphology+expression,0.5,False,0.4393333333333333,0.2666666666666668
elastic_net,64,41780,classification,stratified_5fold_x5,balanced_accuracy,0.6866666666666668,0.1744196726926817,25,False,0,260.0,moa-fine,expression,0.5,False,0.4386666666666666,0.24800000000000016
sparse_plsda,64,1660,classification,stratified_5fold_x5,balanced_accuracy,0.7133333333333333,0.1322455628325158,25,False,0,0.1,moa-fine,morphology+ecfp,0.5,False,0.4793333333333334,0.23399999999999987
linear_svm,64,636,classification,stratified_5fold_x5,balanced_accuracy,0.7406666666666666,0.1316628691435482,25,False,0,0.1,moa-fine,morphology,0.5,False,0.5073333333333333,0.23333333333333328
elastic_net,64,636,classification,stratified_5fold_x5,balanced_accuracy,0.6993333333333333,0.132117792560696,25,False,0,4.1,moa-fine,morphology,0.5,False,0.4973333333333333,0.20199999999999996
elastic_net,64,1024,classification,stratified_5fold_x5,balanced_accuracy,0.6626666666666666,0.1412861556479536,25,False,0,4.7,moa-fine,ecfp,0.5,False,0.4613333333333334,0.20133333333333325
sparse_plsda,64,636,classification,stratified_5fold_x5,balanced_accuracy,0.6926666666666665,0.1493749941887493,25,False,0,0.1,moa-fine,morphology,0.5,False,0.4933333333333333,0.19933333333333325
sparse_plsda,64,1024,classification,stratified_5fold_x5,balanced_accuracy,0.6368055555555556,0.1197972019655109,24,False,0,0.1,moa-fine,ecfp,0.5,False,0.476,0.16080555555555565
linear_svm,64,1024,classification,stratified_5fold_x5,balanced_accuracy,0.6826666666666666,0.1351114766076928,25,False,0,0.2,moa-fine,ecfp,0.5,False,0.5293333333333333,0.15333333333333332
sparse_plsda,64,42416,classification,stratified_5fold_x5,balanced_accuracy,0.5559999999999999,0.1234575950591043,25,False,0,2.8,moa-fine,morphology+expression,0.5,False,0.4773333333333333,0.07866666666666666
sparse_plsda,64,41780,classification,stratified_5fold_x5,balanced_accuracy,0.5506666666666666,0.1460958589419973,25,False,0,3.4,moa-fine,expression,0.5,False,0.476,0.07466666666666666
xgboost,64,1024,classification,stratified_5fold_x5,balanced_accuracy,0.5,0.0,25,False,0,0.2,moa-fine,ecfp,0.5,True,0.5,0.0
xgboost,64,636,classification,stratified_5fold_x5,balanced_accuracy,0.5,0.0,25,False,0,0.3,moa-fine,morphology,0.5,True,0.5,0.0
xgboost,64,41780,classification,stratified_5fold_x5,balanced_accuracy,0.5,0.0,25,False,0,38.8,moa-fine,expression,0.5,True,0.5,0.0
xgboost,64,42416,classification,stratified_5fold_x5,balanced_accuracy,0.5,0.0,25,False,0,41.0,moa-fine,morphology+expression,0.5,True,0.5,0.0
xgboost,64,1660,classification,stratified_5fold_x5,balanced_accuracy,0.5,0.0,25,False,0,0.4,moa-fine,morphology+ecfp,0.5,True,0.5,0.0
sparse_plsda,70,1024,classification,stratified_5fold_x5,balanced_accuracy,0.5310714285714286,0.1205914186392759,25,False,0,0.1,tox_cardiotoxicity,ecfp,0.5,False,0.3820238095238095,0.14904761904761915
linear_svm,70,1024,classification,stratified_5fold_x5,balanced_accuracy,0.5389285714285714,0.1188507896653683,25,False,0,0.1,tox_cardiotoxicity,ecfp,0.5,False,0.4336904761904761,0.1052380952380953
elastic_net,70,1024,classification,stratified_5fold_x5,balanced_accuracy,0.518095238095238,0.0755456342692471,25,False,0,4.5,tox_cardiotoxicity,ecfp,0.5,False,0.4322619047619047,0.08583333333333337
xgboost,70,42416,classification,stratified_5fold_x5,balanced_accuracy,0.5842857142857142,0.0970757237682249,25,False,0,45.0,tox_cardiotoxicity,morphology+expression,0.5,False,0.505,0.07928571428571418
xgboost,70,41780,classification,stratified_5fold_x5,balanced_accuracy,0.5769047619047619,0.1136411635762188,25,False,0,51.4,tox_cardiotoxicity,expression,0.5,False,0.5025,0.07440476190476197
sparse_plsda,70,42416,classification,stratified_5fold_x5,balanced_accuracy,0.5052380952380953,0.105645220897174,25,False,0,5.5,tox_cardiotoxicity,morphology+expression,0.5,False,0.4588095238095239,0.046428571428571375
sparse_plsda,70,41780,classification,stratified_5fold_x5,balanced_accuracy,0.4995238095238095,0.109564821513927,25,False,0,3.5,tox_cardiotoxicity,expression,0.5,False,0.4616666666666667,0.037857142857142756
linear_svm,70,41780,classification,stratified_5fold_x5,balanced_accuracy,0.5526190476190476,0.1005361195683843,25,False,0,5.4,tox_cardiotoxicity,expression,0.5,False,0.5208333333333334,0.031785714285714195
linear_svm,70,42416,classification,stratified_5fold_x5,balanced_accuracy,0.5434523809523809,0.0969525739075636,25,False,0,5.8,tox_cardiotoxicity,morphology+expression,0.5,False,0.5129761904761905,0.030476190476190435
linear_svm,70,1660,classification,stratified_5fold_x5,balanced_accuracy,0.4776190476190476,0.1119051418433266,25,False,0,0.1,tox_cardiotoxicity,morphology+ecfp,0.5,False,0.4489285714285714,0.02869047619047621
xgboost,70,636,classification,stratified_5fold_x5,balanced_accuracy,0.4971428571428571,0.1263994227002517,25,False,0,0.3,tox_cardiotoxicity,morphology,0.5,False,0.4716666666666666,0.025476190476190486
xgboost,70,1024,classification,stratified_5fold_x5,balanced_accuracy,0.5163095238095238,0.0914039215282818,25,False,0,0.3,tox_cardiotoxicity,ecfp,0.5,False,0.4914285714285713,0.024880952380952448
sparse_plsda,70,1660,classification,stratified_5fold_x5,balanced_accuracy,0.3988095238095238,0.1221065340959862,25,False,0,0.1,tox_cardiotoxicity,morphology+ecfp,0.5,False,0.3777380952380952,0.021071428571428574
elastic_net,70,1660,classification,stratified_5fold_x5,balanced_accuracy,0.4579761904761905,0.0662578879058981,25,False,0,8.2,tox_cardiotoxicity,morphology+ecfp,0.5,False,0.4417857142857143,0.0161904761904762
xgboost,70,1660,classification,stratified_5fold_x5,balanced_accuracy,0.474047619047619,0.1282583268747039,25,False,0,0.4,tox_cardiotoxicity,morphology+ecfp,0.5,False,0.4802380952380952,-0.006190476190476191
elastic_net,70,41780,classification,stratified_5fold_x5,balanced_accuracy,0.5232142857142857,0.0774861921720525,25,False,0,289.0,tox_cardiotoxicity,expression,0.5,False,0.55,-0.0267857142857143
elastic_net,70,42416,classification,stratified_5fold_x5,balanced_accuracy,0.5183333333333333,0.0762633579987311,25,False,0,277.4,tox_cardiotoxicity,morphology+expression,0.5,False,0.5528571428571428,-0.03452380952380951
elastic_net,70,636,classification,stratified_5fold_x5,balanced_accuracy,0.4622619047619048,0.0918239220087076,25,False,0,4.4,tox_cardiotoxicity,morphology,0.5,False,0.5020238095238094,-0.03976190476190461
sparse_plsda,70,636,classification,stratified_5fold_x5,balanced_accuracy,0.4257142857142857,0.1161201973248296,25,False,0,0.1,tox_cardiotoxicity,morphology,0.5,False,0.5191666666666667,-0.09345238095238095
linear_svm,70,636,classification,stratified_5fold_x5,balanced_accuracy,0.3701190476190475,0.1243403227960096,25,False,0,0.1,tox_cardiotoxicity,morphology,0.5,False,0.5225,-0.15238095238095245
linear_svm,70,1024,classification,stratified_5fold_x5,balanced_accuracy,0.5948333333333333,0.1051751331920968,25,False,0,0.1,tox_infertility,ecfp,0.5,False,0.4187777777777777,0.17605555555555563
sparse_plsda,70,1024,classification,stratified_5fold_x5,balanced_accuracy,0.5356666666666666,0.1167088019150417,25,False,0,0.1,tox_infertility,ecfp,0.5,False,0.4244444444444444,0.11122222222222222
linear_svm,70,1660,classification,stratified_5fold_x5,balanced_accuracy,0.5614444444444444,0.1563616415971735,25,False,0,0.1,tox_infertility,morphology+ecfp,0.5,False,0.4512222222222222,0.11022222222222222
sparse_plsda,70,1660,classification,stratified_5fold_x5,balanced_accuracy,0.5266111111111111,0.1174449437601075,25,False,0,0.1,tox_infertility,morphology+ecfp,0.5,False,0.4175,0.10911111111111116
elastic_net,70,1024,classification,stratified_5fold_x5,balanced_accuracy,0.5413333333333333,0.1092964876938972,25,False,0,4.7,tox_infertility,ecfp,0.5,False,0.4561111111111111,0.08522222222222225
elastic_net,70,1660,classification,stratified_5fold_x5,balanced_accuracy,0.5252222222222223,0.114630835271587,25,False,0,8.9,tox_infertility,morphology+ecfp,0.5,False,0.4606666666666666,0.06455555555555564
sparse_plsda,70,42416,classification,stratified_5fold_x5,balanced_accuracy,0.4871111111111111,0.1485773689627772,25,False,0,3.2,tox_infertility,morphology+expression,0.5,False,0.4667222222222221,0.020388888888889012
elastic_net,70,41780,classification,stratified_5fold_x5,balanced_accuracy,0.4618888888888889,0.0920606684022371,25,False,0,281.4,tox_infertility,expression,0.5,False,0.4429999999999999,0.01888888888888901
linear_svm,70,41780,classification,stratified_5fold_x5,balanced_accuracy,0.3972222222222222,0.135736445791281,25,False,0,3.5,tox_infertility,expression,0.5,False,0.3792222222222222,0.018000000000000016
sparse_plsda,70,41780,classification,stratified_5fold_x5,balanced_accuracy,0.4887777777777777,0.1461216303775643,25,False,0,3.3,tox_infertility,expression,0.5,False,0.4748888888888888,0.013888888888888895
sparse_plsda,70,636,classification,stratified_5fold_x5,balanced_accuracy,0.4509999999999999,0.1121785668663917,25,False,0,0.1,tox_infertility,morphology,0.5,False,0.4392777777777777,0.01172222222222219
xgboost,70,1024,classification,stratified_5fold_x5,balanced_accuracy,0.5065555555555555,0.0561970189447056,25,False,0,0.2,tox_infertility,ecfp,0.5,False,0.5017777777777778,0.00477777777777777
linear_svm,70,42416,classification,stratified_5fold_x5,balanced_accuracy,0.3739444444444444,0.1285395649326946,25,False,0,3.3,tox_infertility,morphology+expression,0.5,False,0.3747222222222222,-0.0007777777777777661
xgboost,70,1660,classification,stratified_5fold_x5,balanced_accuracy,0.4814444444444444,0.0949170202900446,25,False,0,0.4,tox_infertility,morphology+ecfp,0.5,False,0.4993333333333333,-0.0178888888888889
elastic_net,70,636,classification,stratified_5fold_x5,balanced_accuracy,0.4686111111111111,0.0815815883368027,25,False,0,4.5,tox_infertility,morphology,0.5,False,0.4902777777777778,-0.021666666666666723
xgboost,70,41780,classification,stratified_5fold_x5,balanced_accuracy,0.474,0.0519102977485746,25,False,0,45.3,tox_infertility,expression,0.5,False,0.497111111111111,-0.023111111111111027
elastic_net,70,42416,classification,stratified_5fold_x5,balanced_accuracy,0.4445,0.1025556759358869,25,False,0,276.3,tox_infertility,morphology+expression,0.5,False,0.4704444444444444,-0.02594444444444438
xgboost,70,42416,classification,stratified_5fold_x5,balanced_accuracy,0.467,0.0559420996970842,25,False,0,46.2,tox_infertility,morphology+expression,0.5,False,0.4964444444444444,-0.029444444444444384
xgboost,70,636,classification,stratified_5fold_x5,balanced_accuracy,0.4643333333333333,0.0817910239875884,25,False,0,0.3,tox_infertility,morphology,0.5,False,0.5197222222222222,-0.055388888888888876
linear_svm,70,636,classification,stratified_5fold_x5,balanced_accuracy,0.4374444444444444,0.1321226749447948,25,False,0,0.1,tox_infertility,morphology,0.5,False,0.4961111111111111,-0.0586666666666667
elastic_net,70,42416,classification,stratified_5fold_x5,balanced_accuracy,0.7029393939393939,0.1321994347256502,25,False,0,295.0,tox_liver_toxicity,morphology+expression,0.5,False,0.4679090909090909,0.23503030303030298
linear_svm,70,1024,classification,stratified_5fold_x5,balanced_accuracy,0.7081818181818181,0.1261310627696787,25,False,0,0.1,tox_liver_toxicity,ecfp,0.5,False,0.4790303030303031,0.22915151515151505
linear_svm,70,41780,classification,stratified_5fold_x5,balanced_accuracy,0.689878787878788,0.1165674272925394,25,False,0,5.2,tox_liver_toxicity,expression,0.5,False,0.4706060606060605,0.2192727272727275
elastic_net,70,41780,classification,stratified_5fold_x5,balanced_accuracy,0.709,0.1170235234920956,25,False,0,293.0,tox_liver_toxicity,expression,0.5,False,0.4955454545454544,0.21345454545454556
sparse_plsda,70,1024,classification,stratified_5fold_x5,balanced_accuracy,0.6403333333333333,0.1034677167593186,25,False,0,0.1,tox_liver_toxicity,ecfp,0.5,False,0.440030303030303,0.20030303030303032
elastic_net,70,1024,classification,stratified_5fold_x5,balanced_accuracy,0.6714545454545454,0.0992410871989507,25,False,0,5.1,tox_liver_toxicity,ecfp,0.5,False,0.477060606060606,0.1943939393939394
linear_svm,70,42416,classification,stratified_5fold_x5,balanced_accuracy,0.6818484848484849,0.1170219854866426,25,False,0,5.1,tox_liver_toxicity,morphology+expression,0.5,False,0.4916060606060606,0.19024242424242432
sparse_plsda,70,1660,classification,stratified_5fold_x5,balanced_accuracy,0.6083939393939394,0.0946674911693424,25,False,0,0.1,tox_liver_toxicity,morphology+ecfp,0.5,False,0.4235757575757575,0.18481818181818188
elastic_net,70,1660,classification,stratified_5fold_x5,balanced_accuracy,0.6530606060606061,0.0954135265401712,25,False,0,7.7,tox_liver_toxicity,morphology+ecfp,0.5,False,0.4755757575757576,0.17748484848484852
linear_svm,70,1660,classification,stratified_5fold_x5,balanced_accuracy,0.6195454545454545,0.0901378904906922,25,False,0,0.1,tox_liver_toxicity,morphology+ecfp,0.5,False,0.465121212121212,0.15442424242424252
sparse_plsda,70,636,classification,stratified_5fold_x5,balanced_accuracy,0.5082424242424242,0.1534607387806648,25,False,0,0.1,tox_liver_toxicity,morphology,0.5,False,0.433,0.07524242424242417
sparse_plsda,70,41780,classification,stratified_5fold_x5,balanced_accuracy,0.5895757575757574,0.1079367141041776,25,False,0,4.3,tox_liver_toxicity,expression,0.5,False,0.5238787878787879,0.06569696969696948
sparse_plsda,70,42416,classification,stratified_5fold_x5,balanced_accuracy,0.5895757575757574,0.1079367141041776,25,False,0,4.3,tox_liver_toxicity,morphology+expression,0.5,False,0.5238787878787879,0.06569696969696948
xgboost,70,1024,classification,stratified_5fold_x5,balanced_accuracy,0.5,0.0,25,False,0,0.2,tox_liver_toxicity,ecfp,0.5,True,0.5,0.0
xgboost,70,636,classification,stratified_5fold_x5,balanced_accuracy,0.5,0.0,25,False,0,0.3,tox_liver_toxicity,morphology,0.5,True,0.5,0.0
xgboost,70,41780,classification,stratified_5fold_x5,balanced_accuracy,0.5,0.0,25,False,0,61.6,tox_liver_toxicity,expression,0.5,True,0.5,0.0
xgboost,70,42416,classification,stratified_5fold_x5,balanced_accuracy,0.5,0.0,25,False,0,63.2,tox_liver_toxicity,morphology+expression,0.5,True,0.5,0.0
xgboost,70,1660,classification,stratified_5fold_x5,balanced_accuracy,0.5,0.0,25,False,0,0.4,tox_liver_toxicity,morphology+ecfp,0.5,True,0.5,0.0
elastic_net,70,636,classification,stratified_5fold_x5,balanced_accuracy,0.4764242424242424,0.0730373189135959,25,False,0,4.1,tox_liver_toxicity,morphology,0.5,False,0.482969696969697,-0.0065454545454545765
linear_svm,70,636,classification,stratified_5fold_x5,balanced_accuracy,0.4076666666666665,0.0875821325141198,25,False,0,0.1,tox_liver_toxicity,morphology,0.5,False,0.4758787878787879,-0.06821212121212139
linear_svm,70,1660,classification,stratified_5fold_x5,balanced_accuracy,0.5671666666666666,0.1131267725459657,25,False,0,0.1,tox_pulmonary_toxicity,morphology+ecfp,0.5,False,0.4482777777777778,0.11888888888888882
elastic_net,70,1660,classification,stratified_5fold_x5,balanced_accuracy,0.5658333333333333,0.1075764155620793,25,False,0,8.5,tox_pulmonary_toxicity,morphology+ecfp,0.5,False,0.456,0.10983333333333328
sparse_plsda,70,636,classification,stratified_5fold_x5,balanced_accuracy,0.5292777777777777,0.1523863267901441,25,False,0,0.1,tox_pulmonary_toxicity,morphology,0.5,False,0.4273888888888889,0.10188888888888886
xgboost,70,1024,classification,stratified_5fold_x5,balanced_accuracy,0.6583888888888889,0.1092231829956612,25,False,0,0.2,tox_pulmonary_toxicity,ecfp,0.5,False,0.5626111111111111,0.09577777777777785
xgboost,70,1660,classification,stratified_5fold_x5,balanced_accuracy,0.5567777777777777,0.1399235461437141,25,False,0,0.4,tox_pulmonary_toxicity,morphology+ecfp,0.5,False,0.4702222222222222,0.0865555555555555
linear_svm,70,1024,classification,stratified_5fold_x5,balanced_accuracy,0.5466666666666666,0.1015010794809713,25,False,0,0.1,tox_pulmonary_toxicity,ecfp,0.5,False,0.4641111111111111,0.08255555555555555
sparse_plsda,70,1660,classification,stratified_5fold_x5,balanced_accuracy,0.5742222222222222,0.1130968938892992,25,False,0,0.1,tox_pulmonary_toxicity,morphology+ecfp,0.5,False,0.4931666666666667,0.08105555555555549
elastic_net,70,1024,classification,stratified_5fold_x5,balanced_accuracy,0.5603888888888888,0.084687260545878,25,False,0,4.8,tox_pulmonary_toxicity,ecfp,0.5,False,0.5008888888888889,0.059499999999999886
sparse_plsda,70,1024,classification,stratified_5fold_x5,balanced_accuracy,0.5801666666666666,0.1021939272434135,25,False,0,0.1,tox_pulmonary_toxicity,ecfp,0.5,False,0.5260555555555555,0.05411111111111111
xgboost,70,636,classification,stratified_5fold_x5,balanced_accuracy,0.5162222222222222,0.127083694595722,25,False,0,0.3,tox_pulmonary_toxicity,morphology,0.5,False,0.5016666666666666,0.014555555555555655
linear_svm,70,636,classification,stratified_5fold_x5,balanced_accuracy,0.4877222222222221,0.1253345399863112,25,False,0,0.2,tox_pulmonary_toxicity,morphology,0.5,False,0.4790555555555555,0.0086666666666666
linear_svm,70,42416,classification,stratified_5fold_x5,balanced_accuracy,0.4836666666666667,0.132813384347092,25,False,0,5.4,tox_pulmonary_toxicity,morphology+expression,0.5,False,0.4876666666666666,-0.0039999999999998925
elastic_net,70,636,classification,stratified_5fold_x5,balanced_accuracy,0.4785,0.1199537719598988,25,False,0,4.5,tox_pulmonary_toxicity,morphology,0.5,False,0.4848888888888888,-0.006388888888888833
xgboost,70,41780,classification,stratified_5fold_x5,balanced_accuracy,0.4788888888888889,0.1357921432662416,25,False,0,57.3,tox_pulmonary_toxicity,expression,0.5,False,0.4868888888888889,-0.008000000000000007
linear_svm,70,41780,classification,stratified_5fold_x5,balanced_accuracy,0.4823888888888888,0.1060228836235454,25,False,0,3.9,tox_pulmonary_toxicity,expression,0.5,False,0.4909999999999999,-0.00861111111111107
xgboost,70,42416,classification,stratified_5fold_x5,balanced_accuracy,0.4253333333333333,0.1119815075121394,25,False,0,58.0,tox_pulmonary_toxicity,morphology+expression,0.5,False,0.4617777777777777,-0.03644444444444439
elastic_net,70,42416,classification,stratified_5fold_x5,balanced_accuracy,0.4623333333333332,0.116404679384963,25,False,0,309.6,tox_pulmonary_toxicity,morphology+expression,0.5,False,0.544111111111111,-0.08177777777777778
elastic_net,70,41780,classification,stratified_5fold_x5,balanced_accuracy,0.4590555555555556,0.1022864532502643,25,False,0,299.3,tox_pulmonary_toxicity,expression,0.5,False,0.5597222222222222,-0.10066666666666663
sparse_plsda,70,42416,classification,stratified_5fold_x5,balanced_accuracy,0.4485,0.1430185604807128,25,False,0,4.4,tox_pulmonary_toxicity,morphology+expression,0.5,False,0.6128333333333333,-0.16433333333333333
sparse_plsda,70,41780,classification,stratified_5fold_x5,balanced_accuracy,0.4448888888888889,0.147584313629971,25,False,0,3.4,tox_pulmonary_toxicity,expression,0.5,False,0.6223888888888889,-0.1775
elastic_net,70,42416,classification,stratified_5fold_x5,balanced_accuracy,0.65,0.1035667912359632,25,False,0,302.9,tox_renal_toxicity,morphology+expression,0.5,False,0.4873888888888888,0.1626111111111112
elastic_net,70,41780,classification,stratified_5fold_x5,balanced_accuracy,0.6271111111111112,0.1031301167828987,25,False,0,289.9,tox_renal_toxicity,expression,0.5,False,0.4750555555555555,0.15205555555555567
linear_svm,70,42416,classification,stratified_5fold_x5,balanced_accuracy,0.623,0.0984369197023851,25,False,0,5.3,tox_renal_toxicity,morphology+expression,0.5,False,0.5002777777777777,0.12272222222222229
linear_svm,70,41780,classification,stratified_5fold_x5,balanced_accuracy,0.6202222222222222,0.0981763341778078,25,False,0,3.8,tox_renal_toxicity,expression,0.5,False,0.5013888888888889,0.11883333333333335
sparse_plsda,70,1660,classification,stratified_5fold_x5,balanced_accuracy,0.6367222222222223,0.0958217223239897,25,False,0,0.1,tox_renal_toxicity,morphology+ecfp,0.5,False,0.5294444444444444,0.10727777777777792
elastic_net,70,1024,classification,stratified_5fold_x5,balanced_accuracy,0.6449444444444445,0.1180852119613231,25,False,0,4.7,tox_renal_toxicity,ecfp,0.5,False,0.5557222222222222,0.08922222222222231
xgboost,70,1024,classification,stratified_5fold_x5,balanced_accuracy,0.586111111111111,0.1108657012051234,25,False,0,0.2,tox_renal_toxicity,ecfp,0.5,False,0.4977777777777777,0.08833333333333332
sparse_plsda,70,1024,classification,stratified_5fold_x5,balanced_accuracy,0.6393888888888888,0.1061582792198214,25,False,0,0.1,tox_renal_toxicity,ecfp,0.5,False,0.5528333333333333,0.0865555555555555
elastic_net,70,1660,classification,stratified_5fold_x5,balanced_accuracy,0.6324444444444445,0.1191403622872027,25,False,0,8.5,tox_renal_toxicity,morphology+ecfp,0.5,False,0.5702222222222222,0.06222222222222229
xgboost,70,1660,classification,stratified_5fold_x5,balanced_accuracy,0.4941666666666667,0.0829044519199551,25,False,0,0.4,tox_renal_toxicity,morphology+ecfp,0.5,False,0.4375555555555556,0.05661111111111111
xgboost,70,41780,classification,stratified_5fold_x5,balanced_accuracy,0.5297222222222223,0.0890129342800011,25,False,0,59.2,tox_renal_toxicity,expression,0.5,False,0.5066666666666666,0.023055555555555718
linear_svm,70,636,classification,stratified_5fold_x5,balanced_accuracy,0.4659999999999999,0.1228205807742676,25,False,0,0.1,tox_renal_toxicity,morphology,0.5,False,0.4473888888888889,0.018611111111111023
xgboost,70,42416,classification,stratified_5fold_x5,balanced_accuracy,0.5218888888888888,0.084010471128659,25,False,0,65.5,tox_renal_toxicity,morphology+expression,0.5,False,0.5058888888888889,0.015999999999999903
linear_svm,70,1024,classification,stratified_5fold_x5,balanced_accuracy,0.6100555555555556,0.1230322149923585,25,False,0,0.1,tox_renal_toxicity,ecfp,0.5,False,0.5943333333333334,0.015722222222222193
elastic_net,70,636,classification,stratified_5fold_x5,balanced_accuracy,0.4644444444444444,0.0730011415435859,25,False,0,4.3,tox_renal_toxicity,morphology,0.5,False,0.4623888888888889,0.002055555555555477
xgboost,70,636,classification,stratified_5fold_x5,balanced_accuracy,0.4384444444444444,0.0657503227237068,25,False,0,0.3,tox_renal_toxicity,morphology,0.5,False,0.4376666666666666,0.0007777777777778216
linear_svm,70,1660,classification,stratified_5fold_x5,balanced_accuracy,0.5443888888888889,0.0975347991079954,25,False,0,0.1,tox_renal_toxicity,morphology+ecfp,0.5,False,0.5530555555555555,-0.0086666666666666
sparse_plsda,70,41780,classification,stratified_5fold_x5,balanced_accuracy,0.514611111111111,0.1101648035926959,25,False,0,3.6,tox_renal_toxicity,expression,0.5,False,0.5390555555555555,-0.02444444444444449
sparse_plsda,70,42416,classification,stratified_5fold_x5,balanced_accuracy,0.5129444444444444,0.1119349458335752,25,False,0,5.8,tox_renal_toxicity,morphology+expression,0.5,False,0.5442222222222222,-0.03127777777777774
sparse_plsda,70,636,classification,stratified_5fold_x5,balanced_accuracy,0.3937777777777778,0.1370985272453337,25,False,0,0.1,tox_renal_toxicity,morphology,0.5,False,0.4600555555555555,-0.06627777777777771
