drug,X_pca_gex_1,X_pca_gex_2,X_pca_gex_3,X_pca_gex_4,X_pca_gex_5,X_pca_gex_6,X_pca_gex_7,X_pca_gex_8,X_pca_gex_9,X_pca_gex_10,X_pca_gex_11,X_pca_gex_12,X_pca_gex_13,X_pca_gex_14,X_pca_gex_15,X_pca_gex_16,X_pca_gex_17,X_pca_gex_18,X_pca_gex_19,X_pca_gex_20
18β-Glycyrrhetinic acid,-35.396946,-27.154402,-8.426664,-6.442411,-4.9619994,-3.6432688,2.4615438,4.635064,-1.8423421,1.5362148,-1.7343694,2.1877322,-4.6447244,1.1933117,-2.014239,-1.1644977,0.764003,1.0047512,-3.9069352,1.9327556
5-Fluorouracil,-8.336702,17.977392,0.49501356,0.9841996,-2.2137082,6.4588747,2.2141287,1.3917906,-7.4968896,-1.0295677,2.5285833,-1.5333837,-0.8111984,-6.1670756,1.4171408,0.4616055,1.809075,2.3769674,-1.8841884,4.1557875
8-Hydroxyquinoline,-42.96869,-35.959248,-6.192937,2.9994261,-1.4984276,0.92229563,-3.1762805,-6.232664,1.7448401,-9.320058,0.021035904,2.7546384,4.709793,-0.020931046,-1.1287227,-0.71206385,0.5311199,-4.255091,-1.6352549,2.394636
AT7519,55.916485,-8.048346,-2.423515,0.6341212,5.73065,-1.2916671,0.70780075,0.96564716,0.7208198,-0.22229898,-1.1590314,-2.7346094,1.1756463,-0.25473896,-1.5834583,3.0081682,0.29589453,-1.3797716,3.8020992,-1.0849507
AZD-8055,56.12918,-0.8055556,-1.5178044,1.8924578,-3.0515738,-0.8782196,1.4892019,4.0134745,-1.0642909,-5.4546075,4.0288677,-2.1706767,-4.024209,-0.904955,-0.6793849,-0.36361766,-1.3182292,1.7663065,-2.3893933,0.28007802
AZD2858,45.916733,-4.807033,-4.882081,-20.913757,-6.0042543,-3.1588688,0.18042922,-16.082163,-0.781762,3.1541991,-31.213001,15.782557,21.966589,30.778215,-3.301687,17.857735,-4.2533035,18.785484,1.7982361,4.606704
Abiraterone acetate,-21.73883,12.544944,-0.7702495,6.141536,7.287105,1.8578818,0.6574172,-4.7696557,4.004775,1.0701822,-3.8853552,2.5212584,7.084854,2.4511626,1.6004275,-3.292116,1.0824374,-4.0341854,-1.4928999,-5.83867
Acetohexamide,-15.338129,-28.540834,-5.7628217,2.3986106,-3.484622,1.8622912,-2.683773,0.51091576,-2.2800252,1.6848103,1.1242918,-0.69332826,-2.7970521,2.3586063,1.4607489,0.33380798,-1.3026977,0.8171043,-2.338344,0.74654746
Aliskiren,-16.154747,-30.845783,-4.642042,3.7691357,-3.5192344,5.4183407,-1.4605622,0.9943335,-1.9004588,-0.85000956,2.9338918,-3.1720471,-3.2555664,1.6090701,3.5716107,-1.5568079,-1.0269121,1.313701,-2.299394,2.2707064
Alpelisib,63.38014,-1.399287,-7.1487503,5.8594837,8.302355,-15.211853,-5.792679,0.81423646,4.1237926,-8.722279,-6.8967104,-1.7069691,-7.630842,-6.551093,-4.177988,-0.96508014,8.828283,-0.31791252,-1.1393124,-7.225418
Altretamine,-22.684599,16.01028,1.294081,5.910633,0.6761927,2.0473733,1.0977525,-0.11914171,0.31956232,4.610679,-5.4783645,2.7768326,1.9354721,-0.98933953,3.5075088,-2.05765,2.108268,1.7110387,0.9181799,-3.810303
Amsacrine,-25.598618,-30.732466,-2.9959064,4.760169,-0.093858145,4.0463524,-2.2330904,-2.2837398,0.6796569,-3.1405666,2.6733994,-1.0702488,2.131069,3.0820854,1.3688399,-0.62516236,-4.1537237,-1.3014365,1.3184885,-0.5377506
Aprepitant,-28.432997,17.535872,-0.6657864,1.3563837,2.8939533,2.6830933,1.5656939,-1.8775398,2.5505328,-1.9639705,-0.9976249,4.3452353,0.933013,-7.3360906,0.800552,-7.160986,5.1032047,1.4826422,-0.38233086,-0.24927811
Belumosudil,-4.18439,14.640802,7.3158655,11.252085,-3.3293803,12.497873,1.6880722,1.4320228,-4.3299623,-0.057211604,3.3849387,-0.5327443,3.4565341,3.0493815,1.6528554,-0.9009525,-3.1320858,1.1645346,2.526856,-0.38905734
Bendamustine,-29.645653,24.672834,-3.0635695,-3.2733314,-1.940335,0.31179124,-4.905757,-7.771342,-6.1951838,-0.9317683,-2.707209,3.007737,-4.750535,-3.7332482,2.6983917,-15.403262,11.216754,-21.90704,24.457815,25.095392
Bergenin,-35.96881,-30.528984,-4.2530193,3.464219,0.3729486,0.4143996,-0.63436735,4.9716597,1.0198759,2.6065156,2.3719833,-3.2936068,-5.306393,0.4915677,-0.2635181,0.16987856,-0.56291765,1.171823,0.5318432,-0.20415671
Bexarotene,-8.825698,14.484178,1.1152462,1.8405036,-3.6868274,8.144078,1.5959197,2.6125886,-10.061358,0.40321356,-0.35409918,-1.2980181,0.7686178,-4.3978257,7.3641176,-0.9177619,-0.50010204,8.821264,-7.0931807,4.5334706
Binimetinib,19.034292,13.343072,9.874673,27.360598,-15.07225,-7.2290664,12.448104,6.430718,13.612865,-15.077955,2.832185,3.1931546,-0.24296425,9.586205,-2.9407845,0.73134905,3.1708744,-0.85274243,-4.397405,6.317864
Bortezomib,43.05332,-6.0075326,13.305086,-26.52883,-10.927218,25.526289,7.2748566,-12.372781,50.956047,14.570027,-8.599545,4.605292,-8.837036,-17.53875,19.747557,-6.7512593,-9.220158,-5.8546576,-0.8901902,-1.0125556
Bosentan (hydrate),-51.276047,23.519987,-3.2020872,-19.840427,-25.945162,-3.8545291,12.375142,-7.780867,-15.824439,-14.458131,-9.07432,-5.6047482,-21.449152,-7.39025,-10.736317,1.7398965,-24.332445,-3.6219604,21.857468,-27.814285
Brivudine,43.319542,2.631589,11.909821,-4.7990346,-6.8218374,1.9332725,11.251912,6.9083548,5.450324,-2.5582223,-2.8670359,-1.9659523,0.9403384,0.1458041,-5.49629,-0.7266964,3.7408977,6.901384,5.3380804,4.156369
Budesonide,17.048462,25.139727,1.1419742,15.219987,1.384888,1.446288,-2.69556,7.2320256,-0.37557548,14.790474,6.515125,2.8808305,3.9666533,5.607461,4.7803373,-1.0127227,-10.422898,-1.8685434,-5.500407,-2.3018448
Canagliflozin,-56.973103,25.980581,-6.343205,-11.548162,-4.9758873,-20.367926,1.9499458,-5.2888827,15.955668,-1.8162403,-3.3863063,-60.853424,19.217993,-0.35623983,0.22263962,7.559723,5.066393,0.06528119,-0.6141597,1.4389683
Capivasertib,65.187225,-3.3196201,-1.9835912,2.7850523,10.533858,-5.636962,-1.2530485,2.5365264,2.348455,0.8965784,-1.017823,-2.3497446,-3.8173566,-0.092973135,-1.5077649,-0.3225179,-1.5117081,1.8264471,6.3596244,-1.0744916
Capmatinib,60.96555,0.2964459,0.21097642,3.1220531,-4.6012163,-5.5465107,2.210143,2.2631683,3.2655907,-0.85342133,1.9939582,-1.9197884,-7.9860477,3.6452377,-2.0777276,-2.5327775,-3.935121,0.8307308,-5.9739447,5.3652406
Captopril,-17.44173,16.621058,-0.94155127,0.38823235,-0.59129703,0.30383635,6.3589973,6.9946823,-4.3801503,4.8303905,-1.7429391,-1.3592429,0.9873889,-2.5297992,-0.46334666,1.131375,2.8018694,1.4343013,0.24640103,1.2004148
Celecoxib,41.210888,-4.13837,-7.1570306,-16.326353,-9.794558,-1.5096259,3.1218712,1.7918992,-7.438937,1.5972091,-0.9742691,-0.19459431,2.2634418,0.3359204,-2.9379406,-2.1757855,-4.6129866,0.05938638,-4.675944,12.546482
Ciclopirox,-56.189007,-27.993265,-6.3415246,-4.1458645,1.2033509,-2.290273,3.4971778,2.3990304,2.0936377,-3.5245678,-1.1109245,-0.87006414,-0.05153633,-0.26004362,0.6561912,-0.950252,1.6515609,1.542347,-3.2311556,-0.27084404
Cilostazol,-31.773848,21.961075,0.4038614,5.464526,7.077618,-4.2445397,1.3889745,-1.7431455,2.4787686,8.209417,0.2728781,-1.5520465,1.0495148,4.7524567,4.4661694,-3.1310084,-11.143623,3.416831,7.1890945,-7.5328383
Clobetasol propionate,-14.671462,18.316849,-2.2938895,13.049462,-3.065039,-5.844117,-1.9156834,3.2159886,3.1859689,-4.9081326,-3.5626953,9.032433,6.006056,-11.378047,-0.6589917,3.875917,6.036086,-4.8572073,-16.402863,-5.9883676
Clofarabine,-20.40409,25.926853,1.9246216,-2.2905483,-2.7172358,-3.3329916,-7.4948297,-5.4784827,-6.240227,10.317343,-7.3349543,-1.6283014,-28.417234,18.195265,33.786804,28.84017,22.414473,-11.937563,2.4593444,-1.0500958
Clotrimazole,-8.000979,-27.635181,-3.4730082,-1.2501898,-4.1380186,3.132865,-2.6022425,-0.84001666,-2.8420944,-2.8236737,1.0858909,-1.7980363,-4.0009203,-2.5783381,1.0956708,-0.07051514,0.18337247,1.7361124,-4.1169715,2.7873454
Dabrafenib,67.91642,-10.92837,-1.1027565,-2.7059503,9.992504,4.9755077,-5.6058826,-5.809485,-1.4087123,-0.25661585,-0.14692093,-2.2097182,-0.8077377,0.25247997,-1.9403195,2.059759,-1.9246817,0.12750824,2.4022741,-3.6009262
Daidzin,-0.36956874,10.29406,5.039939,10.928083,-4.829839,14.580136,-1.1677012,-0.4736631,-3.7531426,0.6124267,4.7041626,-1.8359505,5.1639333,-0.9786897,3.2599256,-0.48459598,-2.394018,1.1013929,3.0865042,1.6370257
Dapagliflozin,10.270251,10.798171,3.6088068,13.288396,2.9934607,6.528943,0.6535106,1.0210053,-1.9266859,-2.8609636,0.41716042,-1.8128692,5.5534596,0.5142302,0.20304929,4.3262787,-0.4538226,-2.291575,1.5587219,-1.8816906
Digitoxin,-62.02727,28.016346,43.332508,-39.942917,34.053154,29.737646,9.106755,22.375074,0.63464993,-25.419207,5.3824363,-5.379878,-10.8305435,18.563145,-6.618111,3.5099263,-1.2490964,1.0640899,-9.590001,-0.31395915
Drospirenone,7.64867,12.134072,-2.3728766,16.55661,17.707722,0.4483322,-5.2511845,-5.5973024,4.066064,-1.7494831,-4.699057,-0.57737565,3.1706002,0.5018488,-1.2033405,-0.38580427,-2.904236,-4.385218,2.4341037,-6.5148244
EX229,42.50023,-4.9082975,0.03977574,-17.412382,-0.87905914,4.513309,5.068425,-3.8077924,2.4594786,-4.316855,-0.17000003,2.2705305,-0.10898279,-4.678738,-4.023407,3.140078,3.7424572,0.016592132,-4.109284,2.1638737
Encorafenib,58.021637,-1.8677543,0.045077197,9.421591,-1.8907475,-11.919368,4.3508406,8.045393,7.975177,0.38255805,-0.29668584,2.2706645,-6.653683,1.267195,-6.4668865,-3.1974785,1.8020006,-6.5848823,2.5367224,-3.8032188
Erdafitinib,51.09923,-3.877298,-5.9433975,-18.31766,-4.781655,-6.513147,0.52388906,-12.197135,-11.69235,-1.3870147,-7.051693,-2.5274587,1.9584708,26.523312,-3.4880455,-33.085087,2.3782387,-30.854351,-17.11943,-5.2873583
Erythromycin,-7.543287,18.781666,0.29683357,-1.6143913,-5.5302114,-2.565133,2.8363268,4.2390523,-8.690035,16.31667,3.702617,0.22237135,-2.9384067,6.205313,-0.1639065,1.9593074,-8.653869,-6.4682145,-7.722481,-6.8359733
Fenofibrate,-34.974106,22.226715,-1.8416126,1.0830458,3.2282543,-2.1939194,0.71117735,-2.3024375,-2.224958,-0.8061874,3.9510176,-0.8737252,-3.6324492,3.5497508,0.33713135,-0.38440076,-1.7770786,9.801492,3.1192386,6.788338
Filgotinib,22.181736,-0.8110966,3.155529,13.693171,4.1240172,8.070048,-0.041863423,4.2753005,-3.1416438,4.3295064,-3.6800146,0.31801197,10.494387,-7.2965317,-1.9928178,5.739381,6.654043,-1.5416319,1.755858,-8.072826
Finasteride,-21.251392,25.405628,0.21481961,1.4497578,5.6279497,-1.9535875,-2.1337929,-2.2109025,-2.3107264,1.3410308,-2.5011957,-1.531259,3.2325835,-6.915736,9.43185,-2.9833055,1.9802897,0.26902628,-32.193123,-10.861008
Fluvoxamine (maleate),-30.795158,-26.386875,-5.6806583,1.243233,3.781113,-3.185518,-1.9431137,-0.5462982,2.3191245,-3.4344594,-1.2611457,1.9168664,-4.284689,-1.351407,2.388262,-0.6027534,-0.060647897,0.30097437,-1.4493726,0.24136987
Gallic acid,-38.27211,-29.21494,-5.757034,7.6736865,6.6549425,1.2967074,-3.2456017,-3.028336,0.8583487,-4.852678,0.76969415,1.1398964,-0.05061929,1.6395501,1.7067012,-1.0947114,-2.0814364,1.0057482,1.129867,1.8514429
Gemfibrozil,-39.796196,-28.052881,-7.249522,-3.6873894,-0.31443885,1.8225666,1.4535888,0.066035084,-0.088554725,-0.9650994,-0.200855,0.35662216,0.053223904,-2.6494179,0.1562845,-0.41429228,1.6562482,1.8050942,-0.5007099,1.7088765
Glasdegib,27.4976,23.4679,2.7876925,9.565006,-4.615841,9.059868,-4.9066386,-0.4806247,-7.486765,4.6727805,3.6530845,-4.496458,5.67813,1.5857565,0.8436202,-2.4565685,-5.9868207,3.4452465,2.0916405,1.4714935
Hexylresorcinol,-17.473892,-27.934984,4.060388,6.701756,2.2368205,4.0816383,-1.90206,-0.8424209,-1.8079244,6.5393395,6.741993,-2.475794,0.93239415,6.7081637,3.4119534,-0.72770566,-6.2273955,-0.6680188,7.251288,1.0921723
Homoharringtonine,-6.5994277,-41.689236,102.89915,-0.4428624,2.218589,-30.679197,-9.869463,-9.595822,-11.915601,5.5281696,-5.787651,2.0165124,4.1771755,-12.994272,3.6477485,-3.6678615,-1.4582546,0.86118925,2.4764917,3.0062134
Idoxuridine,-25.717735,19.288473,-3.127142,-2.0086906,5.9704356,-0.43924782,3.3049898,-2.5948534,-0.70001835,-2.4994776,0.022773938,0.6445409,6.4397283,-0.7846623,1.6435214,-0.39423528,-2.899209,-2.7380128,2.1691732,9.947574
Infigratinib,61.349747,-10.993061,-0.5154357,-6.999765,-1.9652672,3.1315582,-2.4265597,-4.6936107,6.9879594,-6.267027,-3.0716615,2.9432874,3.4001334,-1.9254962,-2.2234097,0.25991848,2.8644738,-3.1470265,-0.31482506,2.168738
Ipatasertib,24.032446,-2.1464214,-1.7167512,-19.506338,0.32403138,4.27795,15.974069,17.150839,0.3062289,20.040012,0.08972247,3.8509982,9.569995,-7.820909,-15.164432,-2.0211062,21.657356,-2.4361482,7.6236653,-0.510989
Irinotecan,92.28752,-6.18045,-0.31410593,-0.6880301,-8.092938,7.935702,-7.538396,-1.2340988,-6.924146,-1.175799,3.3350916,-5.589891,-0.94589263,-0.09216039,3.5420344,0.5829075,2.0943906,0.34782407,1.035459,1.9877149
Ixazomib,66.28945,-4.185977,-2.0688822,-0.64335185,3.847669,3.53378,-2.172005,-3.146739,-1.3648992,-2.9207428,-0.50369376,0.101567045,3.9598067,-1.5997647,-1.0621805,2.056956,2.7172813,0.7389875,0.8834812,-2.247663
LY-2584702 (tosylate salt),25.389507,4.486915,-13.636337,-32.072773,4.492063,-27.803951,16.731339,-1.4719812,-3.6335034,-17.826885,36.719963,14.415521,22.04842,-3.7061827,32.026646,2.4617825,-3.3879275,-1.8928814,5.5723243,-5.214834
LY2090314,68.35559,-8.76323,-0.88756514,-2.6976357,-1.4031075,-0.42907628,-0.7550407,0.013058234,-2.2949328,0.23506571,2.6082447,-2.88121,-1.9799705,0.8972611,-2.0593078,1.311973,1.0632696,-0.21379857,1.3394594,0.74801576
Larotrectinib sulfate,17.441486,21.389538,0.9194249,4.7738657,4.129924,9.924727,-4.790601,-6.5744324,-6.112639,-1.6382996,1.9574196,-2.6246073,0.8294898,1.5722629,4.80552,-2.3003297,-2.2315366,-3.8299787,0.3802907,2.268057
Lopinavir,-1.4653565,23.48856,1.0442532,5.4648266,9.814345,2.6822407,-2.8912115,-5.4093657,-0.46401933,-4.7518177,1.0286855,-1.4682096,2.1901221,-4.1362224,2.3048599,0.40295988,-0.3104923,-4.5564146,3.988217,1.8702799
MK-3903,48.68217,-1.2796575,-3.3879063,-13.160169,-16.530853,-1.6125327,2.9599051,4.985108,-6.6478276,-0.31601992,2.6688945,3.2641852,-0.28576294,-6.8096743,3.7059724,2.956204,-3.6367264,9.716792,-10.422833,8.68144
Macitentan,-30.298246,18.085201,0.23437396,1.7494409,-4.407087,3.2945828,4.411932,-1.0618255,-3.201397,5.041249,1.1273289,3.9212892,4.209899,1.1237867,0.8256507,0.14255284,-3.8996086,-2.0878968,-0.24071063,0.12349994
Mebendazole,-43.29697,14.265802,1.594585,-2.9675152,16.326426,6.09915,-0.5267934,-5.3628373,3.7441378,1.9354686,-5.9211154,-1.1247784,5.827225,-0.9172883,1.1719953,-1.7209715,-5.9291053,-2.2064617,2.9645903,1.1495843
Medroxyprogesterone acetate,-62.60134,-27.72402,-12.048849,2.6522293,10.600155,-13.016422,2.6842742,6.0798755,4.6326547,7.289288,0.5310103,3.1929646,-3.406804,2.0423641,-2.2916303,-1.6741687,-1.5649723,-1.3845938,0.11276179,-0.9191959
Menadione,-37.091957,28.01682,-1.3651245,-22.973715,-18.439476,-6.3774805,-61.637516,30.88181,16.128017,-4.8704987,6.6790066,8.163813,7.796695,6.067976,-5.001221,-0.79772276,-0.5970436,-1.6038113,6.9898963,-6.310799
Methotrexate,-2.4752293,13.979288,-0.91512984,4.8185816,10.010002,2.9300814,-3.8274236,-2.2864568,-3.3160465,-2.4199462,-3.7100315,1.0585023,1.6850076,-4.7793922,-2.4377275,1.8677638,1.8607892,-1.8138136,-0.96648943,1.5877465
Mifepristone,-32.345577,15.856587,-4.952983,-0.5483511,-0.42430082,0.7077392,-1.2057984,-4.76586,0.07958182,-1.2766337,-2.3268337,3.6766047,4.0235085,-3.1292717,-0.30231762,-1.5057005,1.1239837,-2.3173995,-0.14364514,4.5172215
Mozavaptan,-39.75743,26.956703,0.23407604,-3.4402964,-0.98744833,-4.377025,-4.7164984,-15.094659,1.9044328,10.25652,9.717183,-2.2248,-11.869393,10.545564,6.030089,-32.539005,20.343021,37.461487,3.7048464,-11.527976
Neratinib,-24.89544,13.677038,-2.5721562,-0.5280394,-5.83652,-3.991485,3.1186864,4.3510427,0.5641267,-2.5936685,-4.1368556,5.8093624,1.8826561,-9.51849,-4.547929,2.9550097,6.939794,-6.591556,-3.4897385,-4.067499
Nevirapine,-32.02751,15.852171,2.0724778,-1.573741,-5.8808107,1.3097101,3.9346516,-11.298825,-0.73727185,-4.1765985,-10.447559,10.304745,10.334437,3.069116,1.0218819,1.2677236,-0.24035287,3.8644862,3.870324,-14.133556
OTS514,28.81365,-1.0085541,-11.021531,-6.77543,17.693243,-19.918848,6.677902,8.669481,6.5788813,10.488298,-3.0504937,4.216284,-5.572694,3.443203,-1.3466073,-0.7328493,-3.5090299,1.188418,7.5687256,-4.267093
Olanzapine,-20.223747,-29.53179,-4.749402,3.278694,4.008493,1.8909976,-3.7929025,-5.561443,3.0229788,-3.5360801,2.065722,0.29409987,0.3018763,0.04718074,-0.8905837,0.67004955,0.028810045,-0.44991806,0.50285095,-0.5905868
Omeprazole,4.1482186,2.5067003,-3.5338259,10.02043,0.8289165,3.4183497,-1.1563604,1.0208124,-4.0077405,-4.625737,-1.751219,0.71509796,3.9303985,-4.6169057,-0.7686659,1.3394963,2.4454114,0.1545248,0.107945524,-0.5043298
Orlistat,-31.294422,19.758112,1.3005978,-3.4419107,-6.4879303,1.7141876,-1.5661634,-8.086439,-5.4879823,-3.479643,-4.431179,5.301735,-2.5328345,-3.5471122,2.243392,10.061458,7.546454,-2.022371,0.7417382,2.95351
PF-06260933,34.860657,4.7924876,-2.0579677,-0.15052104,9.524555,-4.0663605,-0.06542837,1.8605795,0.27084,6.109669,-4.2830224,1.4496982,3.0826561,1.154754,-0.024760315,-1.6095703,1.2600001,0.008598498,0.6017561,-2.3193777
PH-797804,36.310345,-9.782269,-3.699576,-11.191989,9.339302,-9.641581,2.0738537,2.4505634,-2.7559574,2.137279,-6.534614,-1.3552715,-1.2871195,-3.3036425,-7.2020817,3.8885052,12.097977,1.9939395,1.1452779,1.466471
Paclitaxel,83.887314,-5.2239833,2.2833474,6.9651737,-5.162668,2.8199704,-2.4479802,2.4973829,-3.1178691,-1.7946199,4.673851,-5.419521,-4.972268,2.4428375,2.2593076,-0.5492206,-1.9195304,3.7593126,0.86132777,1.97561
Pemetrexed,-28.402668,29.08425,2.6562436,-8.215557,0.9831917,-1.1733702,-7.220578,-40.810383,8.2404785,8.299836,35.46938,7.101609,-9.360288,-0.25833386,-33.482216,17.129547,4.7846212,-3.1567914,-8.095407,1.5991756
Pentagastrin,-9.967282,-26.516344,-4.800812,9.074886,5.9419136,1.8024055,-5.9127145,-2.7578316,-0.27999723,-7.3935523,1.3169128,-2.4128208,-0.09699213,1.0004925,0.7550498,1.965061,-1.49218,3.5650847,1.7751796,0.8954144
Pentamidine (isethionate),-18.467682,-29.018616,-1.9011751,3.0089245,1.2004122,2.2689588,-2.5203316,-5.349316,2.5086625,-3.436476,-3.2317483,0.43318424,4.522991,0.8060966,-0.6147696,3.0083494,0.69205767,-0.98923916,0.080339625,-2.497117
Pimozide,-35.52819,23.533978,-10.072055,-0.36020288,25.090881,-21.766352,4.6779175,14.5717535,4.0245066,17.723358,0.33352065,4.285874,-14.653087,1.3193406,-0.9739107,2.6284003,-17.138218,2.3368452,-3.3745348,14.9096365
Ponatinib,-21.09616,17.06786,4.917709,7.450219,3.3636248,3.530981,11.903015,10.985254,4.3522606,6.306562,1.3616198,8.989947,11.385187,1.9902712,-6.4646354,-0.89967036,7.043897,-4.0844026,7.903055,-9.437118
Posaconazole,-25.914986,12.3634405,0.19839926,4.4813323,0.68462497,6.3879023,1.0951102,-1.6678107,1.9209175,2.633054,-3.8725493,0.77346236,4.8006835,1.0723919,-1.7901249,-3.9406054,-3.4304097,-2.5618718,0.36742315,1.025846
Pravastatin (sodium),-25.843801,11.5949135,4.2136307,9.483495,2.550634,6.85236,2.4358528,-0.05047085,-1.2738584,-1.9606102,0.6424867,0.5396296,3.5085104,0.59221447,-0.944384,-0.47878256,1.3725567,1.5472572,2.7597892,-0.38113433
Ralimetinib dimesylate,27.042765,6.6088905,0.46756124,-2.804435,-2.3559728,-3.6108675,0.103803664,0.45986032,-0.24639092,2.2713635,-0.3756638,3.5633104,0.6282216,-4.2703905,-6.1938486,1.714418,3.2707798,3.769141,-3.4887645,-3.1300044
Raltitrexed,-17.983446,-29.298605,-4.0144567,9.476444,8.288135,-1.2725759,-3.5594726,-4.52587,2.9836462,-4.6723146,2.8726346,1.2352437,2.2294488,2.892971,0.2828043,0.44063985,-4.6156306,-3.7671294,2.590707,-0.079866596
Rapamycin,-19.367575,-30.416199,-3.6699266,1.1299655,5.785803,5.3558855,-5.7479577,-4.050563,-1.341402,0.78632545,-1.2550745,-0.35028443,-0.86804324,-0.24593136,2.9375165,-0.49484083,-0.0047671297,-2.098933,-0.2677211,-3.0865924
Regorafenib,56.591198,2.8443873,4.136575,7.2967253,-2.6192021,9.09055,-0.7265707,1.7714134,-1.202624,2.1553183,6.5299277,-6.0174875,-0.066230975,1.592499,1.8534704,0.008364741,-3.1496906,1.0495344,2.351617,0.63145214
Relugolix,-21.319002,-30.25504,-4.713772,8.936506,3.7866676,1.0971397,-3.2921686,-0.8098622,-0.119503,-3.8561041,3.1234295,-1.1959465,-0.14922293,1.4511235,1.7917149,-1.4702476,-1.9873047,0.12414616,2.9688983,-0.46932575
Retinoic acid,-22.39192,-32.05248,-2.1907256,4.6511436,-0.42998996,3.146377,-1.5174068,-1.7044238,0.21887341,-2.5225139,1.713809,-0.6819109,0.48052412,-1.2272038,2.267362,2.2958958,-0.9650424,3.2889426,-1.1059967,1.861905
Ribociclib,11.473885,23.418125,1.2813972,7.8554354,-0.2169437,2.787013,-0.80792594,1.9776889,0.05461005,-0.6498574,-1.5044192,1.868094,3.3671875,-3.8391392,2.8642466,0.31571522,-0.7805188,-1.0712205,1.2675482,-6.393073
Ritonavir,-38.689327,-32.308235,-7.2013216,-2.0787616,-1.4991786,-3.3479564,1.0579733,0.40481678,0.6143097,-1.2746029,-3.3209546,2.43539,0.56466335,-2.7616491,-1.485838,2.8418531,3.7141125,0.4675903,-0.641429,0.4211958
Rosiglitazone,-42.650646,18.97331,0.2805788,-9.170427,-10.158381,6.968705,1.1294569,-1.6259264,-2.2534583,7.592322,5.0283656,0.19429593,7.201801,1.4856135,-3.0121467,-0.7794262,-0.11216513,1.103074,9.320202,16.521816
Rucaparib (phosphate),-33.625496,14.88308,1.6640754,5.449769,3.4764512,0.35523197,5.8517942,3.4556882,2.1600745,4.136418,-0.7869703,0.68613714,3.5320995,0.47825354,0.26642263,-1.031655,-2.4186835,-2.4992402,3.5136008,-3.8132021
Sapanisertib,54.687572,-13.170642,-3.1230862,-5.23547,-1.4041357,5.728762,-2.6466975,2.2920578,-3.6052446,1.3798119,0.89723796,-3.8851492,-3.5279992,-5.103905,1.027458,0.3165949,0.06979632,2.7524004,-2.5465164,-3.6272354
Silodosin,-36.282593,24.528194,-6.1642675,-8.251215,-7.794853,-11.449851,-8.276901,-3.947571,-4.203653,7.597749,-9.817466,0.46317658,-1.6936615,-7.8366218,-3.585876,-2.0121384,-21.34659,1.5159851,-14.359285,11.922975
Sonidegib,29.97116,18.479458,0.13778928,3.4544997,3.9829447,1.9157609,-0.8041137,-1.2780695,-1.0824825,-2.683795,-2.8050249,1.2384186,4.0680885,-4.1333385,-2.2765703,0.94797295,-2.9939947,2.2184577,-0.83936524,2.6218271
Sulfisoxazole,-26.75237,-27.042265,-1.6927431,2.3921223,-1.9264622,5.767263,-1.4881653,-0.13057335,-0.96078354,3.0398548,1.2850348,-1.7640157,-0.910714,2.3625054,0.7129767,-0.06720978,-1.7111032,0.7681516,0.8151066,-0.32319987
TAK-733,65.49014,-2.1416917,0.12626608,0.74538594,14.272967,-7.040341,-1.1900353,-4.124618,9.925645,-3.082092,-1.5814908,0.343558,-4.797487,2.372102,-4.2056828,0.35452396,-1.4976246,0.4422002,1.9427892,-4.4635105
Tadalafil,-43.42149,19.526455,-0.8562391,-3.2553735,-6.646346,-0.6003941,2.7012112,5.434717,-4.812748,-6.986139,-3.5100627,1.4672447,-1.7363315,-9.663181,0.09089071,-2.9375453,1.1222997,0.18556629,0.7203224,2.5625522
Terfenadine,-40.837486,-24.45963,-4.836561,0.01257314,5.2092986,-2.7332766,3.9268167,3.2249856,1.9727826,2.1985757,-0.022780754,-1.1722506,-4.2903275,2.055305,-2.6340988,-2.8077066,-0.5809996,-0.3292939,1.8156188,-0.12637775
Tofacitinib,-42.816753,-30.226088,-4.5485473,-5.360808,-5.8616624,6.8184156,3.2253702,6.1985927,-7.0787425,1.7982713,-0.36540744,0.1488749,2.078997,-3.6541188,-0.1275326,-2.6605852,5.47562,1.7988652,-1.427507,1.116049
Tolcapone,-36.11832,-30.208153,-4.225671,2.7869673,3.7474475,1.7672825,-1.619798,-3.068432,3.414513,-5.875089,0.29607454,1.0345458,-0.9854643,0.57139504,-0.96763843,1.298167,0.9895098,-1.201537,1.5116409,-1.6124262
Tomivosertib,40.6745,-5.4822373,-2.5348907,-12.232677,-5.625617,-4.85975,6.8917317,7.2176223,-4.708337,3.8434248,-0.5975092,-1.901706,-4.753812,-1.7583083,-4.704425,2.0156548,1.9888628,3.2984557,0.80797845,3.2770112
Torkinib,64.66157,-4.3455396,-2.3045483,-4.4347734,0.7980129,1.1531004,-0.62471014,-0.48898187,-2.3713872,-2.7484465,0.9992604,-1.067918,-0.34408876,1.2191757,-3.1592157,-1.7381526,0.21463701,0.7532128,1.7071576,1.8604778
Trametinib (DMSO_TF solvate),-25.38672,31.275686,13.406065,31.98097,-25.696074,-15.935925,14.941981,5.1873326,22.305796,-20.802664,-0.39145347,7.34854,-8.194818,16.059706,-2.1021206,-2.2436044,1.4866369,2.6312337,-2.137325,9.313558
Tranilast,-28.455833,15.002806,-1.6661158,2.4406075,-9.926672,2.4739604,0.028076671,0.11390691,-3.7807853,5.2764235,-0.039989542,0.22489128,1.7940011,-2.644422,4.516196,0.06782886,-4.7828226,1.2478209,-1.2968458,0.9204448
Triclosan,-31.325464,-30.329859,-3.9298902,-0.21460494,-2.6363516,2.319067,-1.1038691,2.0885587,-1.0997536,0.3837578,-1.4339179,-0.30514133,-1.5188705,-0.14683574,0.35733336,0.12126817,-0.16286874,3.9076614,-0.8319059,-0.43296826
Trimetrexate,-46.769093,-30.167286,-7.274554,-5.1891356,-7.019199,-0.4876152,2.752402,6.425605,-3.9716237,1.8027349,-1.3293018,0.11207119,-8.015563,-2.448197,-2.5873437,-0.06341354,2.11801,1.984813,-2.3165147,1.3478162
Valdecoxib,-11.159375,17.957994,-3.793439,-1.3649744,-2.7480857,-2.4861944,-2.5749729,1.2359351,-5.658704,-3.6369686,-7.25893,0.8339662,-6.698282,-9.831299,0.41646,-2.1795805,10.060926,-2.2925513,-4.6217756,-0.32684767
Vemurafenib,84.38481,-5.166869,2.366987,5.292364,-2.6346362,4.1735144,-2.865224,3.2586274,-3.336794,3.1444736,6.101973,-4.858641,-2.9224925,2.6860604,0.93701434,0.20093085,-6.4095054,2.8758872,1.9711553,-0.17360687
Vinblastine (sulfate),-44.759403,-36.76552,-1.6857212,-6.385647,-1.5790746,2.2769003,-1.1489074,-2.5283396,2.9379845,-5.2642055,-2.669796,1.3206295,-3.3189468,-3.1184015,1.7169825,0.14375101,-0.35896912,3.2776268,-3.2173467,2.4516776
Vismodegib,-2.3014019,21.296242,-4.1332846,3.2930622,3.408806,-4.1923823,-2.830113,3.6253226,-3.407977,1.6349976,-2.084443,1.0992066,-5.1943235,-9.771336,-1.8148228,7.7721076,2.2667189,-1.5239811,-1.7727528,-8.385029
Voriconazole,-8.124466,15.347938,-1.2397779,2.2176955,-1.0893078,2.6151674,1.2193856,3.7532506,-6.8489294,-0.5706991,-2.9144163,-1.184184,0.5640691,-3.549646,-1.2156985,-1.9969164,4.2478056,0.28892145,-1.4249673,0.9763952
Vortioxetine,-33.82176,18.543144,-1.8402957,1.6693857,7.6708665,0.29252166,0.94290704,-3.3197036,1.0966772,-3.649486,-3.0557597,0.70216507,-0.52029073,1.0279915,-3.2541,1.1167378,-0.5820067,2.5791395,2.8393912,5.5498896
Zileuton,3.8074799,16.201044,-0.9045866,5.5122194,0.8400294,6.0734053,-0.75621325,2.7753577,-4.3320675,-0.30986258,1.8397253,-1.5109624,-2.245571,-2.3399293,2.4258013,-0.8793281,-1.803431,3.2762747,-0.3555241,2.1537817
olaparib,77.79896,1.131065,1.582593,6.7517633,0.6750457,6.5639787,-3.1225336,1.6695482,-3.8425593,6.6789837,7.290149,-4.6524005,-1.2527202,3.085832,3.5500276,1.5587894,-4.345521,-0.21715873,1.1448437,-1.4499203
palbociclib,84.184525,-0.14261124,0.97759837,2.830923,7.2009544,-5.0116096,-1.5723635,-2.0489612,3.8022635,-3.502561,-1.302851,-2.4351702,-1.6352855,0.79280293,-1.3845463,-0.2526247,-4.042701,-3.9064562,5.022515,1.8087864
venetoclax,65.3607,-2.144806,-1.5177537,1.2242517,-8.997525,-1.679369,-0.25593993,1.9754428,-0.099061154,-10.6981945,-0.12823799,-0.9920991,-7.710819,-3.7434688,-1.3747245,1.9830409,1.5077336,4.743796,-1.0254673,-0.6866776
Idarubicin (hydrochloride),-42.09608,-42.7249,21.26746,4.5246944,-24.189919,2.9968686,11.621551,10.263879,2.608071,21.290792,14.300688,-4.268499,6.3985577,14.464417,-4.390505,8.141749,1.9511054,-11.085367,-2.2333493,-9.918859
