drug,X_pca_morph_1,X_pca_morph_2,X_pca_morph_3,X_pca_morph_4,X_pca_morph_5,X_pca_morph_6,X_pca_morph_7,X_pca_morph_8,X_pca_morph_9,X_pca_morph_10,X_pca_morph_11,X_pca_morph_12,X_pca_morph_13,X_pca_morph_14,X_pca_morph_15,X_pca_morph_16,X_pca_morph_17,X_pca_morph_18,X_pca_morph_19,X_pca_morph_20
18β-Glycyrrhetinic acid,-11.604707,7.9367704,-5.495157,1.6245184,-2.9120615,0.8232969,0.68787795,0.49256337,0.44906473,-1.4011744,2.0477133,-0.68962157,-0.5909858,1.8378342,-0.8436698,-1.1883038,-0.21411172,1.8497809,0.13261214,-1.184821
5-Fluorouracil,1.644404,2.1064165,14.539285,-10.115103,6.395024,3.9642215,0.2936285,-1.2904966,-4.248516,9.698555,3.2123747,2.0862398,-1.1137645,2.7878191,0.10472375,1.0065414,-2.662148,3.3805106,0.16705097,2.0235188
8-Hydroxyquinoline,-8.455859,6.7367053,4.5873384,1.2922156,-1.8855591,2.026356,4.531086,-8.315288,1.3055722,-5.7377634,4.3901534,-1.2571169,-1.6747437,-0.9457989,-3.5583932,1.7651033,-5.1585097,-2.7097974,-3.9628844,-0.47803846
AT7519,-5.8979073,3.242135,21.687557,36.526836,9.010085,-6.6967454,1.0368466,-19.704556,2.7630854,-5.7337775,8.791292,0.45820338,0.69258213,2.5232844,-4.264345,3.6988122,3.610357,-6.84367,-0.97728026,-5.372764
AZD-8055,8.934509,-3.349012,4.151516,-6.7155313,-3.8186088,6.2849307,-1.5890539,7.6759663,-3.458847,12.096878,-5.048929,3.871607,-4.8741302,-0.030966971,-0.013971415,2.8322177,3.7020392,2.7648199,-8.206073,1.2091678
AZD2858,-1.7907889,0.18974474,-10.471412,13.420775,-4.9775867,-9.456857,-4.5342712,-4.9666686,10.031512,0.11687488,6.591256,6.460201,-6.1489577,2.5593364,5.7363462,-1.3681027,-6.0969653,-1.350771,-5.9320664,2.177176
Abiraterone acetate,-8.821014,5.4265275,-4.263891,-1.9140054,-1.9171102,-1.7013209,-0.36625224,2.186576,0.60178417,-3.1913815,0.6168758,0.75608736,0.715479,3.1361654,0.8591837,1.3181262,-0.8316283,1.8553288,0.45195433,-0.43773216
Acetohexamide,-12.670902,8.747487,-5.443748,3.2396173,-4.4844756,1.4934587,0.8282765,2.6216667,1.5828624,-3.6470473,1.4578387,0.89542544,-0.33402297,0.14028426,-0.76631886,0.11528796,-0.23560467,1.0414927,0.5445273,-0.42207468
Aliskiren,-12.116355,8.318458,-6.187184,1.3963377,-2.7663817,-0.079943076,0.7000261,1.6407875,1.1625543,-3.0945516,1.4817749,0.4190634,-0.3417386,0.41708308,0.059055723,0.8417106,0.18942232,0.2514628,0.4325796,-0.1601306
Alpelisib,-6.9648256,0.8599408,-10.875349,2.935156,-7.763483,-2.9372761,0.8715237,-3.6503937,1.4342227,0.10817986,-3.336098,-3.1980479,-1.0946617,1.814506,-0.22748575,4.2910056,1.9713783,0.5522523,-0.5709089,2.301798
Altretamine,-12.397594,8.900979,-6.3356857,2.4337778,-2.4334974,1.5772506,0.93166983,1.5134716,1.6847489,-4.3955655,0.7412749,-0.38898554,-1.9264544,-1.5462532,2.16688,-0.07888475,1.4452689,-0.014553611,-0.7152403,0.26739052
Amsacrine,35.72443,-46.342133,28.983568,-18.59155,4.549065,-33.293076,-10.798689,-9.085426,-9.830908,-12.263772,-11.07874,20.503735,0.98992145,5.159105,-2.0915933,-16.347382,8.540443,-4.7158785,-0.38126346,5.096717
Aprepitant,-2.24326,1.7713214,-1.93149,-7.7695723,3.6510038,1.6302621,-0.07502226,4.2592745,-4.763567,1.805141,-4.372555,-0.91675043,-0.15736535,-1.4309648,5.4762406,1.6692076,0.89124066,-0.7700187,-2.9178643,0.96003693
Belumosudil,-6.144157,-0.8544318,-15.367845,-4.991387,-6.6635666,-5.0520797,0.23982571,3.3304138,-2.658695,-3.8601055,-0.14705865,-2.885111,5.8856473,5.2862043,1.9846287,-0.8403892,-4.465424,1.1654222,1.4039794,1.936886
Bendamustine,-14.089875,9.015054,8.077419,2.3405423,8.8675785,0.37419587,0.4631047,-3.8290946,2.8712363,-4.796537,2.840546,-4.724267,-1.7822994,-4.7256365,2.364454,-0.70582217,1.508648,-0.54061294,0.6039079,3.9984977
Bergenin,-11.343901,5.699131,-4.813979,2.263648,-2.506717,-0.4611274,-0.16354704,2.4889865,1.2236193,-1.2939527,0.91207504,-1.1858902,-0.07327556,1.6100657,-0.8517898,-0.3035437,0.22275005,2.7302408,0.54101413,0.20160118
Bexarotene,-11.294395,10.201701,0.9982374,1.146769,0.83743143,8.420959,3.657182,1.7813053,-3.2532847,0.009739144,-0.74358165,1.9990327,-0.910035,-5.4948707,1.5650008,-0.8519092,3.4568744,-1.7021787,-0.22309375,1.6564711
Binimetinib,-5.369476,7.994704,0.68059236,5.124395,-1.1087072,2.4462411,0.5006459,-5.3554287,-2.046629,5.325352,-9.333114,-4.7758303,-1.1175363,1.4706234,-8.407109,0.5723828,2.3244941,-2.4243615,0.9500775,1.4973074
Bortezomib,72.84407,-96.620605,72.3845,-9.763888,-33.34785,12.5649395,8.302071,11.508771,5.0053315,3.018808,1.5095178,-10.897223,-8.2234125,13.073257,10.056172,5.0969834,-1.6047287,-11.439288,3.5034416,0.6980967
Bosentan (hydrate),-12.607755,9.341447,-3.013166,0.30487844,0.17717361,3.0375984,2.2751298,0.28264695,0.6143199,-1.8414662,2.0704887,0.069168456,-1.6074723,-1.3661717,1.9093143,-0.5247276,1.5902169,-0.19619487,0.21610193,0.67137504
Brivudine,-12.875473,10.494735,-4.8840938,1.6234862,-1.1703569,2.700509,2.0761187,-0.4076735,0.8084121,-3.3143406,1.7511163,-0.080290124,-2.254724,-1.2374042,1.4180481,-0.27419835,0.057403278,-0.8448888,-0.24892701,0.033762034
Budesonide,-11.797256,8.759997,10.36996,7.863301,7.3255486,2.4059465,-2.7652628,5.2414927,6.7559576,2.4496188,-2.9466634,1.6019592,-2.6275392,-3.8286138,-5.3248644,-0.07607923,2.899058,-1.6731832,3.4343514,-4.8385606
Canagliflozin,-11.254848,9.461471,-6.326913,-1.9291751,-0.68224627,4.774044,2.317936,1.23871,-1.379472,-3.0398312,1.2673464,0.40238962,-1.3269753,-0.8055659,3.0481067,-0.3077036,0.46170676,-0.66001445,-0.89589095,0.17461003
Capivasertib,-6.9949336,1.9816527,-17.604279,5.7412834,-15.109392,5.874046,2.3635993,6.765383,-5.154619,-2.1697602,-7.1021214,-0.6247674,10.095293,-0.15853956,-4.51856,4.178682,2.149094,-1.6664591,1.2292727,1.4972818
Capmatinib,-8.914148,3.4524183,-3.25205,-4.6186113,-0.2402715,0.57820624,1.7168269,-1.8222553,2.7500691,-1.2163463,2.5204198,-1.2794801,0.9704294,-1.2851516,3.7786875,-1.1659672,1.4600002,0.8859501,-2.024195,0.86498475
Captopril,-12.091923,9.172124,-6.894639,1.8120543,-2.9048612,2.5408041,1.6385475,0.8663494,0.98198617,-2.0532594,3.0843506,0.47215733,-1.2992243,-0.234075,-0.4591762,-1.3541355,0.0063813035,-0.24612035,0.2219891,-1.6512529
Celecoxib,-8.383064,8.32539,-0.81377554,-7.41163,1.5247931,5.4426765,0.83704185,6.219829,-3.4369087,1.8693242,-2.676542,0.99908066,0.47457027,1.2187418,-0.39349684,-0.806182,1.5894743,1.5230808,2.6318383,-3.428892
Ciclopirox,4.653673,3.9906552,43.398552,-16.495872,12.076282,7.2362976,0.56823003,-1.9455484,-0.9839338,2.9571936,-3.7711897,2.4250863,-4.7339344,-7.290929,-8.488578,5.977844,-4.426961,-0.054420996,2.6109931,6.8677473
Cilostazol,-3.2253275,3.0484228,2.3199909,-5.804172,2.7787054,1.5484691,1.8200749,-2.4755335,-5.5132737,2.913888,0.51597255,-5.6305437,2.9332113,5.1897388,-4.159778,-6.475459,-4.1281214,-0.07214953,-1.2588383,-1.0403073
Clobetasol propionate,-9.599362,10.719853,-5.127775,-1.9906684,-2.4999955,4.3421555,1.6321428,2.9256191,-1.5398601,-1.2691344,-2.0923514,3.5488594,-3.1772792,-1.4218699,3.2589943,-0.013414252,1.679082,-2.3392732,1.4334673,-4.1657224
Clofarabine,6.110829,9.128563,43.391705,-23.048464,26.37813,-5.374919,-6.2600274,-6.3072677,-3.587767,3.8901963,-5.2773275,-0.49224225,-2.28201,-1.0638504,-2.6752524,3.7830486,-3.2208855,0.7606959,2.833732,3.8007562
Clotrimazole,-9.118232,10.46414,1.3824707,-4.067654,5.0247188,3.590299,-0.10581351,5.0242424,-1.7059767,-0.31101713,0.8394156,3.8324502,-1.5450131,1.9084,1.520222,-0.29360387,-1.0567418,-0.14937161,1.9866252,-1.2457044
Dabrafenib,-10.589446,4.507962,-0.72842836,16.979725,-4.239773,0.76979107,1.0635874,-1.025341,-1.2359033,-1.1133765,-4.3464494,-1.2017448,1.2531911,-1.8980453,-6.5634947,1.3344145,0.48847488,-4.467687,3.8603146,4.2597075
Daidzin,-12.037469,7.2844243,-6.821152,2.7756238,-5.3075695,0.39718258,1.1227274,0.99752396,1.104883,-4.114607,0.6046163,-0.49797925,0.18883453,-0.35365254,-0.12488373,0.24029598,0.42329314,0.92987907,0.74850214,-0.09365717
Dapagliflozin,-12.362001,11.033647,-5.4311185,0.13738507,-2.1539993,2.505703,1.3887682,-0.07339714,-0.82266057,-0.84444314,1.4723369,-0.60646373,-0.70629805,0.82210004,-1.9236532,-1.4302305,-0.15724832,1.1352134,1.0335951,-2.0119352
Digitoxin,22.541504,-41.990356,42.381332,59.12426,-15.924747,3.0470839,9.409374,-25.666368,-28.01532,12.77934,-11.924585,-1.4382403,3.6010265,-10.195574,11.11839,-3.9101505,-4.0043116,7.0934973,3.902266,-2.0173018
Drospirenone,-10.704501,12.890242,-2.0892746,-3.238123,1.4584658,2.6690829,0.040045172,0.4136438,-0.3530798,-2.534723,0.72290003,5.3582444,-1.349893,-0.9740431,1.5765517,-2.5270672,-0.882588,-3.2726793,1.9848813,-1.7369841
EX229,-7.282537,7.7276793,0.7948461,-7.817421,0.69600654,6.373203,1.2878172,4.919111,-3.2801898,1.5920451,1.2513264,-0.4311736,1.1653167,0.23653777,-0.5058866,0.06026785,-2.2525852,1.4763709,0.72649187,-1.9976693
Encorafenib,22.92849,-38.14619,-26.263477,-1.5572135,-10.450471,-3.3212428,-7.4952555,-6.1357317,19.459402,37.88724,20.23341,-1.0512425,3.0920148,-4.4612083,-3.9267597,-4.933378,-0.93467027,-0.8572539,6.8780227,5.265675
Erdafitinib,16.73842,-14.952956,-12.863498,-32.38443,-21.59056,-9.989124,-7.654026,-2.8111126,4.283012,-5.782348,-12.061912,15.92383,10.995354,-8.496222,1.7005821,7.990703,-9.189681,-1.5774629,-1.7208316,-1.515973
Erythromycin,-10.231096,9.249076,-6.232446,-1.9829646,-1.2461677,0.9595268,1.6766633,-3.3052287,0.06991806,-1.6428608,0.33939958,-1.3266252,-3.379977,-2.099863,2.1951966,-1.0185802,0.8381461,-1.2077777,-1.9174874,0.16541587
Fenofibrate,-11.539801,7.975603,-5.7330194,1.967085,-3.9459603,2.7821133,1.2090693,1.7665396,0.75346804,-2.5434754,1.3764105,-0.31831792,-0.6835417,-0.12761253,-0.07363139,0.3755834,0.6370032,0.40561888,-0.43296936,0.13759565
Filgotinib,2.5390317,8.654607,34.299805,-3.2219193,25.626339,-6.8336425,-8.503226,0.04231372,5.2060857,3.7361653,-1.5656867,6.401166,-8.555634,1.5506159,2.0320458,5.166073,5.045454,1.0112153,0.5031885,-1.8369031
Finasteride,-5.406069,3.4420388,5.383941,-7.630099,2.1401289,1.8516045,1.0404862,-0.5628545,-2.8476975,2.4446976,1.7723353,-2.0523853,4.0577765,3.11385,-4.077682,-3.9505992,-2.4008682,1.6387848,0.6026351,-0.7394569
Fluvoxamine (maleate),-9.8257,6.0374866,-13.562324,-0.3055798,-6.7308006,-1.8771362,0.5654623,-3.2508342,0.52059853,-1.2708083,-2.9352517,-1.2619382,0.2079225,-1.7506338,-0.9318678,-2.158477,0.56057763,-2.617659,0.88934636,1.3713374
Gallic acid,-10.249607,8.308455,-5.8061523,0.23561542,-0.5477561,3.2532558,2.0267086,-0.5479539,0.038040128,-2.6455672,-1.0808692,-0.053673025,-3.123039,-2.9985557,2.9370742,0.14038686,1.918172,-1.805845,-1.9009773,1.4729202
Gemfibrozil,-10.558108,10.944446,-2.705785,0.27338263,-1.7607381,1.4025484,0.52461976,-1.1506194,-1.0898651,-2.0752833,-0.0036726885,-2.1141305,-0.79347354,0.9245202,-1.5336287,-0.5088597,-0.08460168,1.1861341,-0.7902085,-0.41135028
Glasdegib,-10.8784485,8.6224165,-1.8241718,-0.9571337,0.83391273,4.510514,0.41485807,4.5295753,0.6949777,-0.7939108,0.59397197,1.5235627,-2.2108443,-1.3454115,0.6518962,0.37809953,2.0020607,0.26752436,-0.4898828,-0.3230774
Hexylresorcinol,-13.06814,8.304467,-7.003179,0.7344641,-3.5147412,2.7926924,1.7635322,2.064458,-0.60058695,-2.6877205,0.64036393,-1.6874844,-0.6864817,-0.1789383,-0.20821318,-0.5792178,0.9827954,0.6862853,0.8968748,0.87272036
Homoharringtonine,3.7104254,-13.847757,23.306416,48.411728,-3.4283009,12.891483,0.120307565,12.220723,-8.292735,4.674533,19.690071,30.334085,1.843385,2.6645195,-4.051836,6.6103787,-0.12439795,1.7680084,-3.0055766,4.98046
Idoxuridine,3.915213,18.461851,2.3120139,-10.485183,1.0710254,4.5285287,-0.2211876,-8.040276,-5.324799,6.042815,-2.4207098,6.1109734,-5.0774,-1.1107055,-1.6335984,-0.7416118,-4.4558263,-5.5936956,-5.857991,-4.998229
Infigratinib,1.8046687,-17.404282,-12.697014,-5.878596,-4.8542824,-12.711771,-4.5757055,-1.6473294,11.990082,-0.76966465,-0.6876171,7.844458,1.6833503,2.8232718,1.385111,1.3773953,0.0449692,0.78212434,6.678019,-3.0774157
Ipatasertib,-1.7429304,1.6635832,-2.8950188,-0.22819418,-4.9613295,0.5066528,-1.0526757,1.6695726,-0.44040203,5.5970263,-5.312587,1.334078,2.9343042,0.6751507,-4.1164236,1.7523292,2.7983575,0.59281814,1.0270638,-2.771414
Irinotecan,3.015384,1.2741333,26.98852,-18.98687,13.048509,-9.851797,-2.4365451,-9.521554,-2.9244652,0.26864272,-1.192033,-10.378587,1.6721822,6.1680946,2.5481622,4.375012,2.2923431,9.091261,-4.965432,6.7754903
Ixazomib,41.557766,-65.387665,80.88652,-17.916388,-47.965973,11.685308,11.420622,4.119332,18.720598,-18.315472,5.4348755,-0.7596676,3.720134,-8.342377,-7.70087,-5.8423686,2.251983,7.8388104,-2.027464,-2.6708736
LY-2584702 (tosylate salt),-12.40304,7.379509,-11.171937,2.1951373,-5.7580495,4.6109924,3.3310728,1.3991805,-1.1140885,-4.7566338,-1.3903915,-1.4759945,0.014480054,-3.579826,2.671084,-0.28278455,0.74575883,-3.1803145,-1.5122123,2.890717
LY2090314,-7.272388,7.129964,10.724453,-1.6192209,5.5232005,-7.316492,0.2089286,-15.460572,3.5501928,-5.3409405,8.113147,0.2529404,-3.7038536,2.9941733,1.1359433,-2.1304646,-4.314518,3.9186945,-1.0845776,0.09557231
Larotrectinib sulfate,-12.165619,9.148106,-7.0972567,1.6434214,-2.5659637,2.4197912,1.6464369,0.22749329,1.1581589,-2.966716,3.3728209,0.7308793,-1.7422814,-1.0349468,0.871222,-1.4066434,-0.36166558,-0.35442355,-0.7051995,-0.08923737
Lopinavir,-8.883712,6.1510897,-9.711941,-1.1286212,-2.8043976,3.4206939,2.0792134,0.9224541,-1.6986514,1.2311573,-1.6442986,-1.080434,-1.1487728,-4.0625677,2.917945,-1.2505745,1.177257,-3.3183808,-1.2660148,2.0597687
MK-3903,-5.4340043,6.787442,-0.1812001,-14.83179,0.22384772,6.518124,1.3617862,5.175682,-5.6084967,2.2946029,1.4421471,-1.0158994,4.999308,2.43297,-1.023915,-0.4684684,-3.3093333,2.1556432,1.3932861,-2.6570935
Macitentan,-12.211743,6.764031,-5.4378667,-0.69252133,-0.88117176,4.1214185,2.0131648,2.9063313,-0.9987837,-2.2628245,2.530349,-0.61113787,0.3223798,-0.9904964,2.1427834,-1.7084452,0.49465832,0.9578813,0.122676246,1.8505855
Mebendazole,4.0167627,-0.8823599,33.45814,-14.084641,33.65399,1.3995234,-1.8522489,8.08205,-9.404346,2.2499957,12.946131,-7.97448,20.662403,-2.941715,0.4810385,-3.8579261,-4.006965,-9.187949,-5.705367,-0.3431352
Medroxyprogesterone acetate,-6.6884017,6.7272067,1.4058638,-1.9734759,1.4127582,1.5413507,0.46874458,-0.11991911,-3.8403416,2.145084,0.94583964,-1.6801502,0.8090529,3.7440166,-3.2596467,-4.3554378,-1.601506,1.0202701,0.3098508,-1.2011616
Menadione,-11.014494,9.486907,4.2751007,-5.028697,6.8480244,4.4337974,0.12345214,5.526149,-0.3968428,-2.3493984,-0.1465067,1.6569434,-2.8529024,-1.1535971,3.7808635,-1.1487533,-0.29208744,0.8693894,0.43916532,-1.4176389
Methotrexate,-6.907392,13.722264,11.860083,-2.2123532,11.922869,-4.2976413,-3.0191886,-8.559129,4.38818,-0.9728024,0.4885299,-0.20908473,-6.653449,4.2525425,-0.82402885,0.95106345,-0.6953411,3.8877232,0.31249297,-2.5547802
Mifepristone,-7.7700114,4.7948484,-7.4070344,0.41130725,-4.357434,6.237819,2.9427502,3.7920942,-4.357463,3.2172096,-5.3239207,-3.3448386,3.0376213,-1.3701993,-1.3136221,-0.14708701,3.4637067,-2.136975,0.55501413,1.298854
Mozavaptan,0.47302803,-25.680628,14.907391,41.571968,17.281885,-19.756706,-15.513003,22.559721,13.793522,-2.0771375,-3.244265,-4.7938657,4.115282,0.31402797,-0.47388116,-1.563802,-2.4596262,3.2502277,-6.1318994,-1.3356864
Neratinib,13.058583,-25.328875,-15.643843,1.1122465,-7.3756576,-14.715208,-5.881453,-12.4430065,17.189842,16.745687,-1.9580948,-4.1132083,-4.050319,-1.5611616,-0.7573561,-0.6025584,0.31866184,1.4965726,-2.192852,-0.82751065
Nevirapine,-10.373368,7.0563855,-4.711971,1.7485371,-2.8967116,-0.87754256,-0.7964721,2.2171533,1.6776788,-2.782394,0.41616595,-0.6674137,-0.6244016,2.3572176,-0.6920316,0.23073411,-0.85304546,1.726025,0.5800231,-1.1589558
OTS514,-1.1793857,-6.939659,5.930967,26.868166,-6.007372,-12.6277,0.038494103,-21.277327,4.5062494,-4.570553,3.3708594,-5.415817,4.4446564,3.7471128,-2.9506207,6.21587,3.5081306,-3.253497,-3.0064714,-5.0590463
Olanzapine,-9.5437765,6.87104,-8.331788,-0.955816,-2.8103395,2.0738437,2.1217935,-3.509998,0.0996875,-0.63875115,-1.3122067,-3.0554829,-1.9277458,-2.4778636,1.7822797,-1.0276439,1.1785067,-0.8937808,-2.5201595,1.8450694
Omeprazole,-12.098731,8.043485,-5.146618,1.0811387,-2.2347426,0.4898224,0.651568,1.651579,0.40709263,-2.9796143,1.8962523,-0.90793014,-0.2552333,1.0859075,-0.058841232,-0.10329521,-0.25205958,1.1841754,0.73811495,-0.6514324
Orlistat,-9.546855,5.3785944,-10.881139,-1.0465096,-4.267853,0.63271666,1.4885907,-1.9722503,1.0189644,0.4343868,1.0972914,-2.7014208,-2.0195756,-0.5393434,2.1394186,-1.6277934,1.3662415,0.25790367,-0.77616316,0.24263114
PF-06260933,-2.6379743,-0.10195721,-16.831026,-1.2801713,-6.38851,-6.1854134,0.5034871,-5.6255302,2.2234776,3.8920877,4.563795,-0.088013135,-0.14160815,2.014756,4.2120824,-3.584324,-0.78605545,-3.763789,-2.1088974,0.9405702
PH-797804,-5.1920233,8.705726,5.810479,-5.129722,5.516323,0.5627695,-1.2539041,0.56558454,-4.9675317,3.640401,-1.2882494,-1.184199,-2.1672413,5.199768,-0.21939178,-2.6309104,-3.803926,4.21247,-0.34543642,-3.1618202
Paclitaxel,0.043822087,-25.067251,22.31591,35.90453,24.803635,-18.337385,-17.882105,20.657427,16.091812,-2.0700705,-16.060251,-8.304583,0.062166926,-7.875009,1.1495855,-0.9063203,-5.221328,-0.8660529,-0.039036594,-0.10428078
Pemetrexed,-9.559409,13.839244,1.3225673,-2.3886592,3.7307372,1.9605271,0.48140094,-5.269996,1.4979583,-2.6392286,2.715914,-0.39019737,-3.1115298,-2.7481935,1.3294609,1.1861902,-0.5032478,-2.917641,-1.7774353,0.5867834
Pentagastrin,-11.78978,7.784167,-6.847208,2.042622,-4.380819,2.8421967,1.5926211,3.0950963,-0.38230693,-2.7945166,0.49223128,0.29689366,-0.6973786,-0.55860287,1.1839216,0.81723166,1.4050746,0.5429986,-0.18272217,0.028921869
Pentamidine (isethionate),-0.862171,5.785857,7.6024666,-1.8376819,-3.3587542,6.171103,2.8785458,-1.7709007,-4.7194047,2.301822,0.91253245,3.0343325,0.7498293,3.9075127,-5.9314065,0.6014008,-5.8035154,0.574968,-4.1386523,-2.0254788
Pimozide,11.875023,-28.052443,-20.44394,-19.126244,-16.015602,-22.000998,-4.2398586,-6.969897,2.4232736,0.9341177,-3.243227,5.144423,9.651738,0.3933674,1.4145495,8.337757,1.5111182,1.2318903,5.5927033,-2.6404092
Ponatinib,90.651955,-119.82394,-54.52032,2.0631447,34.21787,56.481762,-31.435247,-16.31234,6.2255707,-13.18398,-4.952307,0.873367,2.4035277,2.1749983,0.20250347,-0.5127627,0.71564287,1.7749313,-0.4197237,0.109313086
Posaconazole,-0.34822747,-8.35903,-14.245306,-8.551029,-4.47674,-8.355413,-1.6067766,1.4045703,-5.108317,-0.8034153,-5.1140637,0.22732821,2.696771,3.9184368,5.430421,1.6496427,0.28385687,0.34021088,2.4257622,0.32437295
Pravastatin (sodium),-10.994266,7.761862,-6.382226,1.8659005,-4.418567,0.11923988,0.5879569,0.27606112,1.6166304,-3.5171475,1.0162798,-0.5089055,-0.64048415,0.25470197,1.0099951,0.990235,0.26439446,0.21966326,-1.0369732,0.026277194
Ralimetinib dimesylate,-2.185177,-9.523787,-28.020893,-0.32385218,-16.877964,-9.80541,-0.16440387,-1.2932332,5.7190437,-4.841328,3.127606,2.0747514,2.897092,-0.3145676,8.055197,2.2286298,-3.999958,0.8393597,-3.3157508,4.645271
Raltitrexed,-5.6341,16.064886,17.890402,-11.64756,13.27319,1.8133523,-1.719281,-4.9830275,-1.2650341,0.7277519,1.4858161,-1.4383608,-0.6600912,0.89029586,-2.7965114,2.350886,0.7725235,1.3747147,0.3293248,1.3010768
Rapamycin,-7.036192,5.046237,7.4758124,-6.9515953,6.9924145,7.125387,0.04887933,9.484111,-2.924302,6.6233997,-1.070863,1.2743427,-0.99525267,-2.9636822,0.46939456,-1.0361446,3.4009297,0.6820303,2.4677055,-1.2811766
Regorafenib,-8.507387,-4.472409,4.278354,25.008877,13.15447,-0.2949407,-2.4762566,8.467799,-1.6015601,1.2894853,-0.66595495,2.4792511,2.9118252,6.6472754,3.0553906,-3.0566835,-1.7327042,-3.0741165,7.993739,0.83278793
Relugolix,-11.895534,8.368691,-8.5181465,-1.5649881,-3.9355664,-2.007633,-0.03187883,-0.90473735,2.4642768,-4.931249,0.4379497,0.66881645,-0.032309595,-0.35562804,0.97962475,-0.10347352,0.621816,-0.1543947,0.73186064,-0.39901233
Retinoic acid,-15.515357,9.867928,-3.0150375,10.009057,-1.223032,2.3875654,2.1413324,0.8279336,1.3839324,-5.204605,2.768257,0.22049066,-1.4963619,-2.8205886,-0.3334307,-1.0466912,1.5676697,-0.5437005,1.5156664,1.0415331
Ribociclib,0.9242262,10.859774,5.169938,-19.99029,2.5398786,2.4865794,0.98450816,-9.804123,-3.0944579,6.199975,-3.666408,-0.46151176,-2.2357483,-3.9288073,-2.0781431,-0.2024342,-2.7600935,-3.8862839,-1.5090178,-0.9417953
Ritonavir,-7.663175,4.87441,-9.135689,2.2574422,-3.9666584,-2.4117522,-0.83853704,-0.14723498,1.4389931,0.25631317,-2.571766,-0.69410384,-0.13199154,0.7444051,-0.14995977,-1.0945369,0.7581329,-0.980722,0.21187003,0.33371353
Rosiglitazone,-11.367279,8.600528,-4.559243,0.07769263,-2.8377686,3.4354312,1.592154,1.8180544,-0.64744484,-0.86409134,1.6710228,-0.19589362,0.55304146,1.1864569,-0.8026918,-0.028944872,1.0657555,0.84124756,1.4790492,-1.1096247
Rucaparib (phosphate),-13.607537,10.454621,9.539578,-3.347651,6.7502937,-2.7757702,-1.8078376,-1.9244012,2.618742,-6.1091547,2.3149788,-2.9076126,0.28419846,-0.5773675,-0.7279947,0.64171034,-2.3745475,1.8911453,3.4582038,2.8151486
Sapanisertib,14.596058,-15.861111,-4.3365574,8.864542,-16.965513,3.2047958,-1.0113372,7.4784107,-9.452811,16.904099,-16.479273,-2.6495838,3.0779462,7.7794366,-4.5280933,2.5497792,5.05288,1.9638221,-7.211732,1.5871544
Silodosin,-7.416064,10.235715,3.579545,-3.3984377,4.3036647,0.25706127,-1.2412709,-1.4458237,-2.0496597,2.0015388,-0.55536944,-1.0312253,-2.1863272,2.919881,-2.6989543,-2.353327,-1.2701297,2.1221855,0.63623464,-2.557727
Sonidegib,-6.01823,3.6829286,-7.4412313,-2.1118832,-1.8926696,-3.1112523,-0.46167564,1.0784768,-3.492724,-0.89441264,0.7359399,-0.50118226,2.9488428,8.086708,0.8134373,-2.1591418,-4.6935573,1.0939887,1.2169893,0.24862826
Sulfisoxazole,-12.756097,7.331514,-8.604199,2.898178,-4.2095885,2.2024696,1.6587458,1.2380612,1.9209684,-3.878412,0.4345502,-0.6379572,-1.6730123,-1.3632655,0.86535716,-0.0064884243,0.8981642,0.13618837,-1.0545783,1.3109276
TAK-733,-7.3761587,4.415967,-11.50095,8.499281,-9.267096,-0.14908722,1.242442,-3.2049487,0.5502266,0.09807372,-6.1722627,-5.169112,2.2754505,0.5482394,-2.8637447,2.0736978,1.5950775,-3.6308956,-2.0803604,1.4089267
Tadalafil,-11.362607,6.6640763,-6.8606505,3.9700327,-3.8255134,-0.8844361,-0.10342986,2.765779,1.1156877,-3.168355,-0.30537206,-0.20390028,-0.23870441,-0.28565383,1.1713908,0.9978542,2.2598705,0.1991625,0.6426777,1.3629816
Terfenadine,48.179462,-102.66073,-42.079777,-0.7083794,50.541237,-12.43448,63.09533,3.5082393,7.24233,0.037027467,-4.7615147,4.244283,-0.77372557,-0.3473552,-2.3296616,1.2430991,-0.7531948,1.2869761,-0.7081112,-0.30341193
Tofacitinib,-10.631122,6.534702,-11.689247,4.07614,-8.333333,0.025292682,0.80012816,-0.27791497,-0.73346674,-3.9144154,-0.7807465,-2.71167,2.8741288,1.3242663,-2.1958714,2.0397103,-0.2526355,0.5442598,1.1722934,2.7169814
Tolcapone,-12.819918,10.366768,-4.0229707,3.5397012,-2.498431,1.4825397,0.94639814,0.443605,0.8745677,-3.0816934,1.636415,-0.053233486,-0.46293452,0.6689441,-1.9089258,-1.5007054,0.36149743,1.0113964,0.69698477,-0.91751474
Tomivosertib,-10.780083,3.916825,-8.103974,0.04932121,-5.5423474,0.7060973,2.110729,-0.12002581,0.8117525,-1.3844385,1.2102195,-3.5944924,1.370284,-0.20239848,-1.4072405,-2.4983346,-1.2885915,2.6989012,-0.34953362,1.5340978
Torkinib,12.953431,-13.520544,-8.5760565,-15.339538,-6.7548604,0.8030761,-3.4553537,4.9452186,7.9348702,20.861183,-1.5392833,3.0376515,-2.1250768,-2.9007363,2.013434,-4.418387,5.242398,0.21135357,-5.77027,-4.2556376
Trametinib (DMSO_TF solvate),-9.17493,6.9372253,-10.976704,12.063588,-10.371939,0.6978075,1.5834036,-1.5983237,-0.80549735,0.2787761,-7.0328135,-4.306099,2.5883136,1.6672543,-8.000744,0.40514544,0.8530564,-3.9666064,1.8105493,1.7555523
Tranilast,-11.8124075,7.635411,-6.351456,4.500244,-2.0618596,1.8287545,0.35503554,1.8783895,0.4730187,-1.3290355,-0.6001825,-2.1830227,-1.1470951,0.38225132,-0.8503733,-1.5872097,0.11236832,1.5383214,-0.07054385,-0.37630317
Triclosan,-9.437152,9.081785,-3.4398565,-6.128722,2.581357,6.9140396,2.3785985,4.7519946,-2.8910306,1.6865605,-2.0447078,1.0316418,-1.7172673,-2.6626718,4.18016,-1.5886972,1.6828345,-1.8646053,0.39379248,0.10575068
Trimetrexate,-5.371305,11.361705,18.63157,-1.8302826,14.842057,-6.5766344,-5.9671054,-2.056231,1.8572024,-1.5680554,-2.2407248,1.9722612,-4.2548757,1.7913145,1.1242996,5.323367,1.9288116,0.5571403,2.8901935,-0.13619722
Valdecoxib,-12.860874,7.509906,-7.8473926,1.8070731,-3.7507677,1.2027477,0.941117,3.0820084,0.68527144,-2.9707608,1.3571825,-0.5652633,0.47274998,0.948632,0.1059775,-0.15879044,0.08478695,1.3171813,1.7494555,-0.3540397
Vemurafenib,-1.9478939,-3.0235462,-2.5089989,-12.224264,0.5739172,0.4093218,-2.9325135,7.6524725,-2.814837,3.972193,-5.0514865,3.0590286,-0.6729804,-1.0992112,3.498343,1.3584415,-0.6676482,4.0756927,1.7165108,-1.9190112
Vinblastine (sulfate),1.1686584,-1.381338,22.17496,-15.826611,22.077625,-4.2401724,-2.5982676,-1.3581297,-4.267299,4.4727764,15.87137,-2.9610927,14.805335,-2.7596753,7.5684342,4.78224,10.728017,1.8087323,-0.5733199,-3.7095618
Vismodegib,-9.897813,5.9262457,-7.7396035,1.2708671,-1.5734652,-1.4192454,0.58860755,-0.25943226,0.39809564,-1.4920224,0.9840404,-0.4707521,-0.036651555,2.4267626,0.41364598,-1.1430774,-0.7242473,0.5988466,0.2688662,-0.77755433
Voriconazole,-12.145612,7.7290983,-4.3660617,1.1505948,-1.4598066,-0.014723979,0.046409357,1.9036412,2.0093513,-1.7146652,0.6972271,-1.0174053,-0.56827116,1.3808541,-1.5165675,-0.71155626,0.22150248,2.1187043,1.2692081,-0.8326978
Vortioxetine,60.30209,-98.76888,-42.340073,-7.9744844,-8.612226,-30.408434,-16.821539,12.745339,-35.95864,-7.6997867,18.537922,-10.468652,-13.533288,-7.57551,-6.9264164,3.2391896,-0.32607606,0.12995325,0.27797303,-2.053634
Zileuton,-12.545685,8.498525,-8.1189375,2.9920652,-3.724668,2.448352,1.7068152,1.2978238,0.66056645,-3.2096531,1.3850585,-0.7759672,-0.59961253,-0.6222335,1.5166643,-0.94072574,0.5751563,-0.22119012,-0.4813724,0.6028173
olaparib,-17.25613,11.944974,11.680928,-2.279426,10.855836,0.90160006,1.4685651,-4.237539,2.4398744,-5.917307,4.7557216,-5.2451587,0.23857759,-3.5626152,1.2596741,-0.4206868,3.2422612,1.1417897,4.139916,3.3918178
palbociclib,-0.8190925,10.537526,12.552944,-11.482782,9.209497,2.18596,-2.6542757,-3.2080643,1.1348633,3.841772,-4.25708,2.2831635,-3.8544202,-4.796982,-0.3892497,1.3444806,-3.8191686,-5.152908,0.5660567,-3.0370133
venetoclax,-6.024587,7.2508297,1.3935353,-0.46841344,3.2600884,7.2794704,-1.0349755,9.172893,-5.086896,5.765189,-0.4672215,5.068644,-2.272569,0.57607263,1.5811672,-2.012006,-2.278126,-0.034809656,3.374765,-1.9359114
Idarubicin (hydrochloride),314.3795,135.45714,-10.382144,10.031926,-1.060991,-3.7961144,3.8234851,3.202562,2.002872,-2.7403147,0.89303815,-1.2904568,0.7505855,-0.6397003,0.44839397,-0.54586387,0.29600886,0.7270038,0.95800304,0.22260137
