model,n,n_features,kind,cv_scheme,scoring,score_mean,score_std,n_folds,permuted,n_trials,seconds,tuned_folds,mean_inner_best,best_params_fold0,target,block,chance,degenerate
elastic_net,64,1024,classification,stratified_5fold_x5,balanced_accuracy,0.6606666666666666,0.1383939626171925,25,False,20,6.0,25,0.6919841269841269,"{'C': 60.53082080079022, 'l1_ratio': 0.3834415188257777}",moa-fine,ecfp,0.5,False
elastic_net,64,1024,classification,stratified_5fold_x5,balanced_accuracy,0.486,0.1313756277075605,25,True,20,4.4,25,0.5983089133089132,"{'C': 0.19628224813442816, 'l1_ratio': 0.7151893663724195}",moa-fine,ecfp,0.5,
sparse_plsda,64,1024,classification,stratified_5fold_x5,balanced_accuracy,0.6613333333333332,0.1083943417957475,25,False,20,0.3,25,0.6334371184371185,"{'n_components': 1.0, 'keep_x': 149.0}",moa-fine,ecfp,0.5,False
sparse_plsda,64,1024,classification,stratified_5fold_x5,balanced_accuracy,0.5066666666666666,0.1068747969458759,25,True,20,0.3,25,0.5760805860805861,"{'n_components': 2.0, 'keep_x': 91.0}",moa-fine,ecfp,0.5,
linear_svm,64,1024,classification,stratified_5fold_x5,balanced_accuracy,0.6659999999999999,0.1471567569332482,25,False,20,0.3,25,0.7047802197802198,{'C': 0.0008462786099990467},moa-fine,ecfp,0.5,False
linear_svm,64,1024,classification,stratified_5fold_x5,balanced_accuracy,0.532,0.1502531197679436,25,True,20,0.4,25,0.591043956043956,{'C': 0.0694535625742477},moa-fine,ecfp,0.5,
xgboost,64,1024,classification,stratified_5fold_x5,balanced_accuracy,0.5826666666666667,0.1311894304685658,25,False,20,3.0,25,0.5842551892551893,"{'max_depth': 2.0, 'n_estimators': 400.0, 'learning_rate': 0.06695371014176119, 'subsample': 0.8676496872090057, 'colsample_bytree': 0.9878696728610378, 'min_child_weight': 1.0, 'reg_alpha': 0.004002543186404072, 'reg_lambda': 0.014485075716641024}",moa-fine,ecfp,0.5,False
xgboost,64,1024,classification,stratified_5fold_x5,balanced_accuracy,0.514,0.0666133119829162,25,True,20,2.7,25,0.5318070818070818,"{'max_depth': 3.0, 'n_estimators': 300.0, 'learning_rate': 0.07768811685516967, 'subsample': 0.7724415914984484, 'colsample_bytree': 0.4812893194050143, 'min_child_weight': 4.0, 'reg_alpha': 0.0562793204741517, 'reg_lambda': 6.847663737979948}",moa-fine,ecfp,0.5,
elastic_net,64,636,classification,stratified_5fold_x5,balanced_accuracy,0.7233333333333333,0.1477234653744022,25,False,20,6.4,25,0.7381379731379731,"{'C': 1.429790622120306, 'l1_ratio': 0.6798650727233168}",moa-fine,morphology,0.5,False
elastic_net,64,636,classification,stratified_5fold_x5,balanced_accuracy,0.4853333333333333,0.0775055553564459,25,True,20,5.3,25,0.548992673992674,"{'C': 0.19628224813442816, 'l1_ratio': 0.7151893663724195}",moa-fine,morphology,0.5,
sparse_plsda,64,636,classification,stratified_5fold_x5,balanced_accuracy,0.6919999999999998,0.1201961360074071,25,False,20,0.3,25,0.7564041514041514,"{'n_components': 1.0, 'keep_x': 6.0}",moa-fine,morphology,0.5,False
sparse_plsda,64,636,classification,stratified_5fold_x5,balanced_accuracy,0.482,0.1618586488953315,25,True,20,0.3,25,0.5487362637362638,"{'n_components': 1.0, 'keep_x': 19.0}",moa-fine,morphology,0.5,
linear_svm,64,636,classification,stratified_5fold_x5,balanced_accuracy,0.7446666666666667,0.1507551362677607,25,False,20,0.4,25,0.7934065934065935,{'C': 8.66545991290016e-05},moa-fine,morphology,0.5,False
linear_svm,64,636,classification,stratified_5fold_x5,balanced_accuracy,0.4773333333333333,0.1268314717340385,25,True,20,0.5,25,0.5424420024420025,{'C': 1.0146717394418023},moa-fine,morphology,0.5,
xgboost,64,636,classification,stratified_5fold_x5,balanced_accuracy,0.6393333333333332,0.147413251326557,25,False,20,5.0,25,0.6708363858363859,"{'max_depth': 2.0, 'n_estimators': 150.0, 'learning_rate': 0.06954241509602922, 'subsample': 0.7193007567311602, 'colsample_bytree': 0.9895364542533036, 'min_child_weight': 1.0, 'reg_alpha': 0.006847105576684045, 'reg_lambda': 0.0049407977325260895}",moa-fine,morphology,0.5,False
xgboost,64,636,classification,stratified_5fold_x5,balanced_accuracy,0.5166666666666666,0.0795822425754221,25,True,20,5.5,25,0.5398351648351648,"{'max_depth': 3.0, 'n_estimators': 300.0, 'learning_rate': 0.07768811685516967, 'subsample': 0.7724415914984484, 'colsample_bytree': 0.4812893194050143, 'min_child_weight': 4.0, 'reg_alpha': 0.0562793204741517, 'reg_lambda': 6.847663737979948}",moa-fine,morphology,0.5,
elastic_net,64,41780,classification,stratified_5fold_x5,balanced_accuracy,0.6726666666666665,0.1911299732293882,25,False,20,321.5,25,0.703095238095238,"{'C': 0.41359973938398914, 'l1_ratio': 0.5448831829968969}",moa-fine,expression,0.5,False
elastic_net,64,41780,classification,stratified_5fold_x5,balanced_accuracy,0.4346666666666667,0.1060314418777122,25,True,20,305.6,25,0.5405372405372405,"{'C': 0.034828020870283326, 'l1_ratio': 0.6458941130666561}",moa-fine,expression,0.5,
sparse_plsda,64,41780,classification,stratified_5fold_x5,balanced_accuracy,0.5780000000000001,0.1470238075959128,25,False,20,13.1,25,0.6243894993894994,"{'n_components': 1.0, 'keep_x': 275.0}",moa-fine,expression,0.5,False
sparse_plsda,64,41780,classification,stratified_5fold_x5,balanced_accuracy,0.4666666666666666,0.1169639070634849,24,True,20,14.2,24,0.5612535612535612,"{'n_components': 2.0, 'keep_x': 91.0}",moa-fine,expression,0.5,
linear_svm,64,41780,classification,stratified_5fold_x5,balanced_accuracy,0.73,0.1762573875520304,25,False,20,17.2,25,0.7235103785103786,{'C': 1.5006703952829317e-05},moa-fine,expression,0.5,False
linear_svm,64,41780,classification,stratified_5fold_x5,balanced_accuracy,0.3913333333333333,0.1481080686525889,25,True,20,19.6,25,0.4794139194139194,{'C': 1.2340780149707043e-05},moa-fine,expression,0.5,
xgboost,64,41780,classification,stratified_5fold_x5,balanced_accuracy,0.4893333333333334,0.0405188570640606,25,False,20,438.3,25,0.5379548229548229,"{'max_depth': 3.0, 'n_estimators': 150.0, 'learning_rate': 0.04884246274247253, 'subsample': 0.6222127960008014, 'colsample_bytree': 0.24307262528096776, 'min_child_weight': 1.0, 'reg_alpha': 0.4220057397195018, 'reg_lambda': 0.0039294251332449084}",moa-fine,expression,0.5,False
xgboost,64,41780,classification,stratified_5fold_x5,balanced_accuracy,0.5,0.0,25,True,20,441.5,25,0.5033333333333334,"{'max_depth': 3.0, 'n_estimators': 300.0, 'learning_rate': 0.07768811685516967, 'subsample': 0.7724415914984484, 'colsample_bytree': 0.4812893194050143, 'min_child_weight': 4.0, 'reg_alpha': 0.0562793204741517, 'reg_lambda': 6.847663737979948}",moa-fine,expression,0.5,
elastic_net,64,42416,classification,stratified_5fold_x5,balanced_accuracy,0.7266666666666667,0.1423610433604175,25,False,20,311.6,25,0.729053724053724,"{'C': 2.3545983921755114, 'l1_ratio': 0.9888546534340469}",moa-fine,morphology+expression,0.5,False
elastic_net,64,42416,classification,stratified_5fold_x5,balanced_accuracy,0.4546666666666666,0.1032279032045115,25,True,20,290.4,25,0.5387728937728938,"{'C': 0.034828020870283326, 'l1_ratio': 0.6458941130666561}",moa-fine,morphology+expression,0.5,
sparse_plsda,64,42416,classification,stratified_5fold_x5,balanced_accuracy,0.5633333333333334,0.1228368384845885,25,False,20,16.5,25,0.6391697191697192,"{'n_components': 2.0, 'keep_x': 24.0}",moa-fine,morphology+expression,0.5,False
sparse_plsda,64,42416,classification,stratified_5fold_x5,balanced_accuracy,0.4645833333333333,0.1176852853541549,24,True,20,17.4,24,0.5605095136345136,"{'n_components': 2.0, 'keep_x': 91.0}",moa-fine,morphology+expression,0.5,
linear_svm,64,42416,classification,stratified_5fold_x5,balanced_accuracy,0.7293333333333334,0.1404184223431289,25,False,20,19.8,25,0.7381318681318682,{'C': 1.3878460745854545e-05},moa-fine,morphology+expression,0.5,False
linear_svm,64,42416,classification,stratified_5fold_x5,balanced_accuracy,0.3853333333333333,0.1606459184390039,25,True,20,23.0,25,0.478949938949939,{'C': 0.0694535625742477},moa-fine,morphology+expression,0.5,
xgboost,64,42416,classification,stratified_5fold_x5,balanced_accuracy,0.5206666666666666,0.0949011181294626,25,False,20,560.6,25,0.5951465201465201,"{'max_depth': 4.0, 'n_estimators': 250.0, 'learning_rate': 0.12358960550136179, 'subsample': 0.5195938961271603, 'colsample_bytree': 0.3545262663187686, 'min_child_weight': 1.0, 'reg_alpha': 0.015295398277813725, 'reg_lambda': 0.003240794406053531}",moa-fine,morphology+expression,0.5,False
xgboost,64,42416,classification,stratified_5fold_x5,balanced_accuracy,0.496,0.0135646599662505,25,True,20,595.2,25,0.5088888888888888,"{'max_depth': 3.0, 'n_estimators': 300.0, 'learning_rate': 0.07768811685516967, 'subsample': 0.7724415914984484, 'colsample_bytree': 0.4812893194050143, 'min_child_weight': 4.0, 'reg_alpha': 0.0562793204741517, 'reg_lambda': 6.847663737979948}",moa-fine,morphology+expression,0.5,
elastic_net,64,1660,classification,stratified_5fold_x5,balanced_accuracy,0.7653333333333333,0.1352298454894891,25,False,20,10.1,25,0.7718986568986569,"{'C': 1.429790622120306, 'l1_ratio': 0.6798650727233168}",moa-fine,morphology+ecfp,0.5,False
elastic_net,64,1660,classification,stratified_5fold_x5,balanced_accuracy,0.4473333333333333,0.1020544516966854,25,True,20,8.3,25,0.5635042735042735,"{'C': 0.19628224813442816, 'l1_ratio': 0.7151893663724195}",moa-fine,morphology+ecfp,0.5,
sparse_plsda,64,1660,classification,stratified_5fold_x5,balanced_accuracy,0.6926666666666667,0.1643221767680119,25,False,20,0.4,25,0.7276373626373627,"{'n_components': 1.0, 'keep_x': 149.0}",moa-fine,morphology+ecfp,0.5,False
sparse_plsda,64,1660,classification,stratified_5fold_x5,balanced_accuracy,0.5033333333333333,0.1188836966675134,25,True,20,0.3,25,0.5806471306471307,"{'n_components': 1.0, 'keep_x': 6.0}",moa-fine,morphology+ecfp,0.5,
linear_svm,64,1660,classification,stratified_5fold_x5,balanced_accuracy,0.774,0.1168170459403173,25,False,20,0.4,25,0.7963431013431014,{'C': 2.8280842728576074e-05},moa-fine,morphology+ecfp,0.5,False
linear_svm,64,1660,classification,stratified_5fold_x5,balanced_accuracy,0.4646666666666666,0.1385095263470671,25,True,20,0.4,25,0.5252625152625152,{'C': 2.8280842728576074e-05},moa-fine,morphology+ecfp,0.5,
xgboost,64,1660,classification,stratified_5fold_x5,balanced_accuracy,0.6606666666666666,0.1433627876713092,25,False,20,6.5,25,0.6744566544566546,"{'max_depth': 2.0, 'n_estimators': 150.0, 'learning_rate': 0.06954241509602922, 'subsample': 0.7193007567311602, 'colsample_bytree': 0.9895364542533036, 'min_child_weight': 1.0, 'reg_alpha': 0.006847105576684045, 'reg_lambda': 0.0049407977325260895}",moa-fine,morphology+ecfp,0.5,False
xgboost,64,1660,classification,stratified_5fold_x5,balanced_accuracy,0.5106666666666667,0.0559523606889527,25,True,20,6.1,25,0.536050061050061,"{'max_depth': 3.0, 'n_estimators': 300.0, 'learning_rate': 0.07768811685516967, 'subsample': 0.7724415914984484, 'colsample_bytree': 0.4812893194050143, 'min_child_weight': 4.0, 'reg_alpha': 0.0562793204741517, 'reg_lambda': 6.847663737979948}",moa-fine,morphology+ecfp,0.5,
elastic_net,70,1024,classification,stratified_5fold_x5,balanced_accuracy,0.5233333333333333,0.0963354929965293,25,False,20,6.0,25,0.5826296296296296,"{'C': 9.636436344021249, 'l1_ratio': 0.4370182935190969}",tox_cardiotoxicity,ecfp,0.5,False
elastic_net,70,1024,classification,stratified_5fold_x5,balanced_accuracy,0.439642857142857,0.0796708791189844,25,True,20,4.1,25,0.5237037037037037,"{'C': 0.19628224813442816, 'l1_ratio': 0.7151893663724195}",tox_cardiotoxicity,ecfp,0.5,
sparse_plsda,70,1024,classification,stratified_5fold_x5,balanced_accuracy,0.5179811507936508,0.146231334445183,24,False,20,0.4,24,0.5743441358024691,"{'n_components': 3.0, 'keep_x': 42.0}",tox_cardiotoxicity,ecfp,0.5,False
sparse_plsda,70,1024,classification,stratified_5fold_x5,balanced_accuracy,0.3772619047619047,0.1002557670204646,25,True,20,0.5,25,0.5227407407407408,"{'n_components': 1.0, 'keep_x': 6.0}",tox_cardiotoxicity,ecfp,0.5,
linear_svm,70,1024,classification,stratified_5fold_x5,balanced_accuracy,0.5419047619047619,0.121340771245447,25,False,20,0.4,25,0.574462962962963,{'C': 0.00043812421694790606},tox_cardiotoxicity,ecfp,0.5,False
linear_svm,70,1024,classification,stratified_5fold_x5,balanced_accuracy,0.4408333333333333,0.1189443599796773,25,True,20,0.5,25,0.4783888888888888,{'C': 1.3878460745854545e-05},tox_cardiotoxicity,ecfp,0.5,
xgboost,70,1024,classification,stratified_5fold_x5,balanced_accuracy,0.4820238095238094,0.0994830743703058,25,False,20,3.1,25,0.554,"{'max_depth': 2.0, 'n_estimators': 100.0, 'learning_rate': 0.041857485695196456, 'subsample': 0.6525312143044206, 'colsample_bytree': 0.3128719312488425, 'min_child_weight': 1.0, 'reg_alpha': 0.0011332998948390667, 'reg_lambda': 0.0010106350267778666}",tox_cardiotoxicity,ecfp,0.5,False
xgboost,70,1024,classification,stratified_5fold_x5,balanced_accuracy,0.5175,0.1128139358722322,25,True,20,3.0,25,0.6090740740740741,"{'max_depth': 4.0, 'n_estimators': 100.0, 'learning_rate': 0.03557568870648971, 'subsample': 0.6185152525288414, 'colsample_bytree': 0.274350998236228, 'min_child_weight': 2.0, 'reg_alpha': 0.5023764959010182, 'reg_lambda': 0.020960708229877376}",tox_cardiotoxicity,ecfp,0.5,
elastic_net,70,636,classification,stratified_5fold_x5,balanced_accuracy,0.4827380952380952,0.0609356375812844,25,False,20,4.8,25,0.5040925925925925,"{'C': 0.034828020870283326, 'l1_ratio': 0.6458941130666561}",tox_cardiotoxicity,morphology,0.5,False
elastic_net,70,636,classification,stratified_5fold_x5,balanced_accuracy,0.5095238095238094,0.0877082878875898,25,True,20,5.3,25,0.5445925925925925,"{'C': 60.53082080079022, 'l1_ratio': 0.3834415188257777}",tox_cardiotoxicity,morphology,0.5,
sparse_plsda,70,636,classification,stratified_5fold_x5,balanced_accuracy,0.4236904761904762,0.1264145584557774,25,False,20,0.3,25,0.4867222222222221,"{'n_components': 3.0, 'keep_x': 12.0}",tox_cardiotoxicity,morphology,0.5,False
sparse_plsda,70,636,classification,stratified_5fold_x5,balanced_accuracy,0.503452380952381,0.1118435749641926,25,True,20,0.3,25,0.5369259259259259,"{'n_components': 2.0, 'keep_x': 91.0}",tox_cardiotoxicity,morphology,0.5,
linear_svm,70,636,classification,stratified_5fold_x5,balanced_accuracy,0.4051190476190476,0.1269025283462874,25,False,20,0.5,25,0.4786296296296296,{'C': 2.8280842728576074e-05},tox_cardiotoxicity,morphology,0.5,False
linear_svm,70,636,classification,stratified_5fold_x5,balanced_accuracy,0.5166666666666666,0.1107686758361101,25,True,20,0.5,25,0.5513518518518519,{'C': 0.0014078225549666694},tox_cardiotoxicity,morphology,0.5,
xgboost,70,636,classification,stratified_5fold_x5,balanced_accuracy,0.4698809523809524,0.1111560566691728,25,False,20,5.3,25,0.5403148148148148,"{'max_depth': 3.0, 'n_estimators': 300.0, 'learning_rate': 0.07768811685516967, 'subsample': 0.7724415914984484, 'colsample_bytree': 0.4812893194050143, 'min_child_weight': 4.0, 'reg_alpha': 0.0562793204741517, 'reg_lambda': 6.847663737979948}",tox_cardiotoxicity,morphology,0.5,False
xgboost,70,636,classification,stratified_5fold_x5,balanced_accuracy,0.4751190476190476,0.1085224670302888,25,True,20,5.0,25,0.5507592592592593,"{'max_depth': 2.0, 'n_estimators': 150.0, 'learning_rate': 0.06954241509602922, 'subsample': 0.7193007567311602, 'colsample_bytree': 0.9895364542533036, 'min_child_weight': 1.0, 'reg_alpha': 0.006847105576684045, 'reg_lambda': 0.0049407977325260895}",tox_cardiotoxicity,morphology,0.5,
elastic_net,70,41780,classification,stratified_5fold_x5,balanced_accuracy,0.5203571428571427,0.0675991335531962,25,False,20,328.6,25,0.5825925925925926,"{'C': 5.627949975223147, 'l1_ratio': 0.5288949197529045}",tox_cardiotoxicity,expression,0.5,False
elastic_net,70,41780,classification,stratified_5fold_x5,balanced_accuracy,0.5446428571428572,0.1611963669177534,25,True,20,334.2,25,0.5920925925925926,"{'C': 4.665954567021848, 'l1_ratio': 0.8700121482468192}",tox_cardiotoxicity,expression,0.5,
sparse_plsda,70,41780,classification,stratified_5fold_x5,balanced_accuracy,0.5426190476190477,0.0936841983738096,25,False,20,17.9,25,0.5939444444444445,"{'n_components': 2.0, 'keep_x': 121.0}",tox_cardiotoxicity,expression,0.5,False
sparse_plsda,70,41780,classification,stratified_5fold_x5,balanced_accuracy,0.4871428571428571,0.0906785018786032,25,True,20,17.5,25,0.6307037037037037,"{'n_components': 3.0, 'keep_x': 9.0}",tox_cardiotoxicity,expression,0.5,
linear_svm,70,41780,classification,stratified_5fold_x5,balanced_accuracy,0.569047619047619,0.1012184835190474,25,False,20,26.6,25,0.5657407407407408,{'C': 1.5006703952829317e-05},tox_cardiotoxicity,expression,0.5,False
linear_svm,70,41780,classification,stratified_5fold_x5,balanced_accuracy,0.5286904761904762,0.1233619428115509,25,True,20,25.7,25,0.5793703703703703,{'C': 0.0694535625742477},tox_cardiotoxicity,expression,0.5,
xgboost,70,41780,classification,stratified_5fold_x5,balanced_accuracy,0.5778571428571428,0.0977883259358825,25,False,20,627.4,25,0.5953703703703703,"{'max_depth': 4.0, 'n_estimators': 250.0, 'learning_rate': 0.12358960550136179, 'subsample': 0.5195938961271603, 'colsample_bytree': 0.3545262663187686, 'min_child_weight': 1.0, 'reg_alpha': 0.015295398277813725, 'reg_lambda': 0.003240794406053531}",tox_cardiotoxicity,expression,0.5,False
xgboost,70,41780,classification,stratified_5fold_x5,balanced_accuracy,0.5159523809523809,0.1391072320027425,25,True,20,571.5,25,0.6042592592592593,"{'max_depth': 2.0, 'n_estimators': 100.0, 'learning_rate': 0.06522651620346191, 'subsample': 0.7269123871420201, 'colsample_bytree': 0.275933321051303, 'min_child_weight': 3.0, 'reg_alpha': 0.0037296504706032995, 'reg_lambda': 0.007496842719865075}",tox_cardiotoxicity,expression,0.5,
elastic_net,70,42416,classification,stratified_5fold_x5,balanced_accuracy,0.5071428571428571,0.0650364018076853,25,False,20,320.4,25,0.5745370370370371,"{'C': 5.627949975223147, 'l1_ratio': 0.5288949197529045}",tox_cardiotoxicity,morphology+expression,0.5,False
elastic_net,70,42416,classification,stratified_5fold_x5,balanced_accuracy,0.5473809523809524,0.1455863311530107,25,True,20,326.9,25,0.594,"{'C': 3.6563777858974738, 'l1_ratio': 0.99391921763983}",tox_cardiotoxicity,morphology+expression,0.5,
sparse_plsda,70,42416,classification,stratified_5fold_x5,balanced_accuracy,0.5545238095238095,0.0963025337389165,25,False,20,13.3,25,0.5921851851851853,"{'n_components': 2.0, 'keep_x': 91.0}",tox_cardiotoxicity,morphology+expression,0.5,False
sparse_plsda,70,42416,classification,stratified_5fold_x5,balanced_accuracy,0.4882142857142857,0.0937588998043226,25,True,20,13.3,25,0.6298888888888889,"{'n_components': 3.0, 'keep_x': 8.0}",tox_cardiotoxicity,morphology+expression,0.5,
linear_svm,70,42416,classification,stratified_5fold_x5,balanced_accuracy,0.5477380952380951,0.104204006912831,25,False,20,20.0,25,0.5598148148148148,{'C': 1.5006703952829317e-05},tox_cardiotoxicity,morphology+expression,0.5,False
linear_svm,70,42416,classification,stratified_5fold_x5,balanced_accuracy,0.5344047619047619,0.1207118202058728,25,True,20,19.4,25,0.5787037037037037,{'C': 2.8280842728576074e-05},tox_cardiotoxicity,morphology+expression,0.5,
xgboost,70,42416,classification,stratified_5fold_x5,balanced_accuracy,0.545952380952381,0.1132739190000221,25,False,20,463.1,25,0.5823703703703703,"{'max_depth': 3.0, 'n_estimators': 50.0, 'learning_rate': 0.035504155773912305, 'subsample': 0.6552551230259499, 'colsample_bytree': 0.12495042392317174, 'min_child_weight': 2.0, 'reg_alpha': 0.7262934708242144, 'reg_lambda': 0.05495816702873804}",tox_cardiotoxicity,morphology+expression,0.5,False
xgboost,70,42416,classification,stratified_5fold_x5,balanced_accuracy,0.4991666666666666,0.1428857114291427,25,True,20,527.1,25,0.5938518518518519,"{'max_depth': 4.0, 'n_estimators': 200.0, 'learning_rate': 0.1477317633429356, 'subsample': 0.7644474598764522, 'colsample_bytree': 0.6112401049845391, 'min_child_weight': 6.0, 'reg_alpha': 0.0019237305096546497, 'reg_lambda': 0.0023699857324257566}",tox_cardiotoxicity,morphology+expression,0.5,
elastic_net,70,1660,classification,stratified_5fold_x5,balanced_accuracy,0.4652380952380952,0.0833321428486393,25,False,20,9.4,25,0.5294814814814814,"{'C': 0.49192475175920786, 'l1_ratio': 0.5150110376051357}",tox_cardiotoxicity,morphology+ecfp,0.5,False
elastic_net,70,1660,classification,stratified_5fold_x5,balanced_accuracy,0.4585714285714286,0.0716856484907996,25,True,20,9.4,25,0.5278888888888889,"{'C': 0.1808089109751104, 'l1_ratio': 0.9713680994357693}",tox_cardiotoxicity,morphology+ecfp,0.5,
sparse_plsda,70,1660,classification,stratified_5fold_x5,balanced_accuracy,0.4004761904761904,0.1286983500520595,25,False,20,0.4,25,0.528537037037037,"{'n_components': 3.0, 'keep_x': 293.0}",tox_cardiotoxicity,morphology+ecfp,0.5,False
sparse_plsda,70,1660,classification,stratified_5fold_x5,balanced_accuracy,0.4385714285714286,0.1198185750612367,25,True,20,0.4,25,0.540074074074074,"{'n_components': 1.0, 'keep_x': 11.0}",tox_cardiotoxicity,morphology+ecfp,0.5,
linear_svm,70,1660,classification,stratified_5fold_x5,balanced_accuracy,0.4695238095238095,0.0994039777556753,25,False,20,0.5,25,0.4946296296296296,{'C': 0.0694535625742477},tox_cardiotoxicity,morphology+ecfp,0.5,False
linear_svm,70,1660,classification,stratified_5fold_x5,balanced_accuracy,0.4128571428571428,0.1108247017251644,25,True,20,0.5,25,0.4978148148148147,{'C': 0.16570805984346834},tox_cardiotoxicity,morphology+ecfp,0.5,
xgboost,70,1660,classification,stratified_5fold_x5,balanced_accuracy,0.4272619047619047,0.1033079571649998,25,False,20,6.3,25,0.529074074074074,"{'max_depth': 2.0, 'n_estimators': 350.0, 'learning_rate': 0.15982018746270682, 'subsample': 0.6535966745247906, 'colsample_bytree': 0.5560348904850134, 'min_child_weight': 4.0, 'reg_alpha': 0.5571456505972306, 'reg_lambda': 0.015343115969491299}",tox_cardiotoxicity,morphology+ecfp,0.5,False
xgboost,70,1660,classification,stratified_5fold_x5,balanced_accuracy,0.4884523809523809,0.1199853543594841,25,True,20,6.3,25,0.5552222222222222,"{'max_depth': 2.0, 'n_estimators': 150.0, 'learning_rate': 0.06954241509602922, 'subsample': 0.7193007567311602, 'colsample_bytree': 0.9895364542533036, 'min_child_weight': 1.0, 'reg_alpha': 0.006847105576684045, 'reg_lambda': 0.0049407977325260895}",tox_cardiotoxicity,morphology+ecfp,0.5,
elastic_net,70,1024,classification,stratified_5fold_x5,balanced_accuracy,0.5792777777777778,0.0970314954595213,25,False,20,6.7,25,0.6075194805194806,"{'C': 4.4854535828666435, 'l1_ratio': 0.99391921763983}",tox_pulmonary_toxicity,ecfp,0.5,False
elastic_net,70,1024,classification,stratified_5fold_x5,balanced_accuracy,0.4877222222222221,0.0809250911051101,25,True,20,4.8,25,0.5423701298701298,"{'C': 4.665954567021848, 'l1_ratio': 0.8700121482468192}",tox_pulmonary_toxicity,ecfp,0.5,
sparse_plsda,70,1024,classification,stratified_5fold_x5,balanced_accuracy,0.5603888888888889,0.117578526426143,25,False,20,0.3,25,0.6417965367965368,"{'n_components': 2.0, 'keep_x': 68.0}",tox_pulmonary_toxicity,ecfp,0.5,False
sparse_plsda,70,1024,classification,stratified_5fold_x5,balanced_accuracy,0.5026666666666666,0.1124399153677253,25,True,20,0.3,25,0.5583809523809523,"{'n_components': 2.0, 'keep_x': 68.0}",tox_pulmonary_toxicity,ecfp,0.5,
linear_svm,70,1024,classification,stratified_5fold_x5,balanced_accuracy,0.5497222222222222,0.1093287600669548,25,False,20,0.3,25,0.5771731601731601,{'C': 1.3878460745854545e-05},tox_pulmonary_toxicity,ecfp,0.5,False
linear_svm,70,1024,classification,stratified_5fold_x5,balanced_accuracy,0.4696666666666667,0.1047960099607981,25,True,20,0.3,25,0.5076904761904761,{'C': 0.004831596208381852},tox_pulmonary_toxicity,ecfp,0.5,
xgboost,70,1024,classification,stratified_5fold_x5,balanced_accuracy,0.6163333333333333,0.1063974322070176,25,False,20,2.7,25,0.664969696969697,"{'max_depth': 1.0, 'n_estimators': 300.0, 'learning_rate': 0.01628359108363256, 'subsample': 0.972334458524792, 'colsample_bytree': 0.5696634895750645, 'min_child_weight': 3.0, 'reg_alpha': 0.011434638743472197, 'reg_lambda': 2.13797351992414}",tox_pulmonary_toxicity,ecfp,0.5,False
xgboost,70,1024,classification,stratified_5fold_x5,balanced_accuracy,0.5627777777777778,0.0919112897591214,25,True,20,2.7,25,0.603404761904762,"{'max_depth': 2.0, 'n_estimators': 100.0, 'learning_rate': 0.01542850471749604, 'subsample': 0.5799709493228353, 'colsample_bytree': 0.9074064156289291, 'min_child_weight': 2.0, 'reg_alpha': 0.1597464723372177, 'reg_lambda': 0.014617908677685483}",tox_pulmonary_toxicity,ecfp,0.5,
elastic_net,70,636,classification,stratified_5fold_x5,balanced_accuracy,0.4761111111111111,0.1156643451576186,25,False,20,7.7,25,0.5902662337662338,"{'C': 0.41359973938398914, 'l1_ratio': 0.5448831829968969}",tox_pulmonary_toxicity,morphology,0.5,False
elastic_net,70,636,classification,stratified_5fold_x5,balanced_accuracy,0.4692222222222222,0.0940659736961639,25,True,20,5.4,25,0.5247272727272727,"{'C': 60.53082080079022, 'l1_ratio': 0.3834415188257777}",tox_pulmonary_toxicity,morphology,0.5,
sparse_plsda,70,636,classification,stratified_5fold_x5,balanced_accuracy,0.5276111111111111,0.149546805093189,25,False,20,0.4,25,0.6006580086580086,"{'n_components': 1.0, 'keep_x': 93.0}",tox_pulmonary_toxicity,morphology,0.5,False
sparse_plsda,70,636,classification,stratified_5fold_x5,balanced_accuracy,0.4633888888888889,0.1121375368041131,25,True,20,0.3,25,0.5151320346320346,"{'n_components': 3.0, 'keep_x': 23.0}",tox_pulmonary_toxicity,morphology,0.5,
linear_svm,70,636,classification,stratified_5fold_x5,balanced_accuracy,0.4858888888888888,0.1201963927890773,25,False,20,0.5,25,0.5807619047619048,{'C': 0.00025279422509714094},tox_pulmonary_toxicity,morphology,0.5,False
linear_svm,70,636,classification,stratified_5fold_x5,balanced_accuracy,0.4525555555555555,0.1291918613421024,25,True,20,0.5,25,0.5246298701298702,{'C': 0.0016963930947197716},tox_pulmonary_toxicity,morphology,0.5,
xgboost,70,636,classification,stratified_5fold_x5,balanced_accuracy,0.4953333333333333,0.1463706398070694,25,False,20,6.2,25,0.6072727272727273,"{'max_depth': 2.0, 'n_estimators': 250.0, 'learning_rate': 0.010659941309425505, 'subsample': 0.8088177485379385, 'colsample_bytree': 0.6508861504501793, 'min_child_weight': 4.0, 'reg_alpha': 5.956516018710568, 'reg_lambda': 0.8561099766103786}",tox_pulmonary_toxicity,morphology,0.5,False
xgboost,70,636,classification,stratified_5fold_x5,balanced_accuracy,0.4701666666666667,0.1240532790754952,25,True,20,8.0,25,0.5578203463203464,"{'max_depth': 3.0, 'n_estimators': 150.0, 'learning_rate': 0.06843387965438197, 'subsample': 0.5932229702527744, 'colsample_bytree': 0.3959512068100417, 'min_child_weight': 2.0, 'reg_alpha': 1.5532554533553682, 'reg_lambda': 0.1514240000266452}",tox_pulmonary_toxicity,morphology,0.5,
elastic_net,70,41780,classification,stratified_5fold_x5,balanced_accuracy,0.4511666666666666,0.0998228987312586,25,False,20,278.4,25,0.5321709956709957,"{'C': 4.665954567021848, 'l1_ratio': 0.8700121482468192}",tox_pulmonary_toxicity,expression,0.5,False
elastic_net,70,41780,classification,stratified_5fold_x5,balanced_accuracy,0.4856111111111111,0.0943233537451271,25,True,20,304.4,25,0.5411277056277056,"{'C': 0.49192475175920786, 'l1_ratio': 0.5150110376051357}",tox_pulmonary_toxicity,expression,0.5,
sparse_plsda,70,41780,classification,stratified_5fold_x5,balanced_accuracy,0.4566666666666666,0.1662100225766733,25,False,20,19.9,25,0.5414999999999999,"{'n_components': 1.0, 'keep_x': 26.0}",tox_pulmonary_toxicity,expression,0.5,False
sparse_plsda,70,41780,classification,stratified_5fold_x5,balanced_accuracy,0.5545555555555556,0.1116013628838414,25,True,20,19.5,25,0.6018917748917749,"{'n_components': 2.0, 'keep_x': 297.0}",tox_pulmonary_toxicity,expression,0.5,
linear_svm,70,41780,classification,stratified_5fold_x5,balanced_accuracy,0.4891666666666666,0.0965060926881092,25,False,20,20.3,25,0.5058766233766234,{'C': 0.0004195692250131583},tox_pulmonary_toxicity,expression,0.5,False
linear_svm,70,41780,classification,stratified_5fold_x5,balanced_accuracy,0.4768333333333332,0.134770449558032,25,True,20,20.0,25,0.5037922077922077,{'C': 0.0694535625742477},tox_pulmonary_toxicity,expression,0.5,
xgboost,70,41780,classification,stratified_5fold_x5,balanced_accuracy,0.4325,0.1257545129642041,25,False,20,711.0,25,0.5687510822510822,"{'max_depth': 3.0, 'n_estimators': 350.0, 'learning_rate': 0.028043013519202888, 'subsample': 0.8742542570421761, 'colsample_bytree': 0.84512811508432, 'min_child_weight': 2.0, 'reg_alpha': 1.6701102257138984, 'reg_lambda': 0.39305255310781306}",tox_pulmonary_toxicity,expression,0.5,False
xgboost,70,41780,classification,stratified_5fold_x5,balanced_accuracy,0.4953333333333333,0.1006183658958719,25,True,20,713.0,25,0.5686233766233766,"{'max_depth': 1.0, 'n_estimators': 250.0, 'learning_rate': 0.28595410063917, 'subsample': 0.9270810861377539, 'colsample_bytree': 0.651568040498198, 'min_child_weight': 5.0, 'reg_alpha': 0.29721145529858894, 'reg_lambda': 0.41514213834182573}",tox_pulmonary_toxicity,expression,0.5,
elastic_net,70,42416,classification,stratified_5fold_x5,balanced_accuracy,0.4527777777777777,0.1001403336311253,25,False,20,299.3,25,0.5376623376623377,"{'C': 4.4854535828666435, 'l1_ratio': 0.99391921763983}",tox_pulmonary_toxicity,morphology+expression,0.5,False
elastic_net,70,42416,classification,stratified_5fold_x5,balanced_accuracy,0.4703888888888888,0.0714582671957365,25,True,20,316.1,25,0.5368961038961039,"{'C': 0.034828020870283326, 'l1_ratio': 0.6458941130666561}",tox_pulmonary_toxicity,morphology+expression,0.5,
sparse_plsda,70,42416,classification,stratified_5fold_x5,balanced_accuracy,0.4572222222222222,0.1605666086160791,25,False,20,20.0,25,0.5447510822510823,"{'n_components': 1.0, 'keep_x': 5.0}",tox_pulmonary_toxicity,morphology+expression,0.5,False
sparse_plsda,70,42416,classification,stratified_5fold_x5,balanced_accuracy,0.5807777777777777,0.1109642640728742,25,True,20,20.5,25,0.600025974025974,"{'n_components': 2.0, 'keep_x': 191.0}",tox_pulmonary_toxicity,morphology+expression,0.5,
linear_svm,70,42416,classification,stratified_5fold_x5,balanced_accuracy,0.4765555555555555,0.1272915386130167,25,False,20,18.3,25,0.5065974025974026,{'C': 0.0694535625742477},tox_pulmonary_toxicity,morphology+expression,0.5,False
linear_svm,70,42416,classification,stratified_5fold_x5,balanced_accuracy,0.4699444444444444,0.1421369536054818,25,True,20,18.3,25,0.4945367965367965,{'C': 0.0694535625742477},tox_pulmonary_toxicity,morphology+expression,0.5,
xgboost,70,42416,classification,stratified_5fold_x5,balanced_accuracy,0.4117777777777778,0.104200453779728,25,False,20,726.6,25,0.575930735930736,"{'max_depth': 1.0, 'n_estimators': 350.0, 'learning_rate': 0.1410690937355148, 'subsample': 0.9350060741234096, 'colsample_bytree': 0.9807565080094875, 'min_child_weight': 5.0, 'reg_alpha': 0.07013219779945795, 'reg_lambda': 2.2755134124907164}",tox_pulmonary_toxicity,morphology+expression,0.5,False
xgboost,70,42416,classification,stratified_5fold_x5,balanced_accuracy,0.4744444444444445,0.1214286103330158,25,True,20,708.5,25,0.5501406926406927,"{'max_depth': 4.0, 'n_estimators': 400.0, 'learning_rate': 0.09569023516363027, 'subsample': 0.8481421024672947, 'colsample_bytree': 0.47413592319904796, 'min_child_weight': 5.0, 'reg_alpha': 0.03871490169241, 'reg_lambda': 0.015398284271259844}",tox_pulmonary_toxicity,morphology+expression,0.5,
elastic_net,70,1660,classification,stratified_5fold_x5,balanced_accuracy,0.5757777777777777,0.0982894440660583,25,False,20,10.9,25,0.6297077922077922,"{'C': 0.5347972194971689, 'l1_ratio': 0.3036807737863794}",tox_pulmonary_toxicity,morphology+ecfp,0.5,False
elastic_net,70,1660,classification,stratified_5fold_x5,balanced_accuracy,0.4921111111111111,0.0577907570891597,25,True,20,8.9,25,0.5208593073593073,"{'C': 0.49192475175920786, 'l1_ratio': 0.5150110376051357}",tox_pulmonary_toxicity,morphology+ecfp,0.5,
sparse_plsda,70,1660,classification,stratified_5fold_x5,balanced_accuracy,0.5665555555555555,0.1161389652927012,25,False,20,0.4,25,0.6520757575757575,"{'n_components': 2.0, 'keep_x': 91.0}",tox_pulmonary_toxicity,morphology+ecfp,0.5,False
sparse_plsda,70,1660,classification,stratified_5fold_x5,balanced_accuracy,0.4705,0.1168657560548495,25,True,20,0.4,25,0.5520324675324675,"{'n_components': 3.0, 'keep_x': 23.0}",tox_pulmonary_toxicity,morphology+ecfp,0.5,
linear_svm,70,1660,classification,stratified_5fold_x5,balanced_accuracy,0.5533888888888889,0.1089654492754582,25,False,20,0.4,25,0.6041948051948052,{'C': 8.706223537630773e-05},tox_pulmonary_toxicity,morphology+ecfp,0.5,False
linear_svm,70,1660,classification,stratified_5fold_x5,balanced_accuracy,0.4073333333333333,0.1012731607407399,25,True,20,0.4,25,0.4555627705627704,{'C': 1.0146717394418023},tox_pulmonary_toxicity,morphology+ecfp,0.5,
xgboost,70,1660,classification,stratified_5fold_x5,balanced_accuracy,0.5722222222222222,0.1221761276716507,25,False,20,9.8,25,0.6257683982683983,"{'max_depth': 2.0, 'n_estimators': 350.0, 'learning_rate': 0.08904437007948408, 'subsample': 0.8661936528291903, 'colsample_bytree': 0.11309563585137339, 'min_child_weight': 3.0, 'reg_alpha': 0.0010565019809725918, 'reg_lambda': 0.23684590230774083}",tox_pulmonary_toxicity,morphology+ecfp,0.5,False
xgboost,70,1660,classification,stratified_5fold_x5,balanced_accuracy,0.4897222222222221,0.1239299882002279,25,True,20,8.3,25,0.5582056277056276,"{'max_depth': 4.0, 'n_estimators': 250.0, 'learning_rate': 0.12358960550136179, 'subsample': 0.5195938961271603, 'colsample_bytree': 0.3545262663187686, 'min_child_weight': 1.0, 'reg_alpha': 0.015295398277813725, 'reg_lambda': 0.003240794406053531}",tox_pulmonary_toxicity,morphology+ecfp,0.5,
elastic_net,70,1024,classification,stratified_5fold_x5,balanced_accuracy,0.6352777777777777,0.1163965126116248,25,False,20,6.0,25,0.6438311688311689,"{'C': 60.53082080079022, 'l1_ratio': 0.3834415188257777}",tox_renal_toxicity,ecfp,0.5,False
elastic_net,70,1024,classification,stratified_5fold_x5,balanced_accuracy,0.5762777777777778,0.1160658604009692,25,True,20,4.8,25,0.5899935064935066,"{'C': 60.53082080079022, 'l1_ratio': 0.3834415188257777}",tox_renal_toxicity,ecfp,0.5,
sparse_plsda,70,1024,classification,stratified_5fold_x5,balanced_accuracy,0.6276111111111111,0.1043204938259916,25,False,20,0.5,25,0.6989653679653679,"{'n_components': 1.0, 'keep_x': 9.0}",tox_renal_toxicity,ecfp,0.5,False
sparse_plsda,70,1024,classification,stratified_5fold_x5,balanced_accuracy,0.5718888888888889,0.0925415155417579,25,True,20,0.5,25,0.5997316017316018,"{'n_components': 1.0, 'keep_x': 6.0}",tox_renal_toxicity,ecfp,0.5,
linear_svm,70,1024,classification,stratified_5fold_x5,balanced_accuracy,0.6200555555555556,0.1257852373131518,25,False,20,0.4,25,0.6243896103896104,{'C': 0.0694535625742477},tox_renal_toxicity,ecfp,0.5,False
linear_svm,70,1024,classification,stratified_5fold_x5,balanced_accuracy,0.5983333333333333,0.121494042936828,25,True,20,0.4,25,0.5725735930735931,{'C': 0.0694535625742477},tox_renal_toxicity,ecfp,0.5,
xgboost,70,1024,classification,stratified_5fold_x5,balanced_accuracy,0.7008333333333333,0.1096585609973065,25,False,20,3.2,25,0.7250454545454547,"{'max_depth': 4.0, 'n_estimators': 250.0, 'learning_rate': 0.12358960550136179, 'subsample': 0.5195938961271603, 'colsample_bytree': 0.3545262663187686, 'min_child_weight': 1.0, 'reg_alpha': 0.015295398277813725, 'reg_lambda': 0.003240794406053531}",tox_renal_toxicity,ecfp,0.5,False
xgboost,70,1024,classification,stratified_5fold_x5,balanced_accuracy,0.5537222222222222,0.1044907698682248,25,True,20,3.3,25,0.5925324675324676,"{'max_depth': 4.0, 'n_estimators': 300.0, 'learning_rate': 0.09314980250278122, 'subsample': 0.6684542300253699, 'colsample_bytree': 0.7848202585170857, 'min_child_weight': 2.0, 'reg_alpha': 0.032650457828500734, 'reg_lambda': 5.149155893341479}",tox_renal_toxicity,ecfp,0.5,
elastic_net,70,636,classification,stratified_5fold_x5,balanced_accuracy,0.459111111111111,0.0841992786104401,25,False,20,7.2,25,0.5205909090909091,"{'C': 0.034828020870283326, 'l1_ratio': 0.6458941130666561}",tox_renal_toxicity,morphology,0.5,False
elastic_net,70,636,classification,stratified_5fold_x5,balanced_accuracy,0.4513888888888888,0.112425558361253,25,True,20,5.8,25,0.5491839826839827,"{'C': 1.2992175304421223, 'l1_ratio': 0.17023724985191063}",tox_renal_toxicity,morphology,0.5,
sparse_plsda,70,636,classification,stratified_5fold_x5,balanced_accuracy,0.4005555555555555,0.1465935213228305,25,False,20,0.3,25,0.4943051948051948,"{'n_components': 1.0, 'keep_x': 5.0}",tox_renal_toxicity,morphology,0.5,False
sparse_plsda,70,636,classification,stratified_5fold_x5,balanced_accuracy,0.4608333333333332,0.1294486170047577,25,True,20,0.3,25,0.5470367965367965,"{'n_components': 1.0, 'keep_x': 5.0}",tox_renal_toxicity,morphology,0.5,
linear_svm,70,636,classification,stratified_5fold_x5,balanced_accuracy,0.4012222222222222,0.1140854130968612,25,False,20,0.5,25,0.5216948051948052,{'C': 0.16570805984346834},tox_renal_toxicity,morphology,0.5,False
linear_svm,70,636,classification,stratified_5fold_x5,balanced_accuracy,0.4473333333333332,0.1419022659664733,25,True,20,0.5,25,0.5449545454545455,{'C': 0.3320922888698163},tox_renal_toxicity,morphology,0.5,
xgboost,70,636,classification,stratified_5fold_x5,balanced_accuracy,0.4481666666666666,0.0689143322189599,25,False,20,5.3,25,0.5191233766233766,"{'max_depth': 4.0, 'n_estimators': 200.0, 'learning_rate': 0.1477317633429356, 'subsample': 0.7644474598764522, 'colsample_bytree': 0.6112401049845391, 'min_child_weight': 6.0, 'reg_alpha': 0.0019237305096546497, 'reg_lambda': 0.0023699857324257566}",tox_renal_toxicity,morphology,0.5,False
xgboost,70,636,classification,stratified_5fold_x5,balanced_accuracy,0.4847222222222222,0.1151093146577967,25,True,20,7.0,25,0.5584393939393939,"{'max_depth': 3.0, 'n_estimators': 100.0, 'learning_rate': 0.04747706132833779, 'subsample': 0.65326074184452, 'colsample_bytree': 0.16087951336819922, 'min_child_weight': 2.0, 'reg_alpha': 0.3006773638230484, 'reg_lambda': 0.020960708229877376}",tox_renal_toxicity,morphology,0.5,
elastic_net,70,41780,classification,stratified_5fold_x5,balanced_accuracy,0.6148888888888888,0.1009151948083631,25,False,20,342.4,25,0.6439935064935065,"{'C': 0.41359973938398914, 'l1_ratio': 0.5448831829968969}",tox_renal_toxicity,expression,0.5,False
elastic_net,70,41780,classification,stratified_5fold_x5,balanced_accuracy,0.4886666666666666,0.1061312371838415,25,True,20,327.3,25,0.5478636363636364,"{'C': 51.214812972365806, 'l1_ratio': 0.04136276967681751}",tox_renal_toxicity,expression,0.5,
sparse_plsda,70,41780,classification,stratified_5fold_x5,balanced_accuracy,0.5505,0.1151152669777472,25,False,20,12.9,25,0.6062207792207792,"{'n_components': 1.0, 'keep_x': 149.0}",tox_renal_toxicity,expression,0.5,False
sparse_plsda,70,41780,classification,stratified_5fold_x5,balanced_accuracy,0.499,0.1210381533562918,25,True,20,14.3,25,0.5921623376623377,"{'n_components': 2.0, 'keep_x': 191.0}",tox_renal_toxicity,expression,0.5,
linear_svm,70,41780,classification,stratified_5fold_x5,balanced_accuracy,0.6317222222222223,0.0989713139634627,25,False,20,13.7,25,0.6128419913419914,{'C': 7.482120662114215e-05},tox_renal_toxicity,expression,0.5,False
linear_svm,70,41780,classification,stratified_5fold_x5,balanced_accuracy,0.5022222222222222,0.1313245672953413,25,True,20,15.0,25,0.5159437229437229,{'C': 0.0694535625742477},tox_renal_toxicity,expression,0.5,
xgboost,70,41780,classification,stratified_5fold_x5,balanced_accuracy,0.5453888888888888,0.0963906660098744,25,False,20,504.3,25,0.5870021645021645,"{'max_depth': 3.0, 'n_estimators': 100.0, 'learning_rate': 0.055995464246677576, 'subsample': 0.5838558291846747, 'colsample_bytree': 0.2246198926903224, 'min_child_weight': 2.0, 'reg_alpha': 1.7772140185442054, 'reg_lambda': 0.001183112369785055}",tox_renal_toxicity,expression,0.5,False
xgboost,70,41780,classification,stratified_5fold_x5,balanced_accuracy,0.5003333333333333,0.0864333397608944,25,True,20,478.9,25,0.5547294372294372,"{'max_depth': 3.0, 'n_estimators': 100.0, 'learning_rate': 0.055995464246677576, 'subsample': 0.5838558291846747, 'colsample_bytree': 0.2246198926903224, 'min_child_weight': 2.0, 'reg_alpha': 1.7772140185442054, 'reg_lambda': 0.001183112369785055}",tox_renal_toxicity,expression,0.5,
elastic_net,70,42416,classification,stratified_5fold_x5,balanced_accuracy,0.6106666666666667,0.0927700595591987,25,False,20,330.6,25,0.6401623376623377,"{'C': 60.53082080079022, 'l1_ratio': 0.3834415188257777}",tox_renal_toxicity,morphology+expression,0.5,False
elastic_net,70,42416,classification,stratified_5fold_x5,balanced_accuracy,0.4995,0.1042313724957398,25,True,20,318.2,25,0.5490974025974026,"{'C': 0.034828020870283326, 'l1_ratio': 0.6458941130666561}",tox_renal_toxicity,morphology+expression,0.5,
sparse_plsda,70,42416,classification,stratified_5fold_x5,balanced_accuracy,0.5496666666666666,0.114495862235872,25,False,20,10.9,25,0.6054025974025974,"{'n_components': 1.0, 'keep_x': 149.0}",tox_renal_toxicity,morphology+expression,0.5,False
sparse_plsda,70,42416,classification,stratified_5fold_x5,balanced_accuracy,0.488,0.1137586518212901,25,True,20,11.7,25,0.591930735930736,"{'n_components': 2.0, 'keep_x': 191.0}",tox_renal_toxicity,morphology+expression,0.5,
linear_svm,70,42416,classification,stratified_5fold_x5,balanced_accuracy,0.6141111111111112,0.0956924729679197,25,False,20,11.8,25,0.6110389610389609,{'C': 2.8280842728576074e-05},tox_renal_toxicity,morphology+expression,0.5,False
linear_svm,70,42416,classification,stratified_5fold_x5,balanced_accuracy,0.5017777777777777,0.0961861620909046,25,True,20,11.8,25,0.5092467532467533,{'C': 0.004831596208381852},tox_renal_toxicity,morphology+expression,0.5,
xgboost,70,42416,classification,stratified_5fold_x5,balanced_accuracy,0.5339444444444443,0.0937409090242427,25,False,20,428.1,25,0.5766428571428572,"{'max_depth': 2.0, 'n_estimators': 300.0, 'learning_rate': 0.2636615170993606, 'subsample': 0.9187637693286231, 'colsample_bytree': 0.5160223771385996, 'min_child_weight': 2.0, 'reg_alpha': 0.02296846979065493, 'reg_lambda': 0.021203723930982788}",tox_renal_toxicity,morphology+expression,0.5,False
xgboost,70,42416,classification,stratified_5fold_x5,balanced_accuracy,0.4992222222222222,0.1033811717222564,25,True,20,455.3,25,0.5453874458874459,"{'max_depth': 4.0, 'n_estimators': 250.0, 'learning_rate': 0.12358960550136179, 'subsample': 0.5195938961271603, 'colsample_bytree': 0.3545262663187686, 'min_child_weight': 1.0, 'reg_alpha': 0.015295398277813725, 'reg_lambda': 0.003240794406053531}",tox_renal_toxicity,morphology+expression,0.5,
elastic_net,70,1660,classification,stratified_5fold_x5,balanced_accuracy,0.6241666666666666,0.1469882837356622,25,False,20,9.2,25,0.6243225108225109,"{'C': 0.19628224813442816, 'l1_ratio': 0.7151893663724195}",tox_renal_toxicity,morphology+ecfp,0.5,False
elastic_net,70,1660,classification,stratified_5fold_x5,balanced_accuracy,0.5471111111111111,0.1142750364279849,25,True,20,8.1,25,0.5913766233766234,"{'C': 4.213788531855705, 'l1_ratio': 0.2905439283222966}",tox_renal_toxicity,morphology+ecfp,0.5,
sparse_plsda,70,1660,classification,stratified_5fold_x5,balanced_accuracy,0.6238333333333334,0.1237004546035939,25,False,20,0.3,25,0.6702922077922079,"{'n_components': 1.0, 'keep_x': 15.0}",tox_renal_toxicity,morphology+ecfp,0.5,False
sparse_plsda,70,1660,classification,stratified_5fold_x5,balanced_accuracy,0.5062777777777778,0.1069275744269901,25,True,20,0.4,25,0.5896883116883117,"{'n_components': 3.0, 'keep_x': 74.0}",tox_renal_toxicity,morphology+ecfp,0.5,
linear_svm,70,1660,classification,stratified_5fold_x5,balanced_accuracy,0.5142222222222221,0.1168809407944154,25,False,20,0.5,25,0.5406082251082251,{'C': 0.004831596208381852},tox_renal_toxicity,morphology+ecfp,0.5,False
linear_svm,70,1660,classification,stratified_5fold_x5,balanced_accuracy,0.5330555555555555,0.1065885130354632,25,True,20,0.4,25,0.5767597402597403,{'C': 0.0006777476451874094},tox_renal_toxicity,morphology+ecfp,0.5,
xgboost,70,1660,classification,stratified_5fold_x5,balanced_accuracy,0.4481111111111111,0.0986270566137725,25,False,20,7.1,25,0.5338290043290044,"{'max_depth': 2.0, 'n_estimators': 350.0, 'learning_rate': 0.033657848066856316, 'subsample': 0.8691410961688009, 'colsample_bytree': 0.3862181459635245, 'min_child_weight': 3.0, 'reg_alpha': 0.04897084539793506, 'reg_lambda': 0.5002734193064672}",tox_renal_toxicity,morphology+ecfp,0.5,False
xgboost,70,1660,classification,stratified_5fold_x5,balanced_accuracy,0.4796111111111111,0.1034443250983915,25,True,20,5.8,25,0.5668030303030304,"{'max_depth': 2.0, 'n_estimators': 150.0, 'learning_rate': 0.014508128020000377, 'subsample': 0.8699376819136194, 'colsample_bytree': 0.44846936547735466, 'min_child_weight': 1.0, 'reg_alpha': 0.2588869373285894, 'reg_lambda': 0.050149266387380126}",tox_renal_toxicity,morphology+ecfp,0.5,
elastic_net,70,1024,classification,stratified_5fold_x5,balanced_accuracy,0.5831666666666666,0.1182245979293461,25,False,20,7.0,25,0.6118686868686869,"{'C': 0.41359973938398914, 'l1_ratio': 0.5448831829968969}",tox_infertility,ecfp,0.5,False
elastic_net,70,1024,classification,stratified_5fold_x5,balanced_accuracy,0.4581111111111111,0.08483342428868,25,True,20,4.9,25,0.5118362193362194,"{'C': 0.034828020870283326, 'l1_ratio': 0.6458941130666561}",tox_infertility,ecfp,0.5,
sparse_plsda,70,1024,classification,stratified_5fold_x5,balanced_accuracy,0.5529999999999999,0.1480248978056406,25,False,20,0.3,25,0.6061904761904762,"{'n_components': 1.0, 'keep_x': 6.0}",tox_infertility,ecfp,0.5,False
sparse_plsda,70,1024,classification,stratified_5fold_x5,balanced_accuracy,0.444611111111111,0.1232327668066201,25,True,20,0.3,25,0.5257106782106783,"{'n_components': 3.0, 'keep_x': 293.0}",tox_infertility,ecfp,0.5,
linear_svm,70,1024,classification,stratified_5fold_x5,balanced_accuracy,0.6021666666666667,0.1165595275247378,25,False,20,0.3,25,0.583073593073593,{'C': 1.0146717394418023},tox_infertility,ecfp,0.5,False
linear_svm,70,1024,classification,stratified_5fold_x5,balanced_accuracy,0.4093333333333333,0.1081947261442631,25,True,20,0.4,25,0.4372546897546898,{'C': 1.3878460745854545e-05},tox_infertility,ecfp,0.5,
xgboost,70,1024,classification,stratified_5fold_x5,balanced_accuracy,0.5943333333333334,0.1017985786604309,25,False,20,3.2,25,0.6440079365079366,"{'max_depth': 2.0, 'n_estimators': 150.0, 'learning_rate': 0.06954241509602922, 'subsample': 0.7193007567311602, 'colsample_bytree': 0.9895364542533036, 'min_child_weight': 1.0, 'reg_alpha': 0.006847105576684045, 'reg_lambda': 0.0049407977325260895}",tox_infertility,ecfp,0.5,False
xgboost,70,1024,classification,stratified_5fold_x5,balanced_accuracy,0.4767222222222221,0.092803788768975,25,True,20,2.7,25,0.5449242424242423,"{'max_depth': 3.0, 'n_estimators': 200.0, 'learning_rate': 0.2074556020662667, 'subsample': 0.8929789867326179, 'colsample_bytree': 0.302355704645187, 'min_child_weight': 4.0, 'reg_alpha': 0.00299275760608732, 'reg_lambda': 0.01864860473400414}",tox_infertility,ecfp,0.5,
elastic_net,70,636,classification,stratified_5fold_x5,balanced_accuracy,0.4647222222222222,0.0761212483111282,25,False,20,7.4,25,0.5079689754689756,"{'C': 0.034828020870283326, 'l1_ratio': 0.6458941130666561}",tox_infertility,morphology,0.5,False
elastic_net,70,636,classification,stratified_5fold_x5,balanced_accuracy,0.4874444444444444,0.0921623634384877,25,True,20,5.5,25,0.537012987012987,"{'C': 5.627949975223147, 'l1_ratio': 0.5288949197529045}",tox_infertility,morphology,0.5,
sparse_plsda,70,636,classification,stratified_5fold_x5,balanced_accuracy,0.4468333333333333,0.1183851738298172,25,False,20,0.4,25,0.4906565656565657,"{'n_components': 1.0, 'keep_x': 149.0}",tox_infertility,morphology,0.5,False
sparse_plsda,70,636,classification,stratified_5fold_x5,balanced_accuracy,0.4353888888888888,0.1137045391451995,25,True,20,0.4,25,0.539076479076479,"{'n_components': 3.0, 'keep_x': 9.0}",tox_infertility,morphology,0.5,
linear_svm,70,636,classification,stratified_5fold_x5,balanced_accuracy,0.4594444444444444,0.1140500215142785,25,False,20,0.5,25,0.47001443001443,{'C': 1.3878460745854545e-05},tox_infertility,morphology,0.5,False
linear_svm,70,636,classification,stratified_5fold_x5,balanced_accuracy,0.4832222222222222,0.1007892618716992,25,True,20,0.5,25,0.5351767676767677,{'C': 0.004831596208381852},tox_infertility,morphology,0.5,
xgboost,70,636,classification,stratified_5fold_x5,balanced_accuracy,0.4531111111111111,0.086410126006986,25,False,20,5.7,25,0.5137301587301587,"{'max_depth': 4.0, 'n_estimators': 200.0, 'learning_rate': 0.1477317633429356, 'subsample': 0.7644474598764522, 'colsample_bytree': 0.6112401049845391, 'min_child_weight': 6.0, 'reg_alpha': 0.0019237305096546497, 'reg_lambda': 0.0023699857324257566}",tox_infertility,morphology,0.5,False
xgboost,70,636,classification,stratified_5fold_x5,balanced_accuracy,0.4961666666666666,0.0610950483940524,25,True,20,5.6,25,0.5399603174603176,"{'max_depth': 2.0, 'n_estimators': 150.0, 'learning_rate': 0.06954241509602922, 'subsample': 0.7193007567311602, 'colsample_bytree': 0.9895364542533036, 'min_child_weight': 1.0, 'reg_alpha': 0.006847105576684045, 'reg_lambda': 0.0049407977325260895}",tox_infertility,morphology,0.5,
elastic_net,70,41780,classification,stratified_5fold_x5,balanced_accuracy,0.4621111111111111,0.0650018043434275,25,False,20,314.3,25,0.5205880230880231,"{'C': 0.034828020870283326, 'l1_ratio': 0.6458941130666561}",tox_infertility,expression,0.5,False
elastic_net,70,41780,classification,stratified_5fold_x5,balanced_accuracy,0.4625,0.0922774265830496,25,True,20,295.0,25,0.5272077922077922,"{'C': 0.034828020870283326, 'l1_ratio': 0.6458941130666561}",tox_infertility,expression,0.5,
sparse_plsda,70,41780,classification,stratified_5fold_x5,balanced_accuracy,0.4853888888888888,0.1305408502356519,25,False,20,14.3,25,0.5593362193362194,"{'n_components': 2.0, 'keep_x': 16.0}",tox_infertility,expression,0.5,False
sparse_plsda,70,41780,classification,stratified_5fold_x5,balanced_accuracy,0.4694444444444444,0.0967687838657911,25,True,20,14.2,25,0.5700288600288601,"{'n_components': 1.0, 'keep_x': 48.0}",tox_infertility,expression,0.5,
linear_svm,70,41780,classification,stratified_5fold_x5,balanced_accuracy,0.4092777777777778,0.1247613276976839,25,False,20,14.5,25,0.4627597402597403,{'C': 0.0694535625742477},tox_infertility,expression,0.5,False
linear_svm,70,41780,classification,stratified_5fold_x5,balanced_accuracy,0.4033333333333332,0.105859212350679,25,True,20,14.4,25,0.4634740259740259,{'C': 0.0694535625742477},tox_infertility,expression,0.5,
xgboost,70,41780,classification,stratified_5fold_x5,balanced_accuracy,0.4742777777777778,0.0633761064139911,25,False,20,511.1,25,0.5304834054834056,"{'max_depth': 4.0, 'n_estimators': 200.0, 'learning_rate': 0.1477317633429356, 'subsample': 0.7644474598764522, 'colsample_bytree': 0.6112401049845391, 'min_child_weight': 6.0, 'reg_alpha': 0.0019237305096546497, 'reg_lambda': 0.0023699857324257566}",tox_infertility,expression,0.5,False
xgboost,70,41780,classification,stratified_5fold_x5,balanced_accuracy,0.4646111111111111,0.0895281871607835,25,True,20,581.1,25,0.529411976911977,"{'max_depth': 3.0, 'n_estimators': 100.0, 'learning_rate': 0.04747706132833779, 'subsample': 0.6537138133461678, 'colsample_bytree': 0.38730213289585425, 'min_child_weight': 2.0, 'reg_alpha': 0.0011298708754150179, 'reg_lambda': 0.020960708229877376}",tox_infertility,expression,0.5,
elastic_net,70,42416,classification,stratified_5fold_x5,balanced_accuracy,0.4379999999999999,0.0929305794267559,25,False,20,325.5,25,0.519512987012987,"{'C': 0.034828020870283326, 'l1_ratio': 0.6458941130666561}",tox_infertility,morphology+expression,0.5,False
elastic_net,70,42416,classification,stratified_5fold_x5,balanced_accuracy,0.4671111111111111,0.0951977474056561,25,True,20,316.8,25,0.529891774891775,"{'C': 0.03482844245246737, 'l1_ratio': 0.38899377833244414}",tox_infertility,morphology+expression,0.5,
sparse_plsda,70,42416,classification,stratified_5fold_x5,balanced_accuracy,0.4781111111111111,0.1106317995050627,25,False,20,14.5,25,0.5564321789321789,"{'n_components': 3.0, 'keep_x': 21.0}",tox_infertility,morphology+expression,0.5,False
sparse_plsda,70,42416,classification,stratified_5fold_x5,balanced_accuracy,0.4601111111111111,0.0975561883047057,25,True,20,14.5,25,0.5727092352092352,"{'n_components': 1.0, 'keep_x': 48.0}",tox_infertility,morphology+expression,0.5,
linear_svm,70,42416,classification,stratified_5fold_x5,balanced_accuracy,0.3867222222222222,0.126739184894232,25,False,20,14.3,25,0.4598773448773448,{'C': 0.0694535625742477},tox_infertility,morphology+expression,0.5,False
linear_svm,70,42416,classification,stratified_5fold_x5,balanced_accuracy,0.3818888888888889,0.0996370574127746,25,True,20,13.5,25,0.457049062049062,{'C': 1.2340780149707087e-05},tox_infertility,morphology+expression,0.5,
xgboost,70,42416,classification,stratified_5fold_x5,balanced_accuracy,0.4591666666666667,0.0832925826288731,25,False,20,555.1,25,0.5224170274170274,"{'max_depth': 4.0, 'n_estimators': 250.0, 'learning_rate': 0.12358960550136179, 'subsample': 0.5195938961271603, 'colsample_bytree': 0.3545262663187686, 'min_child_weight': 1.0, 'reg_alpha': 0.015295398277813725, 'reg_lambda': 0.003240794406053531}",tox_infertility,morphology+expression,0.5,False
xgboost,70,42416,classification,stratified_5fold_x5,balanced_accuracy,0.4682222222222222,0.0713551801090506,25,True,20,603.1,25,0.5267063492063493,"{'max_depth': 3.0, 'n_estimators': 150.0, 'learning_rate': 0.04884246274247253, 'subsample': 0.6222127960008014, 'colsample_bytree': 0.24307262528096776, 'min_child_weight': 1.0, 'reg_alpha': 0.4220057397195018, 'reg_lambda': 0.0039294251332449084}",tox_infertility,morphology+expression,0.5,
elastic_net,70,1660,classification,stratified_5fold_x5,balanced_accuracy,0.5262777777777778,0.1230978231898276,25,False,20,10.9,25,0.5607106782106781,"{'C': 0.2560161525002872, 'l1_ratio': 0.925596638292661}",tox_infertility,morphology+ecfp,0.5,False
elastic_net,70,1660,classification,stratified_5fold_x5,balanced_accuracy,0.4852222222222221,0.0480786392856074,25,True,20,7.0,25,0.5035281385281385,"{'C': 0.034828020870283326, 'l1_ratio': 0.6458941130666561}",tox_infertility,morphology+ecfp,0.5,
sparse_plsda,70,1660,classification,stratified_5fold_x5,balanced_accuracy,0.5075,0.1045581532325786,25,False,20,0.4,25,0.5681168831168831,"{'n_components': 1.0, 'keep_x': 5.0}",tox_infertility,morphology+ecfp,0.5,False
sparse_plsda,70,1660,classification,stratified_5fold_x5,balanced_accuracy,0.4342777777777777,0.0915839020303847,25,True,20,0.4,25,0.5072691197691197,"{'n_components': 1.0, 'keep_x': 6.0}",tox_infertility,morphology+ecfp,0.5,
linear_svm,70,1660,classification,stratified_5fold_x5,balanced_accuracy,0.5505,0.1643091973861445,25,False,20,0.5,25,0.5171176046176046,{'C': 0.00107141028186845},tox_infertility,morphology+ecfp,0.5,False
linear_svm,70,1660,classification,stratified_5fold_x5,balanced_accuracy,0.4212222222222222,0.1018126759674566,25,True,20,0.5,25,0.4717604617604617,{'C': 2.8280842728576074e-05},tox_infertility,morphology+ecfp,0.5,
xgboost,70,1660,classification,stratified_5fold_x5,balanced_accuracy,0.4523888888888889,0.0823652284899248,25,False,20,8.6,25,0.5212842712842712,"{'max_depth': 2.0, 'n_estimators': 350.0, 'learning_rate': 0.05301625223929667, 'subsample': 0.7865898335605542, 'colsample_bytree': 0.3040458143982555, 'min_child_weight': 2.0, 'reg_alpha': 3.003845922613053, 'reg_lambda': 0.01683462898928058}",tox_infertility,morphology+ecfp,0.5,False
xgboost,70,1660,classification,stratified_5fold_x5,balanced_accuracy,0.5053333333333333,0.0730726426996527,25,True,20,6.9,25,0.530966810966811,"{'max_depth': 2.0, 'n_estimators': 150.0, 'learning_rate': 0.06954241509602922, 'subsample': 0.7193007567311602, 'colsample_bytree': 0.9895364542533036, 'min_child_weight': 1.0, 'reg_alpha': 0.006847105576684045, 'reg_lambda': 0.0049407977325260895}",tox_infertility,morphology+ecfp,0.5,
elastic_net,70,1024,classification,stratified_5fold_x5,balanced_accuracy,0.6835151515151514,0.1122804520304965,25,False,20,6.3,25,0.6962698412698411,"{'C': 5.724531833353893, 'l1_ratio': 0.3973901898112274}",tox_liver_toxicity,ecfp,0.5,False
elastic_net,70,1024,classification,stratified_5fold_x5,balanced_accuracy,0.4632424242424243,0.0789727202379495,25,True,20,4.7,25,0.5193968253968254,"{'C': 60.53082080079022, 'l1_ratio': 0.3834415188257777}",tox_liver_toxicity,ecfp,0.5,
sparse_plsda,70,1024,classification,stratified_5fold_x5,balanced_accuracy,0.6105151515151515,0.1254796710310356,25,False,20,0.4,25,0.6315238095238095,"{'n_components': 1.0, 'keep_x': 16.0}",tox_liver_toxicity,ecfp,0.5,False
sparse_plsda,70,1024,classification,stratified_5fold_x5,balanced_accuracy,0.433969696969697,0.0759886415561324,25,True,20,0.4,25,0.5156349206349207,"{'n_components': 2.0, 'keep_x': 266.0}",tox_liver_toxicity,ecfp,0.5,
linear_svm,70,1024,classification,stratified_5fold_x5,balanced_accuracy,0.7045454545454546,0.1277025570105547,25,False,20,0.3,25,0.6955396825396827,{'C': 0.0694535625742477},tox_liver_toxicity,ecfp,0.5,False
linear_svm,70,1024,classification,stratified_5fold_x5,balanced_accuracy,0.4608181818181818,0.1372146040572024,25,True,20,0.4,25,0.491015873015873,{'C': 0.00034906373922989533},tox_liver_toxicity,ecfp,0.5,
xgboost,70,1024,classification,stratified_5fold_x5,balanced_accuracy,0.7017575757575757,0.1517402449199771,25,False,20,3.0,25,0.6706666666666667,"{'max_depth': 3.0, 'n_estimators': 150.0, 'learning_rate': 0.04884246274247253, 'subsample': 0.6222127960008014, 'colsample_bytree': 0.24307262528096776, 'min_child_weight': 1.0, 'reg_alpha': 0.4220057397195018, 'reg_lambda': 0.0039294251332449084}",tox_liver_toxicity,ecfp,0.5,False
xgboost,70,1024,classification,stratified_5fold_x5,balanced_accuracy,0.5078787878787879,0.0424502085038483,25,True,20,2.8,25,0.5108095238095237,"{'max_depth': 3.0, 'n_estimators': 300.0, 'learning_rate': 0.07768811685516967, 'subsample': 0.7724415914984484, 'colsample_bytree': 0.4812893194050143, 'min_child_weight': 4.0, 'reg_alpha': 0.0562793204741517, 'reg_lambda': 6.847663737979948}",tox_liver_toxicity,ecfp,0.5,
elastic_net,70,636,classification,stratified_5fold_x5,balanced_accuracy,0.4792121212121212,0.0594457411700004,25,False,20,6.5,25,0.5204603174603174,"{'C': 0.41359973938398914, 'l1_ratio': 0.5448831829968969}",tox_liver_toxicity,morphology,0.5,False
elastic_net,70,636,classification,stratified_5fold_x5,balanced_accuracy,0.4732727272727273,0.0763210920447885,25,True,20,5.7,25,0.5298571428571428,"{'C': 4.665954567021848, 'l1_ratio': 0.8700121482468192}",tox_liver_toxicity,morphology,0.5,
sparse_plsda,70,636,classification,stratified_5fold_x5,balanced_accuracy,0.4629090909090909,0.1426454568307509,25,False,20,0.3,25,0.5457142857142858,"{'n_components': 1.0, 'keep_x': 19.0}",tox_liver_toxicity,morphology,0.5,False
sparse_plsda,70,636,classification,stratified_5fold_x5,balanced_accuracy,0.4506969696969696,0.1314004037882018,25,True,20,0.3,25,0.5073174603174604,"{'n_components': 1.0, 'keep_x': 149.0}",tox_liver_toxicity,morphology,0.5,
linear_svm,70,636,classification,stratified_5fold_x5,balanced_accuracy,0.4155151515151515,0.0980508198285673,25,False,20,0.5,25,0.5033968253968254,{'C': 0.009238119916812988},tox_liver_toxicity,morphology,0.5,False
linear_svm,70,636,classification,stratified_5fold_x5,balanced_accuracy,0.4692424242424242,0.1189466317041207,25,True,20,0.5,25,0.5335555555555554,{'C': 0.03916395733732694},tox_liver_toxicity,morphology,0.5,
xgboost,70,636,classification,stratified_5fold_x5,balanced_accuracy,0.4981818181818182,0.0089072354283024,25,False,20,5.3,25,0.5107619047619048,"{'max_depth': 3.0, 'n_estimators': 300.0, 'learning_rate': 0.07768811685516967, 'subsample': 0.7724415914984484, 'colsample_bytree': 0.4812893194050143, 'min_child_weight': 4.0, 'reg_alpha': 0.0562793204741517, 'reg_lambda': 6.847663737979948}",tox_liver_toxicity,morphology,0.5,False
xgboost,70,636,classification,stratified_5fold_x5,balanced_accuracy,0.5127272727272727,0.0495489295417447,25,True,20,7.3,25,0.5183809523809524,"{'max_depth': 3.0, 'n_estimators': 150.0, 'learning_rate': 0.04884246274247253, 'subsample': 0.6222127960008014, 'colsample_bytree': 0.24307262528096776, 'min_child_weight': 1.0, 'reg_alpha': 0.4220057397195018, 'reg_lambda': 0.0039294251332449084}",tox_liver_toxicity,morphology,0.5,
elastic_net,70,41780,classification,stratified_5fold_x5,balanced_accuracy,0.6822121212121212,0.140371264250788,25,False,20,338.2,25,0.7213968253968254,"{'C': 0.41359973938398914, 'l1_ratio': 0.5448831829968969}",tox_liver_toxicity,expression,0.5,False
elastic_net,70,41780,classification,stratified_5fold_x5,balanced_accuracy,0.4949696969696969,0.0890277244505598,25,True,20,304.3,25,0.5354444444444444,"{'C': 0.034828020870283326, 'l1_ratio': 0.6458941130666561}",tox_liver_toxicity,expression,0.5,
sparse_plsda,70,41780,classification,stratified_5fold_x5,balanced_accuracy,0.5987272727272728,0.1115616092292094,25,False,20,14.8,25,0.6381428571428571,"{'n_components': 1.0, 'keep_x': 15.0}",tox_liver_toxicity,expression,0.5,False
sparse_plsda,70,41780,classification,stratified_5fold_x5,balanced_accuracy,0.5361818181818182,0.0964629943271709,25,True,20,15.8,25,0.5575555555555556,"{'n_components': 2.0, 'keep_x': 15.0}",tox_liver_toxicity,expression,0.5,
linear_svm,70,41780,classification,stratified_5fold_x5,balanced_accuracy,0.689878787878788,0.1202892672075359,25,False,20,18.6,25,0.6953174603174602,{'C': 0.0694535625742477},tox_liver_toxicity,expression,0.5,False
linear_svm,70,41780,classification,stratified_5fold_x5,balanced_accuracy,0.473,0.1265752678801621,25,True,20,20.0,25,0.4574444444444444,{'C': 0.0694535625742477},tox_liver_toxicity,expression,0.5,
xgboost,70,41780,classification,stratified_5fold_x5,balanced_accuracy,0.5165151515151515,0.051547227090824,25,False,20,543.1,25,0.510079365079365,"{'max_depth': 3.0, 'n_estimators': 300.0, 'learning_rate': 0.07768811685516967, 'subsample': 0.7724415914984484, 'colsample_bytree': 0.4812893194050143, 'min_child_weight': 4.0, 'reg_alpha': 0.0562793204741517, 'reg_lambda': 6.847663737979948}",tox_liver_toxicity,expression,0.5,False
xgboost,70,41780,classification,stratified_5fold_x5,balanced_accuracy,0.5,0.0,25,True,20,584.1,25,0.5023809523809524,"{'max_depth': 3.0, 'n_estimators': 300.0, 'learning_rate': 0.07768811685516967, 'subsample': 0.7724415914984484, 'colsample_bytree': 0.4812893194050143, 'min_child_weight': 4.0, 'reg_alpha': 0.0562793204741517, 'reg_lambda': 6.847663737979948}",tox_liver_toxicity,expression,0.5,
elastic_net,70,42416,classification,stratified_5fold_x5,balanced_accuracy,0.6753939393939393,0.137733876562683,25,False,20,354.6,25,0.7168253968253968,"{'C': 0.41359973938398914, 'l1_ratio': 0.5448831829968969}",tox_liver_toxicity,morphology+expression,0.5,False
elastic_net,70,42416,classification,stratified_5fold_x5,balanced_accuracy,0.4822424242424242,0.1061277017208213,25,True,20,329.6,25,0.5358412698412698,"{'C': 0.034828020870283326, 'l1_ratio': 0.6458941130666561}",tox_liver_toxicity,morphology+expression,0.5,
sparse_plsda,70,42416,classification,stratified_5fold_x5,balanced_accuracy,0.6053939393939394,0.1122512186488604,25,False,20,14.6,25,0.6402222222222222,"{'n_components': 1.0, 'keep_x': 15.0}",tox_liver_toxicity,morphology+expression,0.5,False
sparse_plsda,70,42416,classification,stratified_5fold_x5,balanced_accuracy,0.5361818181818182,0.0964629943271709,25,True,20,15.8,25,0.5578571428571428,"{'n_components': 2.0, 'keep_x': 15.0}",tox_liver_toxicity,morphology+expression,0.5,
linear_svm,70,42416,classification,stratified_5fold_x5,balanced_accuracy,0.6836666666666668,0.1180621149800904,25,False,20,18.9,25,0.6896349206349206,{'C': 0.0694535625742477},tox_liver_toxicity,morphology+expression,0.5,False
linear_svm,70,42416,classification,stratified_5fold_x5,balanced_accuracy,0.4826969696969697,0.1228235088452893,25,True,20,19.1,25,0.4508730158730158,{'C': 0.0694535625742477},tox_liver_toxicity,morphology+expression,0.5,
xgboost,70,42416,classification,stratified_5fold_x5,balanced_accuracy,0.5116666666666666,0.0399999999999999,25,False,20,570.6,25,0.5133333333333333,"{'max_depth': 3.0, 'n_estimators': 300.0, 'learning_rate': 0.07768811685516967, 'subsample': 0.7724415914984484, 'colsample_bytree': 0.4812893194050143, 'min_child_weight': 4.0, 'reg_alpha': 0.0562793204741517, 'reg_lambda': 6.847663737979948}",tox_liver_toxicity,morphology+expression,0.5,False
xgboost,70,42416,classification,stratified_5fold_x5,balanced_accuracy,0.4981818181818182,0.0089072354283024,25,True,20,609.2,25,0.5041904761904762,"{'max_depth': 3.0, 'n_estimators': 300.0, 'learning_rate': 0.07768811685516967, 'subsample': 0.7724415914984484, 'colsample_bytree': 0.4812893194050143, 'min_child_weight': 4.0, 'reg_alpha': 0.0562793204741517, 'reg_lambda': 6.847663737979948}",tox_liver_toxicity,morphology+expression,0.5,
elastic_net,70,1660,classification,stratified_5fold_x5,balanced_accuracy,0.6408181818181817,0.0995816132843603,25,False,20,10.5,25,0.648015873015873,"{'C': 3.131952252182865, 'l1_ratio': 0.984362574221411}",tox_liver_toxicity,morphology+ecfp,0.5,False
elastic_net,70,1660,classification,stratified_5fold_x5,balanced_accuracy,0.4709393939393939,0.0597653354111261,25,True,20,9.0,25,0.5115238095238095,"{'C': 0.9897819427037176, 'l1_ratio': 0.19326521865440732}",tox_liver_toxicity,morphology+ecfp,0.5,
sparse_plsda,70,1660,classification,stratified_5fold_x5,balanced_accuracy,0.5701515151515152,0.127969951707207,25,False,20,0.4,25,0.6388888888888888,"{'n_components': 2.0, 'keep_x': 191.0}",tox_liver_toxicity,morphology+ecfp,0.5,False
sparse_plsda,70,1660,classification,stratified_5fold_x5,balanced_accuracy,0.4601515151515151,0.1054210152197088,25,True,20,0.4,25,0.515063492063492,"{'n_components': 1.0, 'keep_x': 149.0}",tox_liver_toxicity,morphology+ecfp,0.5,
linear_svm,70,1660,classification,stratified_5fold_x5,balanced_accuracy,0.5940909090909091,0.1206424111505888,25,False,20,0.6,25,0.6019365079365079,{'C': 0.0694535625742477},tox_liver_toxicity,morphology+ecfp,0.5,False
linear_svm,70,1660,classification,stratified_5fold_x5,balanced_accuracy,0.4484848484848484,0.1287211948573724,25,True,20,0.6,25,0.4973174603174602,{'C': 0.0694535625742477},tox_liver_toxicity,morphology+ecfp,0.5,
xgboost,70,1660,classification,stratified_5fold_x5,balanced_accuracy,0.4961818181818181,0.0129640316145279,25,False,20,7.9,25,0.5127936507936508,"{'max_depth': 3.0, 'n_estimators': 300.0, 'learning_rate': 0.07768811685516967, 'subsample': 0.7724415914984484, 'colsample_bytree': 0.4812893194050143, 'min_child_weight': 4.0, 'reg_alpha': 0.0562793204741517, 'reg_lambda': 6.847663737979948}",tox_liver_toxicity,morphology+ecfp,0.5,False
xgboost,70,1660,classification,stratified_5fold_x5,balanced_accuracy,0.5128787878787878,0.0481999203654147,25,True,20,9.2,25,0.5172857142857142,"{'max_depth': 3.0, 'n_estimators': 150.0, 'learning_rate': 0.04884246274247253, 'subsample': 0.6222127960008014, 'colsample_bytree': 0.24307262528096776, 'min_child_weight': 1.0, 'reg_alpha': 0.4220057397195018, 'reg_lambda': 0.0039294251332449084}",tox_liver_toxicity,morphology+ecfp,0.5,
