target,block,model,n,score_mean,permuted_score,gap_vs_permuted,se_gap,gap_lo,gap_hi,clears_zero,degenerate
moa-fine,morphology+expression,linear_svm,64,0.7293333333333334,0.3853333333333333,0.3440000000000001,0.04267291620897003,0.2603626210954961,0.42763737890450404,True,False
moa-fine,expression,linear_svm,64,0.73,0.3913333333333333,0.3386666666666666,0.04604461604429627,0.24842087751669276,0.4289124558166405,True,False
moa-fine,morphology+ecfp,elastic_net,64,0.7653333333333333,0.4473333333333333,0.318,0.033883460403106525,0.25158963792273764,0.38441036207726237,True,False
moa-fine,morphology+ecfp,linear_svm,64,0.774,0.4646666666666666,0.3093333333333334,0.03623871471843949,0.23830675762250259,0.3803599090441642,True,False
moa-fine,morphology+expression,elastic_net,64,0.7266666666666667,0.4546666666666666,0.2720000000000001,0.035169683914796086,0.20306868616316592,0.3409313138368342,True,False
moa-fine,morphology,linear_svm,64,0.7446666666666667,0.4773333333333333,0.2673333333333334,0.039402199600191506,0.19010644118717668,0.34456022547949017,True,False
tox_liver_toxicity,ecfp,linear_svm,70,0.7045454545454546,0.4608181818181818,0.2437272727272728,0.037489086749937665,0.17025001286685426,0.3172045325876913,True,False
moa-fine,morphology,elastic_net,64,0.7233333333333333,0.4853333333333333,0.238,0.033364252326904195,0.17260726705281532,0.30339273294718466,True,False
moa-fine,expression,elastic_net,64,0.6726666666666665,0.4346666666666667,0.2379999999999998,0.04371422346712032,0.15232169637220216,0.3236783036277974,True,False
tox_liver_toxicity,ecfp,elastic_net,70,0.6835151515151514,0.4632424242424243,0.2202727272727271,0.02745439159766908,0.1664631085112091,0.2740823460342451,True,False
tox_liver_toxicity,expression,linear_svm,70,0.689878787878788,0.473,0.216878787878788,0.03492323366715102,0.14843050765143254,0.2853270681061435,True,False
moa-fine,morphology,sparse_plsda,64,0.6919999999999998,0.482,0.2099999999999998,0.040321375637908635,0.13097155592404247,0.2890284440759571,True,False
tox_liver_toxicity,morphology+expression,linear_svm,70,0.6836666666666668,0.4826969696969697,0.200969696969697,0.03407302588185613,0.1341877933812861,0.26775160055810787,True,False
tox_liver_toxicity,ecfp,xgboost,70,0.7017575757575757,0.5078787878787879,0.1938787878787877,0.03151324935984535,0.1321139540831665,0.2556436216744089,True,False
tox_liver_toxicity,morphology+expression,elastic_net,70,0.6753939393939393,0.4822424242424242,0.1931515151515151,0.034775686808762245,0.12499242145270152,0.2613106088503287,True,False
tox_infertility,ecfp,linear_svm,70,0.6021666666666667,0.4093333333333333,0.1928333333333334,0.031807057218310654,0.13049264671661026,0.25517401995005656,True,False
moa-fine,morphology+ecfp,sparse_plsda,64,0.6926666666666667,0.5033333333333333,0.1893333333333333,0.040563585202055844,0.1098301672348249,0.2688364994318417,True,False
tox_liver_toxicity,expression,elastic_net,70,0.6822121212121212,0.4949696969696969,0.1872424242424242,0.033244564998332796,0.12208427414870035,0.25240057433614804,True,False
tox_liver_toxicity,ecfp,sparse_plsda,70,0.6105151515151515,0.433969696969697,0.1765454545454544,0.029338998951977408,0.11904207324362592,0.23404883584728287,True,False
moa-fine,ecfp,elastic_net,64,0.6606666666666666,0.486,0.1746666666666666,0.03816409016048695,0.09986642443181933,0.2494669089015139,True,False
tox_liver_toxicity,morphology+ecfp,elastic_net,70,0.6408181818181817,0.4709393939393939,0.1698787878787878,0.023227908232228135,0.12435292429673564,0.21540465146083995,True,False
moa-fine,ecfp,sparse_plsda,64,0.6613333333333332,0.5066666666666666,0.1546666666666666,0.030444412003226822,0.09499671559584032,0.21433661773749285,True,False
moa-fine,morphology+ecfp,xgboost,64,0.6606666666666666,0.5106666666666667,0.1499999999999999,0.03077892496859209,0.08967441556454216,0.21032558443545768,True,False
tox_renal_toxicity,ecfp,xgboost,70,0.7008333333333333,0.5537222222222222,0.147111111111111,0.030294105689162906,0.08773575500256811,0.20648646721965389,True,False
tox_pulmonary_toxicity,morphology+ecfp,linear_svm,70,0.5533888888888889,0.4073333333333333,0.1460555555555556,0.02975212410717742,0.08774246382823758,0.20436864728287363,True,False
tox_liver_toxicity,morphology+ecfp,linear_svm,70,0.5940909090909091,0.4484848484848484,0.1456060606060607,0.03528384183942409,0.07645100134835335,0.21476111986376806,True,False
tox_cardiotoxicity,ecfp,sparse_plsda,70,0.5179811507936508,0.3772619047619047,0.1407192460317461,0.03595875718655921,0.07024137700073012,0.21119711506276206,True,False
moa-fine,ecfp,linear_svm,64,0.6659999999999999,0.532,0.1339999999999999,0.042062387526678076,0.05155923532459765,0.21644076467540213,True,False
tox_renal_toxicity,expression,linear_svm,70,0.6317222222222223,0.5022222222222222,0.1295,0.03288857732585156,0.06503957292344334,0.19396042707655667,True,False
tox_infertility,morphology+ecfp,linear_svm,70,0.5505,0.4212222222222222,0.1292777777777777,0.03865919468035169,0.053507148515184816,0.2050484070403706,True,False
tox_renal_toxicity,expression,elastic_net,70,0.6148888888888888,0.4886666666666666,0.1262222222222222,0.029290077534470743,0.06881472513680195,0.18362971930764246,True,False
tox_infertility,ecfp,elastic_net,70,0.5831666666666666,0.4581111111111111,0.1250555555555555,0.02910241600424181,0.06801586831075396,0.18209524280035705,True,False
moa-fine,morphology,xgboost,64,0.6393333333333332,0.5166666666666666,0.1226666666666665,0.03350462654619507,0.056998805305249214,0.18833452802808376,True,False
tox_infertility,ecfp,xgboost,70,0.5943333333333334,0.4767222222222221,0.1176111111111112,0.027550313121386096,0.06361348961772151,0.17160873260450088,True,False
tox_renal_toxicity,morphology+ecfp,sparse_plsda,70,0.6238333333333334,0.5062777777777778,0.1175555555555555,0.03270187067552882,0.05346106678939139,0.1816500443217196,True,False
tox_renal_toxicity,morphology+expression,linear_svm,70,0.6141111111111112,0.5017777777777777,0.1123333333333335,0.027135826621272344,0.059148090452435464,0.16551857621423152,True,False
moa-fine,expression,sparse_plsda,64,0.5780000000000001,0.4666666666666666,0.1113333333333334,0.037876947450238736,0.0370958804691279,0.1855707861975389,True,False
tox_renal_toxicity,morphology+expression,elastic_net,70,0.6106666666666667,0.4995,0.1111666666666666,0.027907320160103468,0.05646932423499937,0.16586400909833382,True,False
tox_liver_toxicity,morphology+ecfp,sparse_plsda,70,0.5701515151515152,0.4601515151515151,0.1100000000000001,0.03316015620584376,0.04500728809957208,0.17499271190042812,True,False
tox_infertility,ecfp,sparse_plsda,70,0.5529999999999999,0.444611111111111,0.1083888888888889,0.038521518757798294,0.0328880994761023,0.1838896783016755,True,False
tox_cardiotoxicity,ecfp,linear_svm,70,0.5419047619047619,0.4408333333333333,0.1010714285714285,0.03398313907655674,0.03446569988413113,0.1676771572587259,True,False
moa-fine,morphology+expression,sparse_plsda,64,0.5633333333333334,0.4645833333333333,0.09875,0.034360320939895064,0.031405008444764335,0.16609499155523566,True,False
tox_pulmonary_toxicity,morphology+ecfp,sparse_plsda,70,0.5665555555555555,0.4705,0.0960555555555555,0.032952004004327774,0.03147081447349728,0.16064029663761373,True,False
tox_pulmonary_toxicity,ecfp,elastic_net,70,0.5792777777777778,0.4877222222222221,0.0915555555555556,0.025269730098662686,0.04202779465150624,0.14108331645960495,True,False
tox_cardiotoxicity,ecfp,elastic_net,70,0.5233333333333333,0.439642857142857,0.0836904761904763,0.025002380839013044,0.034686710206756656,0.13269424217419595,True,False
tox_pulmonary_toxicity,morphology+ecfp,elastic_net,70,0.5757777777777777,0.4921111111111111,0.0836666666666666,0.022804022820329804,0.038971603225702055,0.12836173010763113,True,False
tox_pulmonary_toxicity,morphology+ecfp,xgboost,70,0.5722222222222222,0.4897222222222221,0.0825,0.03480554447104548,0.014282386358434984,0.15071761364156502,True,False
tox_pulmonary_toxicity,ecfp,linear_svm,70,0.5497222222222222,0.4696666666666667,0.0800555555555555,0.030288599493196424,0.020690991392801263,0.13942011971830975,True,False
tox_renal_toxicity,morphology+ecfp,elastic_net,70,0.6241666666666666,0.5471111111111111,0.0770555555555555,0.03723672354339077,0.00407291849110801,0.150038192620003,True,False
tox_infertility,morphology+ecfp,sparse_plsda,70,0.5075,0.4342777777777777,0.0732222222222222,0.02779929388924725,0.018736607390867015,0.12770783705357738,True,False
tox_liver_toxicity,morphology+expression,sparse_plsda,70,0.6053939393939394,0.5361818181818182,0.0692121212121211,0.029600976580321174,0.01119527319386314,0.12722896923037907,True,False
moa-fine,ecfp,xgboost,64,0.5826666666666667,0.514,0.0686666666666666,0.029426518652399224,0.010991749904033392,0.1263415834292998,True,False
tox_cardiotoxicity,morphology+expression,sparse_plsda,70,0.5545238095238095,0.4882142857142857,0.0663095238095238,0.02688115272606601,0.013623432591149856,0.11899561502789775,True,False
tox_pulmonary_toxicity,morphology,sparse_plsda,70,0.5276111111111111,0.4633888888888889,0.0642222222222222,0.03738399340577412,-0.009049058468572568,0.13749350291301696,False,False
tox_liver_toxicity,expression,sparse_plsda,70,0.5987272727272728,0.5361818181818182,0.0625454545454545,0.029496509575456298,0.004733358094352519,0.12035755099655648,True,False
tox_cardiotoxicity,expression,xgboost,70,0.5778571428571428,0.5159523809523809,0.0619047619047619,0.034007868904009385,-0.004749436353697907,0.1285589601632217,False,False
tox_renal_toxicity,morphology+expression,sparse_plsda,70,0.5496666666666666,0.488,0.0616666666666666,0.03228023130854752,-0.0016014241255559655,0.12493475745888916,False,False
tox_renal_toxicity,ecfp,elastic_net,70,0.6352777777777777,0.5762777777777778,0.0589999999999999,0.032875177321964606,-0.005434163551539473,0.12343416355153927,False,False
tox_pulmonary_toxicity,ecfp,sparse_plsda,70,0.5603888888888889,0.5026666666666666,0.0577222222222223,0.03253763632745589,-0.006050373136618908,0.12149481758106351,False,False
tox_cardiotoxicity,morphology+ecfp,linear_svm,70,0.4695238095238095,0.4128571428571428,0.0566666666666667,0.02977466393168692,-0.0016906023049181595,0.11502393563825156,False,False
tox_renal_toxicity,ecfp,sparse_plsda,70,0.6276111111111111,0.5718888888888889,0.0557222222222222,0.02789028327634136,0.0010582714691453332,0.11038617297529907,True,False
tox_cardiotoxicity,expression,sparse_plsda,70,0.5426190476190477,0.4871428571428571,0.0554761904761905,0.026076287870700578,0.00436760538712503,0.10658477556525597,True,False
tox_pulmonary_toxicity,ecfp,xgboost,70,0.6163333333333333,0.5627777777777778,0.0535555555555554,0.02811981419955123,-0.001558267540456612,0.10866937865156741,False,False
tox_renal_toxicity,expression,sparse_plsda,70,0.5505,0.499,0.0514999999999999,0.03340763940134605,-0.013977770050505316,0.11697777005050511,False,False
tox_cardiotoxicity,morphology+expression,xgboost,70,0.545952380952381,0.4991666666666666,0.0467857142857143,0.03646768830416088,-0.02468964140664675,0.11826106997807534,False,False
tox_renal_toxicity,expression,xgboost,70,0.5453888888888888,0.5003333333333333,0.0450555555555555,0.025893537970736534,-0.005694846311318086,0.09580595742242909,False,False
tox_infertility,morphology+ecfp,elastic_net,70,0.5262777777777778,0.4852222222222221,0.0410555555555557,0.0264307620999695,-0.010747786256487493,0.09285889736759889,False,False
tox_cardiotoxicity,expression,linear_svm,70,0.569047619047619,0.5286904761904762,0.0403571428571428,0.031914479685644905,-0.02219408792673533,0.10290837364102093,False,False
tox_renal_toxicity,morphology+expression,xgboost,70,0.5339444444444443,0.4992222222222222,0.0347222222222221,0.02791058916709428,-0.019981527345413835,0.08942597178985803,False,False
tox_pulmonary_toxicity,morphology,linear_svm,70,0.4858888888888888,0.4525555555555555,0.0333333333333333,0.03529176100822579,-0.035837247210016535,0.10250391387668313,False,False
tox_pulmonary_toxicity,morphology,xgboost,70,0.4953333333333333,0.4701666666666667,0.0251666666666666,0.03837373072658615,-0.05004446352753013,0.10037779686086333,False,False
moa-fine,morphology+expression,xgboost,64,0.5206666666666666,0.496,0.0246666666666666,0.019173129345229186,-0.012911976329729236,0.06224530966306244,False,False
tox_renal_toxicity,ecfp,linear_svm,70,0.6200555555555556,0.5983333333333333,0.0217222222222223,0.0349758364560802,-0.04682915757694492,0.09027360202138951,False,False
tox_infertility,morphology+expression,sparse_plsda,70,0.4781111111111111,0.4601111111111111,0.018,0.029500240635134886,-0.039819409193697905,0.0758194091936979,False,False
tox_liver_toxicity,expression,xgboost,70,0.5165151515151515,0.5,0.0165151515151514,0.0103094454181648,-0.0036909902097748727,0.03672129324007767,False,False
tox_infertility,expression,sparse_plsda,70,0.4853888888888888,0.4694444444444444,0.0159444444444444,0.03249929913774209,-0.04775301140327165,0.07964190029216045,False,False
tox_liver_toxicity,morphology+expression,xgboost,70,0.5116666666666666,0.4981818181818182,0.0134848484848483,0.008195947396061536,-0.00257891323438684,0.02954861020408344,False,False
tox_cardiotoxicity,morphology+expression,linear_svm,70,0.5477380952380951,0.5344047619047619,0.0133333333333331,0.03189345926305536,-0.04917669817932005,0.07584336484598625,False,False
tox_pulmonary_toxicity,expression,linear_svm,70,0.4891666666666666,0.4768333333333332,0.0123333333333333,0.033152073841616586,-0.052643537424295804,0.0773102040909624,False,False
tox_liver_toxicity,morphology,sparse_plsda,70,0.4629090909090909,0.4506969696969696,0.0122121212121212,0.03878855113053649,-0.06381204203406135,0.08823628445830375,False,False
tox_infertility,morphology,sparse_plsda,70,0.4468333333333333,0.4353888888888888,0.0114444444444444,0.03282911610442062,-0.052899440779603527,0.07578832966849232,False,False
tox_infertility,expression,xgboost,70,0.4742777777777778,0.4646111111111111,0.0096666666666667,0.021937937150510577,-0.033330900053527554,0.05266423338686095,False,False
tox_renal_toxicity,morphology,elastic_net,70,0.459111111111111,0.4513888888888888,0.0077222222222222,0.02809200932034447,-0.047337104311937286,0.06278154875638169,False,False
tox_pulmonary_toxicity,morphology,elastic_net,70,0.4761111111111111,0.4692222222222222,0.0068888888888888,0.029817208553550502,-0.051551766009304126,0.06532954378708172,False,False
tox_cardiotoxicity,morphology+ecfp,elastic_net,70,0.4652380952380952,0.4585714285714286,0.0066666666666665,0.021984611191733644,-0.036422379493359365,0.04975571282669237,False,False
tox_pulmonary_toxicity,morphology+expression,linear_svm,70,0.4765555555555555,0.4699444444444444,0.0066111111111111,0.03816073866303744,-0.06818256230943932,0.08140478453166151,False,False
tox_infertility,expression,linear_svm,70,0.4092777777777778,0.4033333333333332,0.0059444444444445,0.03272403503750417,-0.0581934856729418,0.0700823745618308,False,False
tox_liver_toxicity,morphology,elastic_net,70,0.4792121212121212,0.4732727272727273,0.0059393939393939,0.01934808025015377,-0.03198214652979728,0.04386093440858507,False,False
tox_infertility,morphology+expression,linear_svm,70,0.3867222222222222,0.3818888888888889,0.0048333333333333,0.032243054568406426,-0.058361892387133005,0.0680285590537996,False,False
tox_infertility,expression,elastic_net,70,0.4621111111111111,0.4625,-0.0003888888888889,0.022574638889418665,-0.044634368086529874,0.04385659030875208,False,False
tox_cardiotoxicity,morphology,xgboost,70,0.4698809523809524,0.4751190476190476,-0.0052380952380952,0.031069467188595608,-0.06613313196088179,0.05565694148469139,False,False
tox_infertility,morphology+expression,xgboost,70,0.4591666666666667,0.4682222222222222,-0.0090555555555554,0.021935556568624105,-0.05204845642098883,0.03393734530987803,False,False
moa-fine,expression,xgboost,64,0.4893333333333334,0.5,-0.0106666666666666,0.00810377141281212,-0.026549766778450924,0.005216433445117722,False,False
tox_liver_toxicity,morphology,xgboost,70,0.4981818181818182,0.5127272727272727,-0.0145454545454544,0.010068634985355237,-0.034279616494861664,0.005188707403952865,False,False
tox_liver_toxicity,morphology+ecfp,xgboost,70,0.4961818181818181,0.5128787878787878,-0.0166969696969697,0.009982581708024829,-0.03626247032201815,0.0028685309280787503,False,False
tox_pulmonary_toxicity,morphology+expression,elastic_net,70,0.4527777777777777,0.4703888888888888,-0.017611111111111,0.0246043657673758,-0.06583478188893446,0.030612559666712454,False,False
tox_renal_toxicity,morphology+ecfp,linear_svm,70,0.5142222222222221,0.5330555555555555,-0.0188333333333333,0.03163685536338828,-0.08084043044422842,0.04317376377756182,False,False
tox_infertility,morphology,elastic_net,70,0.4647222222222222,0.4874444444444444,-0.0227222222222222,0.0239067736669023,-0.06957863760689709,0.024134193162452695,False,False
tox_infertility,morphology,linear_svm,70,0.4594444444444444,0.4832222222222222,-0.0237777777777778,0.030440685088249476,-0.08344042422947331,0.035884868673917714,False,False
tox_cardiotoxicity,expression,elastic_net,70,0.5203571428571427,0.5446428571428572,-0.0242857142857144,0.03495935443604521,-0.092804789919213,0.0442333613477842,False,False
tox_cardiotoxicity,morphology,elastic_net,70,0.4827380952380952,0.5095238095238094,-0.0267857142857141,0.02135967761143409,-0.06864991313533575,0.015078484563907542,False,False
tox_infertility,morphology+expression,elastic_net,70,0.4379999999999999,0.4671111111111111,-0.0291111111111112,0.026607295017497503,-0.08126045108367624,0.023038228861453847,False,False
tox_renal_toxicity,morphology+ecfp,xgboost,70,0.4481111111111111,0.4796111111111111,-0.0314999999999999,0.02858532818867609,-0.08752621374921032,0.02452621374921051,False,False
tox_pulmonary_toxicity,expression,elastic_net,70,0.4511666666666666,0.4856111111111111,-0.0344444444444445,0.027467439758986998,-0.0882796371322161,0.019390748243327094,False,False
tox_cardiotoxicity,ecfp,xgboost,70,0.4820238095238094,0.5175,-0.0354761904761905,0.030082464136537694,-0.0944367367638585,0.0234843558114775,False,False
tox_renal_toxicity,morphology,xgboost,70,0.4481666666666666,0.4847222222222222,-0.0365555555555556,0.026832323422449147,-0.08914594309742786,0.016034831986316667,False,False
tox_cardiotoxicity,morphology+ecfp,sparse_plsda,70,0.4004761904761904,0.4385714285714286,-0.0380952380952382,0.035168028796523504,-0.10702330795986717,0.030832831769390757,False,False
tox_cardiotoxicity,morphology+expression,elastic_net,70,0.5071428571428571,0.5473809523809524,-0.0402380952380952,0.03189050854325455,-0.10274234344620893,0.022266152970018535,False,False
tox_infertility,morphology,xgboost,70,0.4531111111111111,0.4961666666666666,-0.0430555555555555,0.021165363039470694,-0.0845389048423682,-0.0015722062687428054,False,False
tox_renal_toxicity,morphology,linear_svm,70,0.4012222222222222,0.4473333333333332,-0.0461111111111109,0.036415235585068616,-0.11748366136313579,0.025261439140913992,False,False
tox_infertility,morphology+ecfp,xgboost,70,0.4523888888888889,0.5053333333333333,-0.0529444444444444,0.022021482216516335,-0.09610575648513439,-0.009783132403754412,False,False
tox_liver_toxicity,morphology,linear_svm,70,0.4155151515151515,0.4692424242424242,-0.0537272727272726,0.030830027222050842,-0.11415301573906185,0.006698470284516644,False,False
tox_renal_toxicity,morphology,sparse_plsda,70,0.4005555555555555,0.4608333333333332,-0.0602777777777777,0.039113478463706906,-0.13693878689471636,0.016383231339160968,False,False
tox_cardiotoxicity,morphology+ecfp,xgboost,70,0.4272619047619047,0.4884523809523809,-0.0611904761904762,0.03166639813706409,-0.12325547607379289,0.0008745236928405023,False,False
tox_pulmonary_toxicity,morphology+expression,xgboost,70,0.4117777777777778,0.4744444444444445,-0.0626666666666667,0.032001651191967344,-0.12538875046345502,5.541713012160998e-05,False,False
tox_pulmonary_toxicity,expression,xgboost,70,0.4325,0.4953333333333333,-0.0628333333333333,0.03221071442015513,-0.1259651735279575,0.00029850686129090365,False,False
tox_cardiotoxicity,morphology,sparse_plsda,70,0.4236904761904762,0.503452380952381,-0.0797619047619048,0.03375774035704412,-0.1459258600766923,-0.013597949447117286,False,False
tox_pulmonary_toxicity,expression,sparse_plsda,70,0.4566666666666666,0.5545555555555556,-0.0978888888888889,0.040040297602524935,-0.1763664301385196,-0.019411347639258184,False,False
tox_cardiotoxicity,morphology,linear_svm,70,0.4051190476190476,0.5166666666666666,-0.111547619047619,0.03368913845568955,-0.17757711710644902,-0.045518120988788976,False,False
tox_pulmonary_toxicity,morphology+expression,sparse_plsda,70,0.4572222222222222,0.5807777777777777,-0.1235555555555555,0.039035729122794,-0.20006417876444738,-0.047046932346663614,False,False
