pair,variant,n,p_a,p_b,rv_adj,rv_adj_p,mantel_r,mantel_p,protest_r,protest_p,rv_plain,rv2,rv_emp_adj,permutations
morphology~expression,observed,119,636,41780,0.015656793747608422,0.0968,0.20207983118124806,0.0001,0.4493319657045827,0.011,0.08551960967525979,-0.012020612578371698,0.015530313987588449,9999
morphology~expression,ctl_scrambled,119,636,41780,0.006202384739884839,0.2465,0.028176315273411905,0.2726,0.4316836546530435,0.1652,0.07673621828823579,0.00411862231518583,0.006000936212475875,9999
morphology~expression,ctl_scrambled,119,636,41780,-0.0029611326603035918,0.5325,-0.019787547279153914,0.645,0.4197310238614448,0.5634,0.06822307275561637,-0.0012735574511370663,-0.002859589698603819,9999
morphology~expression,ctl_scrambled,119,636,41780,-0.012642932095506555,0.9167,0.009515614589910357,0.4134,0.41438795148559165,0.7885,0.059228429758832093,-0.01155033463373436,-0.012803585216980693,9999
morphology~expression,ctl_scrambled,119,636,41780,0.0016069248157336744,0.3687,0.016122418577315348,0.3619,0.42573125214840774,0.3279,0.0724669167291189,0.006727503276595826,0.0015651081248490655,9999
morphology~expression,ctl_scrambled,119,636,41780,-0.01535624317504547,0.9701,-0.07492995692362274,0.9509,0.40732549120540246,0.9623,0.05670769333343843,-0.011414522887493615,-0.01561533074678148,9999
morphology~expression,ctl_scrambled,119,636,41780,-0.011837849750897505,0.8895,-0.02351811219168134,0.6778,0.41405216959902363,0.7964,0.05997637215541208,-0.0096360464507795,-0.01178430705836441,9999
morphology~expression,ctl_scrambled,119,636,41780,-0.0017099428822204869,0.4817,0.014062949927387373,0.3687,0.41822275382583485,0.6279,0.06938546053801184,-0.009921910536770728,-0.001620756559589915,9999
morphology~expression,ctl_scrambled,119,636,41780,-0.00638157078267979,0.6881,0.0009907134644855404,0.4796,0.41636152828561934,0.712,0.06504539695172588,-0.007653127937294654,-0.006451797156301739,9999
morphology~expression,ctl_scrambled,119,636,41780,0.008447905832659391,0.188,-0.05457776488878568,0.874,0.4240603470848595,0.3691,0.07882236567296858,0.012936829538388431,0.008710110645615008,9999
morphology~expression,ctl_scrambled,119,636,41780,0.04007075166462236,0.0071,0.0467974235040169,0.1656,0.45468790673618853,0.0042,0.10820081032104159,0.0401417384517953,0.040071517009818675,9999
morphology~expression,ctl_scrambled,119,636,41780,-0.0002008737992709899,0.4304,0.03245104074472988,0.2446,0.42941179444664906,0.2206,0.07078742488869463,0.008754272969828657,-0.00045804516468480786,9999
morphology~expression,ctl_scrambled,119,636,41780,0.004603771622190217,0.2819,0.02742535937008344,0.2832,0.4315672739777217,0.1665,0.07525106520487844,-0.009215893794610077,0.0044662564142818936,9999
morphology~expression,ctl_scrambled,119,636,41780,1.7127189416303555e-05,0.4259,0.05856471421635797,0.1141,0.42913305663920787,0.2268,0.07098995346608475,-0.004350725854866883,-7.903774229053824e-05,9999
morphology~expression,ctl_scrambled,119,636,41780,0.0013742192745853556,0.3694,-0.0211999422452938,0.6612,0.42819499716126136,0.2419,0.07225072724078971,0.005553800303553793,0.0016124790568129805,9999
morphology~expression,ctl_scrambled,119,636,41780,0.013539130277583102,0.114,0.09424535586326487,0.0276,0.4454276820859766,0.0189,0.08355224534100678,0.006672138905056765,0.013519089351932061,9999
morphology~expression,ctl_scrambled,119,636,41780,-0.002866041475906421,0.52,-0.012808987391250285,0.5832,0.41987315030113476,0.5482,0.06831141493431138,-0.003747721555026449,-0.002707862690606131,9999
morphology~expression,ctl_scrambled,119,636,41780,-0.009814075001337106,0.8198,0.024025586853082717,0.3002,0.4105863298286517,0.898,0.061856511431176854,-0.011502539909489237,-0.009783646586839945,9999
morphology~expression,ctl_scrambled,119,636,41780,-0.00137545856968186,0.4738,-0.05504618562954236,0.8769,0.41699660775939146,0.6768,0.06969620514694999,0.005757182091758501,-0.0012328682054332295,9999
morphology~expression,ctl_scrambled,119,636,41780,0.0021505151836257665,0.3478,0.04266870972183686,0.179,0.4229489137884793,0.4269,0.07297192629148419,-0.011718484880696664,0.0021802079981426445,9999
morphology~expression,ctl_scrambled,119,636,41780,-0.0005943547517554109,0.4307,0.01966433954613534,0.3288,0.41821760568584593,0.6182,0.07042187086980395,-0.0013142049656008075,-0.0003584114195062122,9999
morphology~expression,ctl_random,119,636,41780,-0.00013411134012556117,0.5614,0.1000422614675555,0.0434,0.4738068582219794,0.2404,0.24470930412221756,0.018884693484532793,-0.00013228037453679885,9999
morphology~expression,ctl_random,119,636,41780,0.00011083957674613224,0.4519,-0.025880952334317954,0.6738,0.47348210330697404,0.6865,0.2449002185100262,0.027974031174383265,9.600204003009928e-05,9999
morphology~expression,ctl_random,119,636,41780,-9.24987736060034e-05,0.5496,0.002080454106205391,0.4873,0.4734583014614444,0.73,0.24475074574782618,0.024361571939504847,-9.680767464412684e-05,9999
morphology~expression,ctl_random,119,636,41780,-0.00017335861297477725,0.5834,-0.044257245855839414,0.7738,0.47345327102041596,0.7223,0.24468412779356208,0.029677899561571096,-0.00017974074274035252,9999
morphology~expression,ctl_random,119,636,41780,-0.0007455534905628587,0.8256,-0.03215758421604852,0.711,0.4735839623962071,0.5414,0.2442475702571274,0.016014688418711252,-0.0007453755569986996,9999
morphology~expression,ctl_random,119,636,41780,-0.0008147085510807866,0.8452,0.017788918800694067,0.3761,0.4731792078258238,0.9404,0.2441887955498882,0.021364735718789565,-0.0008071366544120385,9999
morphology~expression,ctl_random,119,636,41780,-0.0011252745366459038,0.9319,-0.04286710553043993,0.7815,0.47328324667405397,0.8945,0.24396574604763943,0.016554869639995678,-0.001129989152094916,9999
morphology~expression,ctl_random,119,636,41780,0.0014253456013781536,0.0383,-0.016480054648971423,0.6082,0.4740029930461502,0.0779,0.24589080146250297,0.038392926141681466,0.0014280449996063405,9999
morphology~expression,ctl_random,119,636,41780,0.00016885288159868673,0.4193,-0.015418038189853758,0.6056,0.4736129306646192,0.4985,0.24493622028579637,0.026376438822119968,0.00016229231231664406,9999
morphology~expression,ctl_random,119,636,41780,0.0012009252068372854,0.0712,0.04226357023062321,0.2429,0.47385589109437326,0.1889,0.24572154346740785,0.03974024344009502,0.0012047464426915009,9999
morphology~expression,ctl_random,119,636,41780,0.0009132102571413491,0.1428,0.058782059030473566,0.1569,0.4739714767884785,0.1029,0.245490215300599,0.031157921842987345,0.000900499162116142,9999
morphology~expression,ctl_random,119,636,41780,0.00016610886619680392,0.4173,0.07164665504292024,0.1153,0.4737571328876423,0.3018,0.2449378921781478,0.021539908295293158,0.00016684586754590907,9999
morphology~expression,ctl_random,119,636,41780,-0.0003010668450629861,0.6494,-0.02659702138886346,0.6817,0.4734750233809546,0.6945,0.244583441771578,0.019888459031892427,-0.0003091573983417869,9999
morphology~expression,ctl_random,119,636,41780,0.0008065214942494582,0.1632,0.03570099183484036,0.2714,0.47391755025603083,0.1373,0.2454210261613259,0.028729045253694418,0.0007836564056156219,9999
morphology~expression,ctl_random,119,636,41780,0.00019539317169939464,0.4024,0.03723880382684942,0.2694,0.47377647762417846,0.2805,0.24495857830529466,0.030889593527628014,0.00019174769955421648,9999
morphology~expression,ctl_random,119,636,41780,-0.00040547316549963456,0.6814,0.02747311066287489,0.326,0.47355106254351814,0.5782,0.24451177255028042,0.022087321447589445,-0.0003923319014113887,9999
morphology~expression,ctl_random,119,636,41780,0.0007489981869390114,0.1772,0.023609879758608163,0.3484,0.47389562722263534,0.1607,0.24538020845017272,0.03100277081514035,0.0007480455923160568,9999
morphology~expression,ctl_random,119,636,41780,0.0007830270726432942,0.1602,-0.05775190771747668,0.8476,0.47377472302164175,0.2687,0.24538747727965246,0.031680923948414506,0.0007880257741260004,9999
morphology~expression,ctl_random,119,636,41780,-0.00024789698386557847,0.6181,-0.015367683274614715,0.6002,0.4735752965326962,0.5586,0.24462934588338675,0.02894444592407465,-0.0002471829895903458,9999
morphology~expression,ctl_random,119,636,41780,9.223312403879197e-05,0.4566,0.005056261560346571,0.4673,0.4735413860584613,0.6099,0.2448875089437055,0.024755065667587933,8.734203505682632e-05,9999
morphology~ecfp,observed,119,636,1024,0.02143590283315611,0.1898,0.08595914199561815,0.1474,0.4772901525409085,0.0968,0.23001982295904874,0.039640967517557954,0.021584127631272505,9999
morphology~ecfp,ctl_scrambled,119,636,1024,0.0002533757100745956,0.4547,-0.07369588183710896,0.8178,0.4588453877152795,0.6017,0.21335241605987224,0.009422885774793938,0.0003150758744105806,9999
morphology~ecfp,ctl_scrambled,119,636,1024,-0.013875801906438816,0.681,0.018697446702892057,0.4067,0.4583501031612888,0.617,0.20223491572023825,0.0065750245998179085,-0.014073918874723737,9999
morphology~ecfp,ctl_scrambled,119,636,1024,0.020923428663302327,0.2011,-0.07120011423790487,0.8093,0.46605504995665054,0.365,0.22961658422059988,0.020362825052846357,0.020658337591675006,9999
morphology~ecfp,ctl_scrambled,119,636,1024,-0.007047305901223195,0.5655,-0.049496047728550444,0.7167,0.4586071594500556,0.6006,0.20760789698762974,0.021644330488978555,-0.006800252185219887,9999
morphology~ecfp,ctl_scrambled,119,636,1024,-0.023093443087590464,0.8144,-0.09095254849998592,0.8706,0.4503833714204279,0.8435,0.19498204285364557,-0.0011878282883026597,-0.02348100566467538,9999
morphology~ecfp,ctl_scrambled,119,636,1024,0.006468992917833787,0.3733,-0.011641492740434592,0.5546,0.46503490799896563,0.4,0.21824315551363457,-0.006707068661881482,0.006256622569749303,9999
morphology~ecfp,ctl_scrambled,119,636,1024,-0.02733803709025259,0.8613,-0.048709942159385906,0.7156,0.4507176535864206,0.8339,0.19164219700083024,0.0034207788308214127,-0.027325740797949877,9999
morphology~ecfp,ctl_scrambled,119,636,1024,-0.02051915023682508,0.7917,-0.12009698381278598,0.9358,0.4517300508768249,0.8205,0.1970076173364274,0.020224311220931056,-0.02097005306318735,9999
morphology~ecfp,ctl_scrambled,119,636,1024,-0.0504177273545283,0.9877,-0.21930364099703417,0.9977,0.43262776680945264,0.996,0.17348201306685185,0.01876090343529785,-0.05042436006536678,9999
morphology~ecfp,ctl_scrambled,119,636,1024,0.04574441075554234,0.0505,0.01620395704795879,0.4239,0.4794536099503412,0.073,0.24914689832168496,0.014563266641751152,0.04546240591371081,9999
morphology~ecfp,ctl_scrambled,119,636,1024,-4.629560239683015e-05,0.4681,0.04080716211086705,0.3097,0.4656546997464774,0.3759,0.21311662060109865,0.006520184327360688,-0.0003558348411975115,9999
morphology~ecfp,ctl_scrambled,119,636,1024,0.012312416881549416,0.2949,-0.07624378762420063,0.8272,0.4604258137435831,0.5553,0.22284103584782383,0.010757987969791613,0.01180797023952612,9999
morphology~ecfp,ctl_scrambled,119,636,1024,0.0020414700318444226,0.4319,0.06829585869180273,0.1987,0.4668769033673121,0.3337,0.21475937262656866,-0.015318159238660398,0.0019075931627915413,9999
morphology~ecfp,ctl_scrambled,119,636,1024,0.03287170455039468,0.108,-0.03793459221169255,0.6671,0.4690517612085507,0.2605,0.2390180486821648,0.016868505817265192,0.033304794326814637,9999
morphology~ecfp,ctl_scrambled,119,636,1024,0.011471805816561579,0.2921,0.07524280609161539,0.1765,0.46992566554330517,0.2453,0.2221796035936508,0.0058041371718647854,0.01177857478595002,9999
morphology~ecfp,ctl_scrambled,119,636,1024,0.008666237619560603,0.3304,0.034895470014436665,0.3291,0.4662785841876744,0.3461,0.21997205080964652,0.015363284350011115,0.008980737333422032,9999
morphology~ecfp,ctl_scrambled,119,636,1024,-0.01190050951243447,0.6486,-0.03735210214343023,0.6723,0.45821553544347526,0.6169,0.20378916851946371,0.0146749579874739,-0.011674848015995302,9999
morphology~ecfp,ctl_scrambled,119,636,1024,-0.0293922337581127,0.886,-0.12129855456684992,0.9337,0.4454263789927409,0.9287,0.19002585861423377,0.0024304206234822957,-0.0293772262459576,9999
morphology~ecfp,ctl_scrambled,119,636,1024,0.07689517684952171,0.0054,0.022286775360678114,0.378,0.48780735932830205,0.0146,0.2736577836703777,0.012781394969897868,0.0775569334365528,9999
morphology~ecfp,ctl_scrambled,119,636,1024,-0.00242659315803618,0.5026,-0.039316868586252114,0.6836,0.4615681423463802,0.5117,0.2112436907249591,0.00780567319078745,-0.002717323290800583,9999
morphology~ecfp,ctl_random,119,636,1024,-0.0026334196040986016,0.7077,-0.09477514594618423,0.9502,0.4687256217461242,0.8122,0.22984283561492436,0.00902449379871806,-0.002665978876091438,9999
morphology~ecfp,ctl_random,119,636,1024,0.009820159262074642,0.0226,0.05877956389807336,0.1621,0.47319643357651503,0.0558,0.2396170886714221,0.029477954349827744,0.009775621208686943,9999
morphology~ecfp,ctl_random,119,636,1024,0.0020736581733711923,0.325,0.001196730170163047,0.4914,0.47050373031112036,0.4659,0.23362838608508069,0.007374338289830122,0.0021045283454850555,9999
morphology~ecfp,ctl_random,119,636,1024,-0.0019601289650356393,0.6494,0.019822681689118833,0.3833,0.47051672532102984,0.4855,0.23092217434072873,-0.006575904221112892,-0.0019890101485902523,9999
morphology~ecfp,ctl_random,119,636,1024,-0.0027083431102472044,0.7083,0.08773719037510402,0.0677,0.46889220925693265,0.7845,0.22987787975075058,-0.01086225478130565,-0.0027018918409659433,9999
morphology~ecfp,ctl_random,119,636,1024,0.004597987858107267,0.1674,-0.01770086222442625,0.6198,0.4712134618995522,0.3181,0.2357647981915872,0.026120386773654653,0.004566272569424099,9999
morphology~ecfp,ctl_random,119,636,1024,-0.0011760140789493835,0.5979,-0.06907483404818514,0.8849,0.46940068006107943,0.7395,0.23163285939557177,0.006915045631810918,-0.001241930856459697,9999
morphology~ecfp,ctl_random,119,636,1024,-0.0007913818203096519,0.5745,0.045033205889287595,0.2177,0.4714012202708793,0.2752,0.23143559471122072,-0.002754633251821257,-0.000850701979317584,9999
morphology~ecfp,ctl_random,119,636,1024,-0.00019914366065349097,0.5075,-0.00013092266173523682,0.5012,0.47038934332650545,0.4845,0.23198075239930616,0.014613054608759446,-0.00010465707637237735,9999
morphology~ecfp,ctl_random,119,636,1024,-0.008747631826583417,0.965,0.003124748755955392,0.4794,0.46780830115227773,0.9338,0.22585996691738297,-0.015397908369858368,-0.008725294987329577,9999
morphology~ecfp,ctl_random,119,636,1024,-0.0021358227022219172,0.6698,0.0027693066172614707,0.4854,0.46923793752768167,0.7412,0.2305520035695756,-0.0013018098095513803,-0.0022041664109866844,9999
morphology~ecfp,ctl_random,119,636,1024,-0.0025095538319752572,0.6939,-0.018336012543421643,0.628,0.46897485865384686,0.7801,0.23012716630083135,0.002988491064760637,-0.002471474536412779,9999
morphology~ecfp,ctl_random,119,636,1024,-0.002733647593325685,0.7246,-0.019776699314588066,0.642,0.4689617890627649,0.7927,0.23005660978328366,0.001876653071789388,-0.0028154808446653485,9999
morphology~ecfp,ctl_random,119,636,1024,0.006163674913557648,0.1278,0.07298952844943751,0.1278,0.4730971280261722,0.0806,0.2367168563310286,0.016854368329672298,0.0061435826857130305,9999
morphology~ecfp,ctl_random,119,636,1024,-0.004233332233332067,0.8167,-0.03033844934846572,0.6995,0.4688298942017548,0.8277,0.2292302429758893,0.009686364026912886,-0.004342405423490236,9999
morphology~ecfp,ctl_random,119,636,1024,-0.008569364127694887,0.9593,-0.05876640220728434,0.8397,0.46686835665071197,0.9737,0.22567292469027903,-0.00773727335988144,-0.008632463059964325,9999
morphology~ecfp,ctl_random,119,636,1024,-0.0027553730844829456,0.7073,-0.07373908063925734,0.8826,0.4685692115506115,0.8407,0.23026168647130651,-0.00011990791102442565,-0.002788805190552568,9999
morphology~ecfp,ctl_random,119,636,1024,-0.0014408955721227313,0.6074,-0.025217758222219628,0.6515,0.46935746331022005,0.7034,0.2312187165900575,-0.00425935973246333,-0.0014448425563423962,9999
morphology~ecfp,ctl_random,119,636,1024,-0.0003735507881711301,0.5266,-0.005907995252124641,0.5424,0.47033892889894036,0.5342,0.23235067913771226,-9.458865452061816e-05,-0.00037544420509778484,9999
morphology~ecfp,ctl_random,119,636,1024,-0.0027503738602276057,0.7036,0.00545807839216704,0.4622,0.4695958402480092,0.6543,0.23006229547918772,0.006117616008470607,-0.0026772008966150437,9999
expression~ecfp,observed,119,41780,1024,0.03504843832650436,0.0001,0.09414211504908936,0.0333,0.8310858476396609,0.0001,0.2779406097092311,0.05954973392137608,0.03504695821402017,9999
expression~ecfp,ctl_scrambled,119,41780,1024,0.006952493443696211,0.1587,-0.019870261526721934,0.6461,0.8190144557788462,0.7497,0.2569168178035107,0.02179735266704571,0.007044264590320046,9999
expression~ecfp,ctl_scrambled,119,41780,1024,-0.0024230243204851594,0.6244,-0.013160398061973595,0.5986,0.8205022457242962,0.5131,0.2499012525571842,0.0024909158204372947,-0.002438355440302576,9999
expression~ecfp,ctl_scrambled,119,41780,1024,0.002898813663285009,0.3344,0.017226984874625827,0.368,0.8222133313228467,0.2501,0.2538835074624181,0.013944307161812816,0.0028600706056769736,9999
expression~ecfp,ctl_scrambled,119,41780,1024,-0.006476872916380223,0.8207,-0.049626853197457244,0.8318,0.8172630212065003,0.9242,0.2468678158938903,-0.002128454910570744,-0.006445257695477933,9999
expression~ecfp,ctl_scrambled,119,41780,1024,-0.0010653609863800777,0.5505,-0.06066406334309545,0.8863,0.8198979292540683,0.6157,0.2509171725247563,0.012889126479038055,-0.0011109153151790804,9999
expression~ecfp,ctl_scrambled,119,41780,1024,0.003614776685970663,0.2956,0.011204892140978782,0.4027,0.8214605755328582,0.3515,0.25441925230616397,0.013517405801670913,0.0036292226396273087,9999
expression~ecfp,ctl_scrambled,119,41780,1024,-0.005176516249659686,0.7694,0.012730475997496353,0.3942,0.819898427169708,0.6235,0.2478408541055747,-0.006175211594168062,-0.00523674110147687,9999
expression~ecfp,ctl_scrambled,119,41780,1024,-0.008078756134232428,0.8828,-0.028721824763264667,0.7146,0.8201350603469985,0.5915,0.2456691496959794,-0.0025812781334817038,-0.008286635898071692,9999
expression~ecfp,ctl_scrambled,119,41780,1024,-0.006582400171978882,0.8237,-0.0020658705682245143,0.5113,0.8219289114634397,0.2914,0.24678885136461956,-0.0020093254965283724,-0.006529461976570078,9999
expression~ecfp,ctl_scrambled,119,41780,1024,0.0006048411942031456,0.4521,0.03415137710343803,0.2455,0.8212183406827451,0.3955,0.25216696082095097,0.0006532496743486648,0.0006619848237071975,9999
expression~ecfp,ctl_scrambled,119,41780,1024,-0.0018822661356759072,0.5927,0.03369627296990749,0.2513,0.8229107402300817,0.163,0.25030589413788795,0.001965419451161936,-0.001825366042069901,9999
expression~ecfp,ctl_scrambled,119,41780,1024,0.012114562116716701,0.0489,0.019858617032319507,0.3494,0.8239997597328951,0.0825,0.2607795196288915,0.02726957162293943,0.011919213248243875,9999
expression~ecfp,ctl_scrambled,119,41780,1024,-0.004070515856933436,0.7107,0.021188561018686134,0.3338,0.8184539687580586,0.8257,0.24866845830971548,-0.01191539477476785,-0.004043027124016278,9999
expression~ecfp,ctl_scrambled,119,41780,1024,0.006143539942188677,0.1865,-0.014273333868890688,0.6059,0.8209975324883846,0.4349,0.2563114895204422,0.024472375502484538,0.006170510052234706,9999
expression~ecfp,ctl_scrambled,119,41780,1024,0.009093492628627025,0.095,0.07086441420198905,0.0789,0.822594366452603,0.2022,0.2585188967341911,0.012609067758103928,0.0091711481105277,9999
expression~ecfp,ctl_scrambled,119,41780,1024,0.0012702771840582582,0.4091,0.024219729428824444,0.3104,0.8217551151845933,0.3112,0.25266489701194383,0.003323806025928198,0.0014168655840441815,9999
expression~ecfp,ctl_scrambled,119,41780,1024,0.002715750485312943,0.3348,-0.0187139997391669,0.6336,0.8207895963395202,0.4674,0.25374652391638186,0.015328929226264191,0.0027462273792618467,9999
expression~ecfp,ctl_scrambled,119,41780,1024,-0.012312239785184708,0.9677,-0.058368853898868804,0.8757,0.8160612438195656,0.9779,0.24250129470177517,-0.010033301328362656,-0.012273482633732936,9999
expression~ecfp,ctl_scrambled,119,41780,1024,0.0012462305143670573,0.4148,0.0160440029834978,0.3617,0.8198536321296899,0.6234,0.2526469032344887,-0.0035762450100023575,0.0013014759529416501,9999
expression~ecfp,ctl_scrambled,119,41780,1024,-0.005927460280706387,0.8011,-0.04215857412445375,0.7963,0.8202641848519249,0.5563,0.24727893347583893,0.0043449733066570064,-0.005980719872458537,9999
expression~ecfp,ctl_random,119,41780,1024,0.0005642549795529808,0.4467,-0.08578966868362423,0.9917,0.8413745982823567,0.3739,0.2742220097283983,0.010946301555738227,0.0005638081573180111,9999
expression~ecfp,ctl_random,119,41780,1024,0.00023327744780933713,0.4766,-0.03840183485247155,0.8586,0.8410135872213684,0.5796,0.2742299410886613,0.008918320529449027,0.00012806593534450686,9999
expression~ecfp,ctl_random,119,41780,1024,0.004684623937272695,0.1691,0.009541872579277027,0.3954,0.8422671350899121,0.1718,0.27741426191086227,0.018076633254186947,0.004827043884330395,9999
expression~ecfp,ctl_random,119,41780,1024,-0.002404163853223911,0.6829,-0.044606291485136576,0.8716,0.8410955457768587,0.6932,0.2727305356443476,0.003360640738127715,-0.0024352781636832136,9999
expression~ecfp,ctl_random,119,41780,1024,0.005390772984423039,0.1429,-0.04095914734037392,0.8613,0.8420577971174373,0.2071,0.2778354315468037,0.02141076399694421,0.005404920078025214,9999
expression~ecfp,ctl_random,119,41780,1024,-0.0015210716330448805,0.6183,-0.007100400105435127,0.5793,0.8411287113277497,0.6116,0.2731440499158177,0.004453257749932009,-0.0015732026431743232,9999
expression~ecfp,ctl_random,119,41780,1024,0.001012773590784462,0.4036,-0.06538076534015802,0.9674,0.8413841221534646,0.6206,0.2753378347034371,0.011390986848753943,0.0010598014601004707,9999
expression~ecfp,ctl_random,119,41780,1024,-0.009519183247622095,0.9755,-0.022174803403404695,0.7327,0.8389842576670804,0.9826,0.26711136887736175,-0.014685973841484882,-0.009525254083323718,9999
expression~ecfp,ctl_random,119,41780,1024,0.0010021102225687044,0.4156,0.020071915295955506,0.2972,0.8411523454648963,0.5367,0.2748561560123258,0.009450898677871501,0.0009607168295082725,9999
expression~ecfp,ctl_random,119,41780,1024,-0.0019885522298270825,0.6443,0.04510649509432709,0.1073,0.8410507073858285,0.7304,0.2732053220756145,0.001478766135673325,-0.0019393545727244784,9999
expression~ecfp,ctl_random,119,41780,1024,0.003533531066284535,0.2371,-0.017817395929882733,0.6767,0.8420724367536022,0.2613,0.27676217169879924,0.01646135797650003,0.0035909292533149923,9999
expression~ecfp,ctl_random,119,41780,1024,0.002415649246655532,0.3161,-0.028473595027422575,0.7833,0.841904920215859,0.2715,0.2757887824072876,0.013427540677362217,0.002438150382985728,9999
expression~ecfp,ctl_random,119,41780,1024,0.0005200568482819399,0.45,-0.01923242880950788,0.7053,0.8416012912010341,0.3971,0.2745321637694182,0.009352740576971037,0.0005581433432908474,9999
expression~ecfp,ctl_random,119,41780,1024,-0.007525674609566465,0.9323,0.01643276983911304,0.3429,0.8393891320039173,0.9532,0.2684868767741665,-0.01160721801751556,-0.007502327882533216,9999
expression~ecfp,ctl_random,119,41780,1024,-0.001353568984465383,0.5975,0.002105833045341492,0.4781,0.8414838803159005,0.5572,0.27355508168349457,0.004113875250696753,-0.0013041224753850124,9999
expression~ecfp,ctl_random,119,41780,1024,-0.005710572855379783,0.8737,0.008340917503631582,0.4123,0.8401741049644471,0.8679,0.2701241929722221,-0.006100359884915301,-0.005744074532523923,9999
expression~ecfp,ctl_random,119,41780,1024,-0.006071062006709222,0.892,0.020109503127381988,0.3021,0.8402883497303095,0.8796,0.2700107735340477,-0.008241006301034238,-0.0061011208966122174,9999
expression~ecfp,ctl_random,119,41780,1024,0.0077734560736963014,0.0646,0.03226930850812268,0.1939,0.8431152712576315,0.0676,0.2799953020815739,0.024852560029718977,0.007795833114231241,9999
expression~ecfp,ctl_random,119,41780,1024,0.0052501100044788605,0.1464,0.005220121058478955,0.4485,0.8427474100908833,0.1786,0.2785313108777056,0.01963363784700104,0.005271610987236023,9999
expression~ecfp,ctl_random,119,41780,1024,0.00919749771222651,0.0332,0.06343772741855622,0.0468,0.8428805077192095,0.0627,0.2808522637770203,0.026838297478273935,0.009310692672678993,9999
