drug,X_scvi_morph_1,X_scvi_morph_2,X_scvi_morph_3,X_scvi_morph_4,X_scvi_morph_5,X_scvi_morph_6,X_scvi_morph_7,X_scvi_morph_8,X_scvi_morph_9,X_scvi_morph_10,X_scvi_morph_11,X_scvi_morph_12,X_scvi_morph_13,X_scvi_morph_14,X_scvi_morph_15,X_scvi_morph_16,X_scvi_morph_17,X_scvi_morph_18,X_scvi_morph_19,X_scvi_morph_20
18β-Glycyrrhetinic acid,-0.14709833,0.96288055,0.40581164,2.6614432,1.1448085,2.1123683,0.6649679,0.038519233,2.4199889,0.23771289,2.1330757,0.6835584,-0.122487396,0.061067045,-0.73456883,-1.0753431,-1.1461581,-1.7304788,1.6446369,-0.41471452
5-Fluorouracil,0.027332425,1.101521,-1.3169675,-0.60135645,-0.044118106,-1.0093918,1.1970048,-1.346935,-0.6632818,0.48374835,0.8060121,0.33316064,1.0939367,-0.3528421,1.8569987,2.2398071,1.2260023,-0.5921198,-2.3104572,-1.3198109
8-Hydroxyquinoline,-0.66743684,0.35918617,0.11394306,-0.029451013,0.8296269,0.49863952,0.39654535,-0.6921067,0.6697358,0.123482674,0.19073406,0.37534195,-0.030734539,0.056887984,0.25240627,1.0731742,0.6690354,-1.2122421,-0.5206877,-0.00598228
AT7519,0.23495328,1.513102,1.4284234,-0.9046757,0.9537674,-1.5884786,-2.7974572,0.8389592,-3.951122,0.53655887,-2.1719775,-1.423886,0.6580327,3.0260081,0.008509994,3.3788865,1.3227805,-0.7804327,-3.6522532,0.51367503
AZD-8055,0.5789337,1.7883098,-1.0024623,0.12862581,-0.46398658,-0.2628797,0.6841482,-0.492809,0.5843343,1.208091,2.959353,0.625242,0.20411652,-2.2072225,1.2463782,-0.7729923,-0.457856,-0.008618057,0.2025921,-1.5385256
AZD2858,0.069903135,1.939352,0.7023959,1.6926395,-0.11252153,1.2197806,-1.2246027,0.15939167,1.2933177,0.7786381,1.9169421,-0.3901679,-0.8853625,-0.051858544,-0.6050613,-2.4466858,-1.8796593,-0.113594085,1.5217716,-1.0023575
Abiraterone acetate,-0.12987882,1.0799329,0.26362613,2.2852225,0.72451603,1.5690603,0.6944312,0.11635637,2.0179436,0.5075141,2.3363848,0.6514824,0.042936623,-0.102365315,-0.0019906163,-1.0191498,-1.1004871,-1.2924011,1.243396,-0.5190845
Acetohexamide,0.062025607,1.0229552,0.64068913,3.0585198,1.4411241,2.2456398,0.52593577,0.37814924,2.3617074,0.36165196,2.2852335,0.8084487,-0.15016568,0.16495669,-0.9310576,-1.2575186,-1.3421494,-1.9091809,1.6563277,0.15388814
Aliskiren,-0.03598833,0.9675464,0.60757416,2.7828856,1.1882272,2.096174,0.47844267,0.2791904,2.3292165,0.36867547,2.2697802,0.77709675,-0.11193326,0.14354438,-0.6246152,-1.2124314,-1.2800404,-1.7503405,1.571208,-0.078810096
Alpelisib,-0.07430163,1.683819,0.5813072,2.2163925,0.5681129,1.775798,-0.2964905,0.13885033,2.0200765,0.8591039,2.672402,0.15428558,-0.8383227,-0.51177067,-0.5841706,-2.3282204,-1.8829693,-0.77017766,1.9512923,-0.61873394
Altretamine,0.10500759,1.0566738,0.6666632,3.2106977,1.326967,2.3861687,0.55056846,0.2592453,2.6944928,0.25325656,2.3968005,0.8702332,-0.098891646,0.22479087,-0.99609363,-1.3953099,-1.3805363,-1.9813707,1.9107499,-0.062490106
Amsacrine,2.5482974,6.7131157,-2.1073992,1.5870432,-3.4111598,-5.911892,-0.036824957,0.4991456,-5.467391,0.6153604,-0.96161056,-3.0657926,1.7490819,2.9923701,2.0972996,3.6040704,0.59205586,2.7373435,-4.272955,-3.4768965
Aprepitant,-0.05502078,1.0815475,-0.22330606,1.1635115,0.19264725,0.8654169,0.98208183,-0.27024063,1.6903765,0.71366477,2.8314753,1.1253636,0.30344063,-1.27932,0.7343858,-0.5294662,-0.24107455,-1.1049792,0.48986557,-1.1517191
Belumosudil,-0.12186685,1.7987027,0.30942002,3.2419748,0.21229163,1.980052,0.5045632,0.43204406,2.940672,0.67701304,2.975327,0.18480939,-0.6063011,-0.460333,-0.29006737,-2.2418036,-1.9516307,-0.5311904,2.285965,-1.4553173
Bendamustine,-0.27663153,0.17468971,0.5851853,1.4467887,1.2497023,1.0161161,0.31704777,-0.19483113,1.1730992,0.03889519,0.9331492,0.8956565,0.43825412,0.90265214,0.0026059747,0.60759115,0.20601831,-2.1313725,-0.3367257,0.74749947
Bergenin,-0.023240387,1.0620825,0.5560953,2.5782785,1.0606828,1.896637,0.3986687,0.35788402,2.1906328,0.47597852,2.325614,0.68378663,-0.08365494,0.07476723,-0.53920245,-1.3503174,-1.4709806,-1.702224,1.6027235,-0.036414027
Bexarotene,0.123900056,0.5575853,0.20903541,2.1802897,1.3273016,1.9088326,0.95562875,-0.21922646,2.1395733,0.06855866,2.0799947,1.202055,0.28233624,-0.4236731,-0.63891554,-0.27637175,-0.23356698,-2.09317,1.1430686,-0.038660526
Binimetinib,-0.045612097,0.9101228,0.09611367,0.57944036,1.1541016,0.6747262,0.504534,-0.25984493,0.6222567,0.6512773,1.3432704,0.6109965,-0.27445126,-0.70584196,-0.13875544,0.10546619,0.509213,-1.0763468,-0.23005146,-0.24643725
Bortezomib,5.5288634,10.671865,-5.2935867,8.407297,-4.755479,-5.849658,0.6873161,0.8769295,-8.76784,0.9099206,-1.5679371,-6.9510255,3.4760993,7.405511,0.18161231,7.6914062,-1.5379161,3.1716125,-5.6571527,-3.3388436
Bosentan (hydrate),-0.069413364,0.6386692,0.34677023,2.431107,1.2141898,1.9961282,0.7761783,-0.09358783,2.3058126,0.16411796,2.1461034,0.98280513,0.18394756,-0.07021785,-0.52328515,-0.62813264,-0.7207579,-1.9933829,1.3000472,-0.10701954
Brivudine,-0.07601267,0.66293484,0.4207909,2.650587,1.3048027,2.2065933,0.75959426,-0.11093119,2.477776,0.09724192,2.069303,0.90299046,0.038066775,0.023770928,-0.86245525,-0.74106234,-0.7349153,-2.0215914,1.444707,-0.20821321
Budesonide,0.30013418,0.16764432,0.54419804,1.4594573,1.3422934,0.6208217,0.28471267,0.30179235,0.3552928,0.32135293,1.4488065,1.0824971,0.6970734,0.5467429,0.25336084,0.59329486,0.313648,-2.017017,-0.9668772,1.1626573
Canagliflozin,-0.038538665,0.61698574,0.31443933,2.6787796,1.229543,2.1755927,1.0414879,-0.045429558,2.6322796,0.062932,2.4125905,1.1447408,0.26307583,-0.31272185,-0.54873013,-0.6054579,-0.6671619,-2.1464698,1.3969135,-0.35436207
Capivasertib,0.24750936,2.2039738,0.56257445,3.9385095,1.4682999,2.3196032,0.041595027,1.0133935,2.3648927,1.0561854,2.984849,0.16114444,-1.5413172,-0.7928421,-1.591489,-2.5986295,-2.1328664,-0.92898816,2.453763,-0.033402443
Capmatinib,-0.22923216,1.0366838,0.1831524,1.9658118,0.61169404,1.5591861,0.63495266,-0.28809062,2.1844077,0.37031484,2.1694355,0.71842957,0.033471584,-0.22725123,-0.16643184,-0.83195317,-0.81500363,-1.3367395,1.2753496,-0.7713972
Captopril,3.5464764e-05,0.9315471,0.45037067,3.046548,1.272985,2.3510232,0.708853,0.08030921,2.6523607,0.146907,2.1732316,0.82505476,-0.14159447,0.0786916,-1.0644597,-1.1448684,-1.0435601,-1.8888385,1.7806944,-0.30854255
Celecoxib,-0.032081425,0.71347934,-0.25507623,2.386541,1.0491455,1.7137192,1.7106781,-0.34886223,2.1060367,0.2009356,2.5698376,1.3089348,0.5598163,-0.6980554,0.07853931,0.12935287,-0.046942614,-1.8648288,0.5403904,-0.8717995
Ciclopirox,1.0302371,1.5895808,-1.9578754,0.51886785,-0.43060434,-2.5013914,1.6062586,-1.928842,-3.0187821,0.15207687,-1.0364826,-0.36269784,2.6302426,2.373011,1.943627,5.745016,2.947931,-0.5155227,-5.0552034,-0.5787628
Cilostazol,-0.7528922,1.020155,-0.5452561,0.6997855,0.38676444,0.6902788,1.4033014,-1.1164495,1.3762709,0.14558634,1.24754,0.5301991,-0.02200523,-0.51431626,0.30408308,0.6935307,0.48853582,-1.0608487,-0.3266589,-1.5149419
Clobetasol propionate,0.0830701,0.55652446,0.085487336,2.6316466,1.1954883,2.2161434,1.2317059,-0.0314911,2.5378866,0.1372664,2.4780703,1.1374881,0.202483,-0.7072537,-0.5880537,-0.61587083,-0.3526532,-1.8288658,1.3817282,-0.68580645
Clofarabine,0.73146904,2.2735825,-1.8718897,0.40168273,-0.6561231,-3.1662827,1.6530777,-2.0354078,-3.4581008,-0.06664866,-1.7802845,-0.5601245,2.52809,3.3026261,1.9634379,6.4403515,3.8075116,0.01609385,-5.8753605,-1.4600651
Clotrimazole,-0.046494395,0.37427157,-0.16026005,1.8231505,0.8367083,1.2941401,1.352892,-0.30423838,1.7001147,0.18725732,2.1575894,1.1769545,0.7289782,-0.39233387,0.38238603,0.49371016,0.18959573,-1.7098684,0.19062138,-0.64928776
Dabrafenib,0.07587582,0.67044264,0.89645106,1.356686,1.7553139,1.4252361,-0.45783126,0.5117575,0.66033614,0.7389841,1.6621109,0.5414512,-0.4140983,-0.26053098,-0.75589705,-0.9634544,-0.9390925,-1.5485744,0.875997,1.1400495
Daidzin,0.005997896,1.1180084,0.6045241,2.879601,1.2246447,2.139378,0.39645535,0.36012027,2.4292336,0.47690865,2.394371,0.7040427,-0.21558812,0.04636717,-0.85690296,-1.5196352,-1.5379493,-1.6663041,1.8732302,-0.023144782
Dapagliflozin,-0.1072948,0.7342358,0.27365154,2.7479053,1.3730779,2.2661204,1.0055069,-0.11554775,2.5591562,0.012050629,1.9467841,0.88419724,-0.010526568,-0.04906267,-0.9522759,-0.5562329,-0.54049283,-2.0035613,1.471334,-0.48442584
Digitoxin,2.885244,5.805574,-1.0777843,1.1732045,-1.0844932,-3.871719,-3.4662423,0.8552743,-8.112803,1.575698,-2.278329,-4.0173173,2.2620437,4.0405974,0.18464741,6.3974094,-0.36166358,0.6918173,-4.5062165,-1.9467268
Drospirenone,-0.12852249,0.38719833,0.0038551688,2.3141875,1.1195045,1.896722,1.2613617,-0.2658082,2.1474338,-0.022994108,1.9359602,1.116254,0.45437878,-0.27857697,-0.42614603,0.08210713,0.14276561,-1.7516022,0.9344863,-0.76066786
EX229,-0.26676998,0.48740858,-0.33479717,1.7153393,0.9361398,1.3988403,1.5913502,-0.5590207,1.8120487,0.18424189,2.1866436,1.1958323,0.45685858,-0.7544709,0.38521042,0.30050224,0.07972865,-1.7041152,0.18935716,-0.5806002
Encorafenib,1.9472586,6.410813,-0.9682563,5.6568623,-2.5647128,-0.26103792,-1.9796972,-0.022623032,0.06315559,1.5445104,1.520431,-2.6301212,-2.8556907,0.7764628,-3.0106688,-4.3825665,-2.1583366,3.8721225,2.4207344,-3.0676847
Erdafitinib,0.6098366,4.315656,-2.0395932,3.2937293,-2.6117823,-1.0831398,1.7475384,-0.12873308,0.81654257,0.8395425,2.7138038,-1.270103,-0.9188882,-1.3718362,0.8350302,-1.3949046,-0.8192707,3.9552014,0.7132826,-4.0831037
Erythromycin,-0.16832748,0.82628125,0.16339025,2.3060498,0.9268017,2.0156999,0.8587997,-0.3529083,2.6108446,0.13992944,2.1879117,0.8793138,-0.02106905,-0.34754986,-0.7026229,-0.7054395,-0.55482465,-1.6003358,1.5239414,-1.0026054
Fenofibrate,0.016410172,1.0073516,0.51234585,2.733612,1.2222879,2.126286,0.56090677,0.18720296,2.4344254,0.38110903,2.3274965,0.7832867,-0.097732395,-0.05426222,-0.8169738,-1.233218,-1.2457228,-1.7919915,1.7531197,-0.10125017
Filgotinib,0.6996206,1.5143912,-0.6513991,-0.060088396,0.105707526,-2.5838046,0.30001402,-0.63004816,-3.0860796,0.058597073,-0.98736954,-0.23918939,2.02815,2.7649415,1.8904839,4.303791,2.560351,-0.43980744,-4.850141,-0.36905396
Finasteride,-0.5870014,0.8059965,-0.5511539,0.7152313,0.46266726,0.5572971,1.4699671,-0.97233427,1.17285,0.23231375,1.3731818,0.6378492,0.19350737,-0.5000279,0.55316293,0.7241802,0.38804162,-0.9764559,-0.3128677,-1.1420653
Fluvoxamine (maleate),0.026769519,1.5452063,0.55575705,3.1690097,1.000361,2.5029173,0.3332579,0.17503291,2.9574347,0.55190337,2.6186132,0.38897753,-0.6776439,-0.15068594,-1.2607677,-2.157761,-1.676279,-1.1335915,2.5545669,-0.9676178
Gallic acid,-0.00026220083,0.826942,0.36540714,2.235991,0.99134845,1.9155428,0.56992674,-0.024169862,2.2755613,0.33736765,2.3839297,0.89539677,-0.014366001,-0.3877649,-0.5374898,-1.1145568,-0.88844055,-1.6500037,1.6538209,-0.286537
Gemfibrozil,-0.20644817,0.6778508,0.2698562,2.1293006,1.2167121,1.7853601,0.91979355,-0.15910444,2.1538215,0.12039916,1.8213706,0.8207986,0.07156509,-0.03752941,-0.5219364,-0.3698358,-0.3873167,-1.8581083,1.0070894,-0.38731492
Glasdegib,0.097661674,0.56721157,0.22331972,2.3283544,1.1574712,1.7989475,0.934905,-0.017457873,2.051839,0.24189618,2.3474708,1.2056524,0.4135493,-0.29519632,-0.28468198,-0.36012238,-0.44283974,-2.029197,0.93390334,-0.13132262
Hexylresorcinol,0.0041365623,1.0213401,0.55704415,3.2936673,1.3876381,2.5303273,0.7941414,0.17187887,2.8793225,0.23421288,2.479228,0.8915766,-0.13964772,-0.014816165,-1.0429981,-1.2380154,-1.2787361,-2.0941472,1.9399213,-0.20651746
Homoharringtonine,2.398675,2.6149046,0.12186613,0.122944176,0.29310894,-2.5898325,-3.2762876,1.1640042,-5.8848567,1.0678107,-1.3286109,-1.6537575,1.9161754,2.3378277,-0.07518399,4.227869,-0.11380172,-0.4787439,-3.1494107,0.41945332
Idoxuridine,-0.19998291,1.0461268,-0.96158856,0.11127496,0.5067235,0.28608534,1.5044633,-1.7123281,0.541164,-3.8728118e-05,0.765883,0.8866779,0.5373781,-0.99040496,0.36700198,2.2120771,2.2250302,-0.7500707,-1.2114038,-2.1642287
Infigratinib,0.68571377,3.7371826,-0.297523,3.3545976,-1.6994619,0.18675707,-0.7189099,0.4738343,1.1453384,1.0691726,2.107864,-1.3509516,-1.2534385,0.18491542,-0.049947202,-3.3538399,-2.2614949,1.9169562,1.7696368,-1.6243024
Ipatasertib,0.08395016,1.6451242,-0.308997,1.2595931,0.42040467,0.72862256,0.46968383,-0.21747676,0.9318887,1.0754588,2.594318,0.46589002,-0.38249254,-1.2232463,0.33726454,-1.3531919,-0.75534403,-0.4995069,0.7688041,-0.5922703
Irinotecan,-0.20129707,1.9293425,-1.0961895,-0.29874688,-0.33964223,-2.028542,1.2866465,-1.4413441,-1.4646257,0.06085752,-0.93155575,-0.53053147,1.2047527,1.8928986,2.150888,3.677325,1.862249,-0.3013723,-4.067248,-1.424284
Ixazomib,3.7565584,6.5772514,-4.462259,6.585741,-3.572042,-3.8826127,1.269462,0.07209864,-5.2843423,0.3211584,-1.5427094,-4.7970357,2.365151,5.547334,0.77309334,5.746462,-1.3781557,2.1984458,-3.1376498,-0.32896322
LY-2584702 (tosylate salt),0.15726703,1.0347772,0.5749188,3.2145095,1.3656008,2.4878383,0.65569264,0.37455234,2.886336,0.42524472,2.7072482,0.8580297,-0.2696067,-0.3944924,-1.180416,-1.5436404,-1.3525996,-1.7861261,2.2485392,-0.21410501
LY2090314,-0.8293021,0.7541596,-0.20878151,-0.20580888,0.348414,-0.15252587,0.36562073,-1.2305901,-0.19131592,-0.20113501,-0.8491155,-0.34183455,0.2102933,1.2086915,0.709717,1.9429469,1.0709838,-0.7659836,-1.6808314,-0.6969978
Larotrectinib sulfate,-0.060354948,0.92971355,0.45957685,3.0063076,1.182874,2.3251383,0.7054178,0.04060024,2.725188,0.16121629,2.1814828,0.8183955,-0.11431518,0.09143597,-0.97832704,-1.129472,-1.1061519,-1.8549151,1.8264797,-0.3258838
Lopinavir,0.12761974,1.1359279,0.24837008,2.5967913,0.91811275,2.2316158,0.7324554,-0.046695977,2.7418866,0.49769095,2.8348398,0.86872923,-0.22366989,-0.8136385,-0.790437,-1.481331,-1.1168101,-1.4085703,2.1189587,-0.8965295
MK-3903,-0.4154634,0.7449419,-0.6747428,1.6277198,0.7221321,1.3233191,2.1660204,-0.87233245,1.9922671,0.19177231,2.376409,1.2901309,0.5714738,-1.1157693,0.6516201,0.58455753,0.24878831,-1.4064949,0.08892256,-1.3574922
Macitentan,-0.006575644,0.903343,0.42014194,2.8409028,1.1796494,2.2212536,0.7985316,0.029647589,2.6181445,0.21292737,2.3619504,0.96298575,0.03637716,-0.09037638,-0.7639704,-0.98000073,-1.043895,-2.0087085,1.7205966,-0.23467165
Mebendazole,0.532182,2.3849742,-1.0556779,0.73158085,-0.6598944,-3.1741676,1.202366,-1.3705304,-3.370384,-0.3673818,-2.0391107,-0.0010994971,2.6338837,3.8829298,1.8602892,6.269822,3.557525,-0.77727216,-6.2141933,-0.6712392
Medroxyprogesterone acetate,-0.44555163,0.7875716,-0.33232895,1.1955317,0.6271181,1.0181141,1.2448854,-0.7199949,1.6061445,0.25192985,1.6639165,0.72414815,0.17036384,-0.46781218,0.15760335,0.32372278,0.14267853,-1.3165781,0.17783523,-1.0271151
Menadione,-0.10854751,0.2268548,0.003689766,1.9911796,0.9235985,1.3683677,1.2903992,-0.35343987,1.7211292,-0.0071901083,2.0614362,1.3275808,0.838559,-0.115516365,0.38286957,0.5558001,0.16331172,-2.0135136,0.036396235,-0.23783499
Methotrexate,-0.3747859,0.64413697,-0.19286856,-0.06784433,0.5027175,-0.42830756,0.6878786,-0.92531514,-0.39012358,-0.06686027,-0.11401194,0.15162414,0.78207666,1.1500113,1.3319196,2.3205042,1.4651151,-0.8689673,-2.3635333,-0.5563291
Mifepristone,0.22751069,1.2844851,0.18897174,2.5070095,1.2666222,2.0404809,0.8303088,0.14173248,2.2459304,0.7761102,3.0178766,0.96220577,-0.3191816,-1.1902769,-0.73006237,-1.4254003,-1.0627456,-1.5827408,1.8605365,-0.38568276
Mozavaptan,1.8136619,2.3298132,2.5905511,2.2861004,-0.81801134,-2.5317364,-3.045902,2.9554856,-2.5337076,0.2516268,-0.30619347,-0.7663224,1.3335052,3.7288113,0.75579804,0.45452178,-1.8534796,-1.589756,-3.9317346,2.658423
Neratinib,0.9061265,4.698047,-0.18065542,3.2842765,-2.0039425,-0.19500133,-1.418438,0.0049318373,0.62549466,1.1871791,1.9078995,-1.879001,-1.8623705,0.07474065,-0.6481217,-3.9462268,-2.3404362,2.4549475,1.7357963,-2.1913896
Nevirapine,-0.07728183,1.0518286,0.51458174,2.5611224,1.0595901,1.9010822,0.47225946,0.26471606,2.1358838,0.46960613,2.3089948,0.65474087,-0.09390676,0.0745042,-0.40504754,-1.2660282,-1.3936573,-1.5868824,1.4716907,-0.064288914
OTS514,-0.6409621,1.3567569,1.6765562,-0.6567732,0.8301661,-0.18946478,-2.5861523,0.55958533,-1.6710203,0.6473049,-0.67368335,-1.3069018,-0.73090935,1.3241706,-0.56861603,0.33052987,-0.5334116,-0.8508109,-1.3948174,0.22510102
Olanzapine,-0.080043525,1.1172659,0.2998803,2.3800292,0.9281689,2.0719886,0.57755727,-0.16018221,2.6499617,0.37747154,2.428978,0.72179544,-0.26965606,-0.47150505,-0.81264913,-1.2920774,-1.0829939,-1.4332621,1.925911,-0.8517166
Omeprazole,-0.06793144,0.87978226,0.45917583,2.685894,1.1603191,2.0514362,0.65617275,0.1539042,2.3182743,0.3234177,2.2131367,0.78402114,0.0077424943,0.08331436,-0.55283606,-1.00901,-1.074305,-1.7625148,1.4945781,-0.20585567
Orlistat,0.01382184,1.3802199,0.33693367,2.9913754,0.9351737,2.429,0.45684737,-0.019797862,2.9906778,0.54100823,2.7328396,0.61662817,-0.43111032,-0.32586262,-1.0267131,-1.8363346,-1.5285702,-1.3834755,2.290418,-0.8763831
PF-06260933,-0.23505673,2.2505333,0.25324935,2.686964,-0.22843075,1.7501583,-0.21945862,-0.1253744,2.577716,0.7066349,2.442648,-0.33560985,-1.2186,-0.55276597,-1.0044415,-2.5398467,-1.6245452,0.25414163,2.4729943,-2.452132
PH-797804,-0.355206,0.78865105,-0.6417946,0.9126164,0.37390336,0.5955174,1.5564467,-0.92830634,1.1970538,0.13413355,1.493676,0.74378335,0.6086965,-0.45075166,0.85951203,1.2000911,0.6181034,-1.105788,-0.6724583,-1.5101078
Paclitaxel,1.9668804,1.9139194,2.5609806,1.950692,-0.8589625,-2.6367738,-3.0000992,2.9465396,-2.7520165,0.14688078,-0.39769846,-0.66123056,1.5767107,3.8451042,0.9135802,0.57056224,-1.3576376,-1.4851041,-4.0960207,2.8444703
Pemetrexed,-0.35535452,0.25074202,0.2103555,1.4570264,1.1094412,1.3145248,0.80048215,-0.48750973,1.6160512,-0.030775495,1.2137312,0.9238217,0.33494973,0.2761485,-0.19128782,0.5174309,0.49471706,-1.8577979,0.13680354,-0.13183218
Pentagastrin,0.12737238,1.0490518,0.55251205,2.9377046,1.276835,2.2077274,0.55767566,0.329473,2.45308,0.42601916,2.574195,0.8772423,-0.1088714,-0.15577227,-0.81199014,-1.4393644,-1.3871056,-1.8796208,1.8227031,0.03869903
Pentamidine (isethionate),-0.23682988,0.74028987,-0.79711425,-0.29496238,0.42864934,-0.058560073,1.1872442,-1.0829374,0.40073794,0.39199147,1.0316858,0.5316962,0.36188805,-0.98791,0.9244176,1.378942,0.82265544,-0.6717503,-0.84552205,-0.94878095
Pimozide,0.76137507,4.7694917,-0.9547784,3.8102398,-2.530763,-0.44656417,-0.090962306,0.38497004,1.0368443,1.0066483,2.3217034,-1.9443465,-1.3977698,0.0013865232,-0.0012015104,-3.5122569,-2.4174004,3.093281,1.5859247,-3.011919
Ponatinib,5.423433,14.103858,1.3045719,8.398787,-7.4804783,-4.122775,-7.5428,2.9605796,-5.881587,2.1944053,-0.24334139,-7.070069,-1.3207531,7.4796515,-4.2760777,-0.8419173,-4.393694,6.1446795,-2.0880332,-5.027172
Posaconazole,-0.0035237074,2.2373946,0.10070866,2.2873316,-0.70775646,1.158373,0.18472368,0.30209765,2.2016037,0.96208155,3.2312045,-0.0482814,-0.4381809,-0.91552067,0.6117664,-2.5129044,-2.0061367,0.11945957,1.6670145,-1.9541883
Pravastatin (sodium),-0.07340336,1.0943999,0.59918106,2.5932693,1.0945795,2.0354426,0.39334196,0.2076293,2.37139,0.4120302,2.297871,0.6584276,-0.20100874,0.06700897,-0.715577,-1.4157331,-1.3959876,-1.6283631,1.7528644,-0.2190128
Ralimetinib dimesylate,0.34342247,3.6560636,0.106407724,4.6517143,-0.91018826,1.7103518,-0.6897004,0.71832836,2.8901446,0.8640257,2.8796272,-1.2035472,-1.9075994,0.21261334,-1.3267848,-4.0908375,-3.4197223,1.0465119,2.963683,-2.1279235
Raltitrexed,-0.30664623,0.6652793,-0.836408,0.16368198,0.636199,-0.6534041,1.3097078,-1.5827034,-0.5946311,-0.06631605,-0.272025,0.44698462,1.0713637,1.0489689,1.2429785,3.1842759,2.3090749,-1.0689614,-2.9455206,-0.54027325
Rapamycin,0.17206842,0.4412405,-0.48309824,1.3553787,0.69220424,0.76552606,1.3664681,-0.57611346,1.1624106,0.35230276,2.2801628,1.3384179,0.9390809,-0.6690455,0.7447849,0.7222309,0.31747788,-1.6575475,-0.4983772,-0.5492875
Regorafenib,0.6387962,0.60949725,1.2035699,0.48700845,0.4749513,-0.3758488,-1.1982316,1.4286084,-0.5721358,0.52729845,1.0833147,0.24618785,0.89271945,0.78516006,0.89734626,0.16527814,-0.53045255,-1.3816783,-1.3671972,1.3123068
Relugolix,-0.14554918,1.1939976,0.4490029,2.912911,0.9946739,2.2018611,0.52581644,0.060251087,2.6203387,0.42859486,2.3478289,0.6118792,-0.27397862,0.101830006,-0.80769646,-1.4946803,-1.2950557,-1.4011805,1.922361,-0.6257959
Retinoic acid,0.13658065,0.8435617,0.8377351,3.03897,1.7644963,2.2198038,0.23462918,0.46890506,2.0614765,0.1962288,1.818617,0.89730364,-0.16673496,0.46467376,-1.2936713,-0.9677912,-1.1394705,-2.3296344,1.3719615,0.8739319
Ribociclib,-0.6451436,1.0683632,-0.93997365,0.019355476,0.14986801,0.12349793,1.6593801,-1.8762516,0.8039932,0.18906724,1.0034022,0.7790782,0.30748105,-0.8451469,0.80627495,1.7935171,1.7323996,-0.53178144,-1.2476089,-2.1108663
Ritonavir,0.018074393,1.477309,0.37233534,2.5677466,0.72041833,1.8917204,0.13558821,0.112684906,2.2444637,0.692237,2.6258159,0.45525277,-0.4693923,-0.31795743,-0.6952338,-1.9668819,-1.4915469,-1.0818112,1.9756533,-0.6587009
Rosiglitazone,-0.044886112,0.8881183,0.37684292,2.5686612,1.2813694,2.044536,0.77867013,0.044454932,2.314672,0.3060446,2.294026,0.88081884,0.028380424,-0.1304307,-0.61029446,-0.8647262,-0.9667724,-1.8773355,1.4625239,-0.23564589
Rucaparib (phosphate),-0.40138865,0.2436294,0.28223974,1.4017059,1.0477747,0.6870526,0.85134715,-0.41470492,0.9748317,-0.10239433,0.68518734,0.7339881,0.5336381,1.0733732,0.46353042,1.1451236,0.48436207,-1.7752001,-0.85949993,0.37156296
Sapanisertib,0.69141936,3.1720707,-0.5023243,1.4228905,-0.65549785,0.17187397,-0.00019547343,-0.03237456,0.56897026,1.4578428,3.6404095,-0.05226901,-0.8190371,-2.3515036,0.4480647,-2.391972,-1.7672987,0.33937573,1.1342201,-1.6051545
Silodosin,-0.35197932,0.5846191,-0.25127897,1.3967229,0.74770397,1.0053873,1.1918752,-0.67262256,1.4114225,0.074424,1.43747,0.80870724,0.40645486,-0.09607488,0.32923016,0.7559781,0.4234267,-1.500063,-0.22934711,-0.7923706
Sonidegib,-0.3175985,1.2301345,-0.029200323,1.7796196,0.34464303,1.3481365,0.88991916,-0.12193602,2.1266153,0.55813205,2.3588467,0.45402786,-0.0138246715,-0.5720135,0.19861248,-0.9096216,-0.91451025,-0.8502851,1.1914332,-1.40115
Sulfisoxazole,0.124592245,1.1834927,0.70586103,3.144606,1.2673898,2.3684306,0.39677107,0.3161812,2.6668222,0.42824742,2.5599504,0.75747263,-0.3007517,0.023337722,-1.0888537,-1.7541975,-1.6353065,-1.8119838,2.093646,0.023037314
TAK-733,0.0799849,1.6562386,0.6066184,2.6408067,1.1113069,2.0224233,-0.11603992,0.33127478,2.0854216,0.8646636,2.5806355,0.28218335,-0.94697857,-0.5637494,-1.0886521,-2.228416,-1.6332134,-0.9432104,2.036088,-0.13856274
Tadalafil,0.12201697,1.2938597,0.77392256,2.9581337,1.1342616,2.0838325,0.15873326,0.53120995,2.3316505,0.58463633,2.581411,0.6585857,-0.24455951,0.12164879,-0.8282827,-1.778777,-1.7532088,-1.6281273,1.9068841,0.055685043
Terfenadine,5.174358,12.13628,1.514746,10.726011,-6.688867,-8.06218,-4.086131,5.1340647,-7.3501124,-0.7061783,-3.1350322,-5.36374,-0.9502519,9.798994,-4.429193,-1.3048344,-5.6900973,1.2334974,-3.2401228,1.5674324
Tofacitinib,-0.079713315,1.5040319,0.7823633,3.1110802,1.3047632,2.3361127,0.21387208,0.47220555,2.5958111,0.58167243,2.4983168,0.4739866,-0.70246947,-0.025809765,-1.1885893,-2.008906,-1.8575101,-1.5433223,2.1610727,-0.17588025
Tolcapone,-0.08981782,0.86444646,0.50103295,2.705144,1.4389055,2.1426718,0.6527566,0.10519704,2.2470279,0.17247516,1.8887521,0.7772738,-0.053848743,0.2729332,-0.8900876,-0.7853813,-0.8459559,-1.9319055,1.3986892,-0.091750026
Tomivosertib,-0.16274035,1.2484703,0.49593276,2.7557154,1.0470026,2.2121735,0.5308197,0.080946326,2.7466085,0.4363068,2.337556,0.55962545,-0.43616524,-0.11110717,-0.9307196,-1.5797884,-1.5602542,-1.498457,2.0517764,-0.4746247
Torkinib,1.0609056,3.892109,-1.50386,2.200337,-1.6500213,-0.48231688,0.39414865,-0.520817,0.84955716,1.3422443,3.153822,-0.27271026,-0.7750046,-2.0139818,0.4053787,-2.270862,-1.1780752,1.8574798,1.258055,-2.6244829
Trametinib (DMSO_TF solvate),0.012864649,1.3853316,0.8292538,2.7490344,1.8747501,2.3035774,-0.0631205,0.52489245,1.80986,0.7687268,2.1837313,0.37246138,-1.1545115,-0.46458256,-1.6841322,-1.9204073,-1.363917,-1.309232,1.9480639,0.35932234
Tranilast,0.034780324,1.0820649,0.5674585,2.9149609,1.2379144,2.2014272,0.47069597,0.2708088,2.4677207,0.38095924,2.4388576,0.7608464,-0.24850194,-0.060292244,-0.90334487,-1.4855859,-1.456483,-1.8970695,1.8116676,0.005406618
Triclosan,0.014211714,0.65651184,0.0049655885,2.5056415,1.0261295,2.0663626,1.3589892,-0.30273467,2.50012,0.15767291,2.6987433,1.359642,0.38281888,-0.82583296,-0.35530078,-0.40517178,-0.25961274,-1.965826,1.2149469,-0.7855032
Trimetrexate,0.08358556,0.7938418,-0.27369314,-0.15658706,0.38712135,-1.2337598,0.5225632,-0.4784119,-1.2372905,0.23573619,-0.0065612197,0.23177202,1.2359595,1.4945552,1.6383464,2.5131974,1.5428369,-0.9236367,-3.0457458,-0.07013488
Valdecoxib,0.09708005,1.1515241,0.6815927,3.2798634,1.2816076,2.34216,0.49632394,0.4340224,2.600428,0.3712546,2.511032,0.77911705,-0.19681871,0.14022535,-0.95643616,-1.5539113,-1.6148763,-1.829005,1.9563837,-0.08901268
Vemurafenib,-0.007536292,1.5009501,-0.4337385,1.5206016,-0.2673959,0.73471415,1.1691387,-0.1460874,1.5159488,0.8055159,3.1772308,0.8128698,0.21047157,-1.5152274,1.3171513,-1.1738893,-0.9952321,-0.40736502,0.76229566,-1.2720523
Vinblastine (sulfate),0.036459446,1.7687373,-0.7084856,-0.3145013,-0.14613736,-2.0273514,0.70466644,-0.88502467,-1.841466,-0.019171111,-0.8197162,-0.11289245,1.7768068,2.322862,2.0541236,3.7235248,1.9903449,-0.6308961,-4.087652,-1.2713594
Vismodegib,-0.11683008,1.13357,0.3929817,2.444231,0.8380269,1.9015273,0.4555213,0.070002854,2.3394527,0.46169755,2.328516,0.6324582,-0.17819664,-0.111798465,-0.49236345,-1.325592,-1.243449,-1.3927593,1.6859249,-0.56444484
Voriconazole,-0.056836933,0.9367141,0.5568291,2.7514915,1.1916687,2.0057886,0.56925935,0.18498194,2.214897,0.28796375,2.158071,0.7637507,-0.024266392,0.26970196,-0.5883477,-1.0394883,-1.2009699,-1.8226206,1.3900293,-0.02123189
Vortioxetine,4.6441493,14.013192,-0.12887263,11.526853,-8.400269,-3.1705303,-3.326951,4.112465,-2.6980393,1.3165057,1.4043005,-6.6844826,-0.23790342,6.3441706,-2.4941192,-2.7591484,-5.5327625,6.6606884,-0.47245508,-6.85594
Zileuton,0.049619734,1.0466142,0.6337242,3.1232123,1.3255737,2.362053,0.53589773,0.26995775,2.672605,0.2892244,2.430575,0.8022438,-0.21103323,0.021196306,-1.098299,-1.4466169,-1.4212917,-1.9306774,1.9886478,-0.112546444
olaparib,-0.3930333,0.034015834,0.3804298,1.5273324,1.4477574,0.8752231,0.61926347,-0.60427916,0.91054237,-0.23749676,0.35696512,0.8506883,0.6324484,1.4391563,0.012417734,1.5527558,0.87150836,-2.3110175,-1.1100833,0.7774066
palbociclib,-0.0663555,0.4236384,-0.81190866,-0.23736417,0.32858098,-0.37262955,1.3665636,-1.3579484,-0.036079913,0.2914958,0.9344091,0.87746215,0.94353276,-0.50065506,1.2572124,2.1118002,1.8223456,-0.76329243,-1.9607728,-0.9275847
venetoclax,0.22623873,0.5365985,-0.3236064,1.7366523,0.8267982,1.3854512,1.289262,-0.16453867,1.6162829,0.32058635,2.4593706,1.2235079,0.66610974,-0.9444784,0.25658733,0.07572192,-0.034931295,-1.6501544,0.41658968,-0.6539386
Idarubicin (hydrochloride),4.3681803,13.697988,4.608677,10.631591,-3.631137,-0.72433317,-4.2470536,1.5132934,-10.040958,2.6573083,-5.049845,-4.950966,4.810266,9.622917,-8.647641,10.726924,8.646783,5.7105517,-7.765498,-10.706408
