target,block,model,score_mean_base,score_mean_tuned,d_score,permuted_score_base,permuted_score_tuned,d_permuted,gap_vs_permuted_base,gap_vs_permuted_tuned,d_gap,verdict
tox_liver_toxicity,ecfp,xgboost,0.5,0.7017575757575757,0.2017575757575757,0.5,0.5078787878787879,0.00787878787878793,0.0,0.1938787878787877,0.1938787878787877,improved
moa-fine,morphology+ecfp,xgboost,0.5,0.6606666666666666,0.16066666666666662,0.5,0.5106666666666667,0.010666666666666713,0.0,0.1499999999999999,0.1499999999999999,improved
moa-fine,morphology,xgboost,0.5,0.6393333333333332,0.1393333333333332,0.5,0.5166666666666666,0.016666666666666607,0.0,0.1226666666666665,0.1226666666666665,improved
tox_infertility,ecfp,xgboost,0.5065555555555555,0.5943333333333334,0.08777777777777784,0.5017777777777778,0.4767222222222221,-0.025055555555555664,0.0047777777777777,0.1176111111111112,0.1128333333333335,improved
tox_renal_toxicity,morphology+expression,sparse_plsda,0.5129444444444444,0.5496666666666666,0.03672222222222221,0.5442222222222222,0.488,-0.056222222222222173,-0.0312777777777777,0.0616666666666666,0.0929444444444443,improved
tox_pulmonary_toxicity,expression,sparse_plsda,0.4448888888888889,0.4566666666666666,0.01177777777777772,0.6223888888888889,0.5545555555555556,-0.0678333333333333,-0.1775,-0.0978888888888889,0.07961111111111109,improved
tox_renal_toxicity,expression,sparse_plsda,0.514611111111111,0.5505,0.03588888888888897,0.5390555555555555,0.499,-0.04005555555555551,-0.0244444444444444,0.0514999999999999,0.0759444444444443,improved
moa-fine,ecfp,xgboost,0.5,0.5826666666666667,0.08266666666666667,0.5,0.514,0.014000000000000012,0.0,0.0686666666666666,0.0686666666666666,improved
tox_pulmonary_toxicity,expression,elastic_net,0.4590555555555556,0.4511666666666666,-0.007888888888889,0.5597222222222222,0.4856111111111111,-0.07411111111111113,-0.1006666666666666,-0.0344444444444445,0.0662222222222221,improved
tox_pulmonary_toxicity,morphology+expression,elastic_net,0.4623333333333332,0.4527777777777777,-0.009555555555555484,0.544111111111111,0.4703888888888888,-0.07372222222222219,-0.0817777777777777,-0.017611111111111,0.0641666666666667,improved
tox_renal_toxicity,ecfp,xgboost,0.586111111111111,0.7008333333333333,0.11472222222222228,0.4977777777777777,0.5537222222222222,0.05594444444444452,0.0883333333333333,0.147111111111111,0.05877777777777769,improved
tox_cardiotoxicity,morphology,linear_svm,0.3701190476190475,0.4051190476190476,0.03500000000000009,0.5225,0.5166666666666666,-0.005833333333333357,-0.1523809523809524,-0.111547619047619,0.04083333333333339,improved
tox_pulmonary_toxicity,morphology+expression,sparse_plsda,0.4485,0.4572222222222222,0.008722222222222187,0.6128333333333333,0.5807777777777777,-0.032055555555555615,-0.1643333333333333,-0.1235555555555555,0.0407777777777778,improved
tox_infertility,ecfp,elastic_net,0.5413333333333333,0.5831666666666666,0.04183333333333328,0.4561111111111111,0.4581111111111111,0.0020000000000000018,0.0852222222222222,0.1250555555555555,0.039833333333333304,improved
moa-fine,expression,sparse_plsda,0.5506666666666666,0.5780000000000001,0.02733333333333343,0.476,0.4666666666666666,-0.00933333333333336,0.0746666666666666,0.1113333333333334,0.03666666666666679,improved
moa-fine,morphology,elastic_net,0.6993333333333333,0.7233333333333333,0.02400000000000002,0.4973333333333333,0.4853333333333333,-0.01200000000000001,0.2019999999999999,0.238,0.03600000000000009,improved
tox_infertility,morphology,linear_svm,0.4374444444444444,0.4594444444444444,0.021999999999999964,0.4961111111111111,0.4832222222222222,-0.012888888888888894,-0.0586666666666667,-0.0237777777777778,0.0348888888888889,improved
moa-fine,morphology,linear_svm,0.7406666666666666,0.7446666666666667,0.004000000000000115,0.5073333333333333,0.4773333333333333,-0.030000000000000027,0.2333333333333332,0.2673333333333334,0.034000000000000224,improved
tox_infertility,expression,xgboost,0.474,0.4742777777777778,0.0002777777777778212,0.497111111111111,0.4646111111111111,-0.03249999999999992,-0.023111111111111,0.0096666666666667,0.0327777777777777,improved
tox_pulmonary_toxicity,ecfp,elastic_net,0.5603888888888888,0.5792777777777778,0.018888888888888955,0.5008888888888889,0.4877222222222221,-0.013166666666666826,0.0594999999999998,0.0915555555555556,0.032055555555555795,improved
moa-fine,morphology+expression,linear_svm,0.7120000000000001,0.7293333333333334,0.01733333333333331,0.3986666666666666,0.3853333333333333,-0.013333333333333308,0.3133333333333334,0.3440000000000001,0.030666666666666675,improved
moa-fine,expression,linear_svm,0.6940000000000001,0.73,0.03599999999999992,0.3853333333333333,0.3913333333333333,0.006000000000000005,0.3086666666666667,0.3386666666666666,0.029999999999999916,improved
tox_cardiotoxicity,morphology+ecfp,linear_svm,0.4776190476190476,0.4695238095238095,-0.0080952380952381,0.4489285714285714,0.4128571428571428,-0.03607142857142859,0.0286904761904762,0.0566666666666667,0.027976190476190498,improved
tox_pulmonary_toxicity,morphology+ecfp,linear_svm,0.5671666666666666,0.5533888888888889,-0.013777777777777667,0.4482777777777778,0.4073333333333333,-0.04094444444444445,0.1188888888888888,0.1460555555555556,0.02716666666666681,improved
tox_liver_toxicity,ecfp,elastic_net,0.6714545454545454,0.6835151515151514,0.012060606060605994,0.477060606060606,0.4632424242424243,-0.01381818181818173,0.1943939393939394,0.2202727272727271,0.025878787878787696,improved
tox_pulmonary_toxicity,morphology,linear_svm,0.4877222222222221,0.4858888888888888,-0.001833333333333298,0.4790555555555555,0.4525555555555555,-0.026500000000000024,0.0086666666666666,0.0333333333333333,0.024666666666666698,improved
moa-fine,morphology+expression,xgboost,0.5,0.5206666666666666,0.02066666666666661,0.5,0.496,-0.0040000000000000036,0.0,0.0246666666666666,0.0246666666666666,improved
tox_renal_toxicity,expression,xgboost,0.5297222222222223,0.5453888888888888,0.015666666666666496,0.5066666666666666,0.5003333333333333,-0.006333333333333302,0.0230555555555557,0.0450555555555555,0.0219999999999998,improved
tox_pulmonary_toxicity,expression,linear_svm,0.4823888888888888,0.4891666666666666,0.0067777777777777715,0.4909999999999999,0.4768333333333332,-0.01416666666666666,-0.008611111111111,0.0123333333333333,0.0209444444444443,improved
tox_infertility,morphology+expression,xgboost,0.467,0.4591666666666667,-0.007833333333333303,0.4964444444444444,0.4682222222222222,-0.028222222222222204,-0.0294444444444443,-0.0090555555555554,0.0203888888888889,improved
moa-fine,morphology+expression,sparse_plsda,0.5559999999999999,0.5633333333333334,0.007333333333333414,0.4773333333333333,0.4645833333333333,-0.012749999999999984,0.0786666666666666,0.09875,0.02008333333333341,improved
tox_cardiotoxicity,morphology+expression,sparse_plsda,0.5052380952380953,0.5545238095238095,0.049285714285714266,0.4588095238095239,0.4882142857142857,0.029404761904761822,0.0464285714285713,0.0663095238095238,0.019880952380952506,unchanged
tox_infertility,morphology+ecfp,linear_svm,0.5614444444444444,0.5505,-0.010944444444444423,0.4512222222222222,0.4212222222222222,-0.02999999999999997,0.1102222222222222,0.1292777777777777,0.01905555555555552,unchanged
tox_renal_toxicity,morphology+expression,xgboost,0.5218888888888888,0.5339444444444443,0.012055555555555486,0.5058888888888889,0.4992222222222222,-0.006666666666666765,0.0159999999999999,0.0347222222222221,0.0187222222222222,unchanged
tox_cardiotoxicity,expression,sparse_plsda,0.4995238095238095,0.5426190476190477,0.043095238095238186,0.4616666666666667,0.4871428571428571,0.025476190476190375,0.0378571428571427,0.0554761904761905,0.017619047619047798,unchanged
tox_infertility,ecfp,linear_svm,0.5948333333333333,0.6021666666666667,0.007333333333333414,0.4187777777777777,0.4093333333333333,-0.009444444444444366,0.1760555555555556,0.1928333333333334,0.016777777777777808,unchanged
tox_liver_toxicity,expression,xgboost,0.5,0.5165151515151515,0.016515151515151483,0.5,0.5,0.0,0.0,0.0165151515151514,0.0165151515151514,unchanged
moa-fine,morphology+ecfp,linear_svm,0.77,0.774,0.0040000000000000036,0.476,0.4646666666666666,-0.011333333333333362,0.294,0.3093333333333334,0.015333333333333421,unchanged
tox_pulmonary_toxicity,morphology+ecfp,sparse_plsda,0.5742222222222222,0.5665555555555555,-0.0076666666666667105,0.4931666666666667,0.4705,-0.022666666666666724,0.0810555555555554,0.0960555555555555,0.01500000000000011,unchanged
tox_renal_toxicity,morphology+ecfp,elastic_net,0.6324444444444445,0.6241666666666666,-0.008277777777777828,0.5702222222222222,0.5471111111111111,-0.023111111111111082,0.0622222222222222,0.0770555555555555,0.014833333333333303,unchanged
tox_liver_toxicity,ecfp,linear_svm,0.7081818181818181,0.7045454545454546,-0.0036363636363635488,0.4790303030303031,0.4608181818181818,-0.01821212121212129,0.229151515151515,0.2437272727272728,0.014575757575757797,unchanged
tox_liver_toxicity,morphology,linear_svm,0.4076666666666665,0.4155151515151515,0.007848484848484993,0.4758787878787879,0.4692424242424242,-0.006636363636363718,-0.0682121212121213,-0.0537272727272726,0.01448484848484869,unchanged
tox_cardiotoxicity,morphology,sparse_plsda,0.4257142857142857,0.4236904761904762,-0.002023809523809539,0.5191666666666667,0.503452380952381,-0.01571428571428568,-0.0934523809523809,-0.0797619047619048,0.0136904761904761,unchanged
tox_liver_toxicity,morphology+expression,xgboost,0.5,0.5116666666666666,0.011666666666666603,0.5,0.4981818181818182,-0.0018181818181817744,0.0,0.0134848484848483,0.0134848484848483,unchanged
tox_pulmonary_toxicity,morphology,elastic_net,0.4785,0.4761111111111111,-0.002388888888888885,0.4848888888888888,0.4692222222222222,-0.015666666666666607,-0.0063888888888888,0.0068888888888888,0.0132777777777776,unchanged
tox_cardiotoxicity,morphology,elastic_net,0.4622619047619048,0.4827380952380952,0.02047619047619037,0.5020238095238094,0.5095238095238094,0.007499999999999951,-0.0397619047619046,-0.0267857142857141,0.012976190476190502,unchanged
tox_liver_toxicity,morphology,elastic_net,0.4764242424242424,0.4792121212121212,0.0027878787878787836,0.482969696969697,0.4732727272727273,-0.009696969696969704,-0.0065454545454545,0.0059393939393939,0.0124848484848484,unchanged
tox_infertility,morphology,xgboost,0.4643333333333333,0.4531111111111111,-0.011222222222222245,0.5197222222222222,0.4961666666666666,-0.023555555555555607,-0.0553888888888888,-0.0430555555555555,0.0123333333333333,unchanged
moa-fine,morphology+ecfp,elastic_net,0.7593333333333334,0.7653333333333333,0.005999999999999894,0.4533333333333333,0.4473333333333333,-0.006000000000000005,0.3060000000000001,0.318,0.0119999999999999,unchanged
tox_liver_toxicity,morphology+expression,linear_svm,0.6818484848484849,0.6836666666666668,0.0018181818181818299,0.4916060606060606,0.4826969696969697,-0.008909090909090922,0.1902424242424243,0.200969696969697,0.010727272727272696,unchanged
tox_renal_toxicity,expression,linear_svm,0.6202222222222222,0.6317222222222223,0.011500000000000066,0.5013888888888889,0.5022222222222222,0.0008333333333333526,0.1188333333333333,0.1295,0.0106666666666667,unchanged
moa-fine,morphology,sparse_plsda,0.6926666666666665,0.6919999999999998,-0.0006666666666667043,0.4933333333333333,0.482,-0.011333333333333306,0.1993333333333332,0.2099999999999998,0.010666666666666602,unchanged
tox_pulmonary_toxicity,morphology,xgboost,0.5162222222222222,0.4953333333333333,-0.020888888888888957,0.5016666666666666,0.4701666666666667,-0.03149999999999992,0.0145555555555556,0.0251666666666666,0.010611111111111002,unchanged
tox_pulmonary_toxicity,morphology+expression,linear_svm,0.4836666666666667,0.4765555555555555,-0.007111111111111179,0.4876666666666666,0.4699444444444444,-0.017722222222222195,-0.0039999999999998,0.0066111111111111,0.0106111111111109,unchanged
tox_renal_toxicity,morphology+ecfp,sparse_plsda,0.6367222222222223,0.6238333333333334,-0.01288888888888895,0.5294444444444444,0.5062777777777778,-0.023166666666666558,0.1072777777777779,0.1175555555555555,0.010277777777777594,unchanged
tox_cardiotoxicity,expression,linear_svm,0.5526190476190476,0.569047619047619,0.01642857142857146,0.5208333333333334,0.5286904761904762,0.007857142857142785,0.0317857142857141,0.0403571428571428,0.008571428571428702,unchanged
tox_renal_toxicity,ecfp,linear_svm,0.6100555555555556,0.6200555555555556,0.010000000000000009,0.5943333333333334,0.5983333333333333,0.0039999999999998925,0.0157222222222221,0.0217222222222223,0.0060000000000002,unchanged
tox_renal_toxicity,morphology,sparse_plsda,0.3937777777777778,0.4005555555555555,0.006777777777777716,0.4600555555555555,0.4608333333333332,0.0007777777777777106,-0.0662777777777777,-0.0602777777777777,0.005999999999999998,unchanged
tox_renal_toxicity,morphology,elastic_net,0.4644444444444444,0.459111111111111,-0.005333333333333357,0.4623888888888889,0.4513888888888888,-0.01100000000000012,0.0020555555555554,0.0077222222222222,0.0056666666666668,unchanged
tox_infertility,morphology+expression,linear_svm,0.3739444444444444,0.3867222222222222,0.012777777777777777,0.3747222222222222,0.3818888888888889,0.00716666666666671,-0.0007777777777777,0.0048333333333333,0.005611111111111,unchanged
moa-fine,morphology+expression,elastic_net,0.7060000000000001,0.7266666666666667,0.02066666666666661,0.4393333333333333,0.4546666666666666,0.01533333333333331,0.2666666666666668,0.2720000000000001,0.005333333333333301,unchanged
tox_pulmonary_toxicity,ecfp,sparse_plsda,0.5801666666666666,0.5603888888888889,-0.019777777777777672,0.5260555555555555,0.5026666666666666,-0.023388888888888903,0.0541111111111111,0.0577222222222223,0.003611111111111197,unchanged
tox_liver_toxicity,morphology+expression,sparse_plsda,0.5895757575757574,0.6053939393939394,0.015818181818181953,0.5238787878787879,0.5361818181818182,0.01230303030303026,0.0656969696969694,0.0692121212121211,0.0035151515151516932,unchanged
tox_cardiotoxicity,expression,elastic_net,0.5232142857142857,0.5203571428571427,-0.0028571428571430024,0.55,0.5446428571428572,-0.005357142857142838,-0.0267857142857143,-0.0242857142857144,0.0024999999999999016,unchanged
tox_infertility,expression,sparse_plsda,0.4887777777777777,0.4853888888888888,-0.0033888888888888857,0.4748888888888888,0.4694444444444444,-0.0054444444444444184,0.0138888888888888,0.0159444444444444,0.0020555555555556004,unchanged
tox_infertility,morphology,sparse_plsda,0.4509999999999999,0.4468333333333333,-0.004166666666666596,0.4392777777777777,0.4353888888888888,-0.003888888888888886,0.0117222222222221,0.0114444444444444,-0.00027777777777769977,unchanged
tox_infertility,morphology,elastic_net,0.4686111111111111,0.4647222222222222,-0.003888888888888886,0.4902777777777778,0.4874444444444444,-0.00283333333333341,-0.0216666666666667,-0.0227222222222222,-0.0010555555555555006,unchanged
tox_cardiotoxicity,ecfp,elastic_net,0.518095238095238,0.5233333333333333,0.005238095238095264,0.4322619047619047,0.439642857142857,0.007380952380952321,0.0858333333333333,0.0836904761904763,-0.002142857142857002,unchanged
tox_infertility,morphology+expression,sparse_plsda,0.4871111111111111,0.4781111111111111,-0.009000000000000008,0.4667222222222221,0.4601111111111111,-0.006611111111111012,0.020388888888889,0.018,-0.002388888888889003,unchanged
tox_liver_toxicity,expression,linear_svm,0.689878787878788,0.689878787878788,0.0,0.4706060606060605,0.473,0.0023939393939395037,0.2192727272727275,0.216878787878788,-0.0023939393939395037,unchanged
tox_pulmonary_toxicity,ecfp,linear_svm,0.5466666666666666,0.5497222222222222,0.003055555555555589,0.4641111111111111,0.4696666666666667,0.005555555555555591,0.0825555555555555,0.0800555555555555,-0.0024999999999999883,unchanged
tox_infertility,ecfp,sparse_plsda,0.5356666666666666,0.5529999999999999,0.01733333333333331,0.4244444444444444,0.444611111111111,0.02016666666666661,0.1112222222222222,0.1083888888888889,-0.002833333333333299,unchanged
tox_liver_toxicity,expression,sparse_plsda,0.5895757575757574,0.5987272727272728,0.009151515151515355,0.5238787878787879,0.5361818181818182,0.01230303030303026,0.0656969696969694,0.0625454545454545,-0.0031515151515149054,unchanged
tox_infertility,morphology+expression,elastic_net,0.4445,0.4379999999999999,-0.006500000000000117,0.4704444444444444,0.4671111111111111,-0.0033333333333332993,-0.0259444444444443,-0.0291111111111112,-0.0031666666666668973,unchanged
tox_pulmonary_toxicity,morphology+ecfp,xgboost,0.5567777777777777,0.5722222222222222,0.015444444444444483,0.4702222222222222,0.4897222222222221,0.019499999999999906,0.0865555555555555,0.0825,-0.004055555555555493,unchanged
tox_cardiotoxicity,ecfp,linear_svm,0.5389285714285714,0.5419047619047619,0.0029761904761904656,0.4336904761904761,0.4408333333333333,0.007142857142857173,0.1052380952380953,0.1010714285714285,-0.004166666666666791,unchanged
tox_cardiotoxicity,morphology+expression,elastic_net,0.5183333333333333,0.5071428571428571,-0.011190476190476195,0.5528571428571428,0.5473809523809524,-0.005476190476190412,-0.0345238095238095,-0.0402380952380952,-0.0057142857142856995,unchanged
moa-fine,ecfp,sparse_plsda,0.6368055555555556,0.6613333333333332,0.024527777777777593,0.476,0.5066666666666666,0.03066666666666662,0.1608055555555556,0.1546666666666666,-0.006138888888888999,unchanged
tox_liver_toxicity,morphology+ecfp,elastic_net,0.6530606060606061,0.6408181818181817,-0.012242424242424388,0.4755757575757576,0.4709393939393939,-0.004636363636363716,0.1774848484848485,0.1698787878787878,-0.0076060606060606994,unchanged
tox_cardiotoxicity,ecfp,sparse_plsda,0.5310714285714286,0.5179811507936508,-0.013090277777777826,0.3820238095238095,0.3772619047619047,-0.0047619047619048005,0.1490476190476191,0.1407192460317461,-0.008328373015872997,unchanged
tox_liver_toxicity,morphology+ecfp,linear_svm,0.6195454545454545,0.5940909090909091,-0.025454545454545396,0.465121212121212,0.4484848484848484,-0.016636363636363616,0.1544242424242425,0.1456060606060607,-0.00881818181818178,unchanged
tox_cardiotoxicity,morphology+ecfp,elastic_net,0.4579761904761905,0.4652380952380952,0.007261904761904692,0.4417857142857143,0.4585714285714286,0.016785714285714293,0.0161904761904762,0.0066666666666665,-0.0095238095238097,unchanged
moa-fine,expression,elastic_net,0.6866666666666668,0.6726666666666665,-0.014000000000000234,0.4386666666666666,0.4346666666666667,-0.0039999999999998925,0.2480000000000001,0.2379999999999998,-0.010000000000000314,unchanged
tox_renal_toxicity,morphology+ecfp,linear_svm,0.5443888888888889,0.5142222222222221,-0.030166666666666786,0.5530555555555555,0.5330555555555555,-0.020000000000000018,-0.0086666666666666,-0.0188333333333333,-0.010166666666666699,unchanged
tox_renal_toxicity,morphology+expression,linear_svm,0.623,0.6141111111111112,-0.008888888888888835,0.5002777777777777,0.5017777777777777,0.0014999999999999458,0.1227222222222222,0.1123333333333335,-0.010388888888888712,unchanged
moa-fine,expression,xgboost,0.5,0.4893333333333334,-0.010666666666666602,0.5,0.5,0.0,0.0,-0.0106666666666666,-0.0106666666666666,unchanged
tox_infertility,expression,linear_svm,0.3972222222222222,0.4092777777777778,0.012055555555555597,0.3792222222222222,0.4033333333333332,0.024111111111111028,0.018,0.0059444444444445,-0.012055555555555498,unchanged
tox_cardiotoxicity,expression,xgboost,0.5769047619047619,0.5778571428571428,0.0009523809523809268,0.5025,0.5159523809523809,0.013452380952380993,0.0744047619047619,0.0619047619047619,-0.012500000000000004,unchanged
tox_liver_toxicity,morphology,xgboost,0.5,0.4981818181818182,-0.0018181818181817744,0.5,0.5127272727272727,0.012727272727272698,0.0,-0.0145454545454544,-0.0145454545454544,unchanged
tox_liver_toxicity,morphology+ecfp,xgboost,0.5,0.4961818181818181,-0.003818181818181887,0.5,0.5128787878787878,0.012878787878787823,0.0,-0.0166969696969697,-0.0166969696969697,unchanged
tox_cardiotoxicity,morphology+expression,linear_svm,0.5434523809523809,0.5477380952380951,0.004285714285714226,0.5129761904761905,0.5344047619047619,0.021428571428571463,0.0304761904761904,0.0133333333333331,-0.0171428571428573,unchanged
tox_infertility,expression,elastic_net,0.4618888888888889,0.4621111111111111,0.00022222222222217924,0.4429999999999999,0.4625,0.01950000000000013,0.018888888888889,-0.0003888888888889,-0.0192777777777779,unchanged
moa-fine,ecfp,linear_svm,0.6826666666666666,0.6659999999999999,-0.01666666666666672,0.5293333333333333,0.532,0.002666666666666706,0.1533333333333333,0.1339999999999999,-0.019333333333333397,unchanged
tox_infertility,morphology+ecfp,elastic_net,0.5252222222222223,0.5262777777777778,0.0010555555555555873,0.4606666666666666,0.4852222222222221,0.024555555555555497,0.0645555555555556,0.0410555555555557,-0.023499999999999903,degraded
tox_liver_toxicity,ecfp,sparse_plsda,0.6403333333333333,0.6105151515151515,-0.029818181818181855,0.440030303030303,0.433969696969697,-0.006060606060605989,0.2003030303030303,0.1765454545454544,-0.023757575757575894,degraded
tox_renal_toxicity,expression,elastic_net,0.6271111111111112,0.6148888888888888,-0.012222222222222356,0.4750555555555555,0.4886666666666666,0.013611111111111074,0.1520555555555556,0.1262222222222222,-0.025833333333333403,degraded
tox_pulmonary_toxicity,morphology+ecfp,elastic_net,0.5658333333333333,0.5757777777777777,0.009944444444444422,0.456,0.4921111111111111,0.036111111111111094,0.1098333333333332,0.0836666666666666,-0.026166666666666602,degraded
tox_liver_toxicity,expression,elastic_net,0.709,0.6822121212121212,-0.026787878787878805,0.4955454545454544,0.4949696969696969,-0.0005757575757575073,0.2134545454545455,0.1872424242424242,-0.026212121212121298,degraded
tox_pulmonary_toxicity,morphology+expression,xgboost,0.4253333333333333,0.4117777777777778,-0.013555555555555487,0.4617777777777777,0.4744444444444445,0.012666666666666826,-0.0364444444444443,-0.0626666666666667,-0.026222222222222404,degraded
moa-fine,ecfp,elastic_net,0.6626666666666666,0.6606666666666666,-0.0020000000000000018,0.4613333333333334,0.486,0.024666666666666615,0.2013333333333332,0.1746666666666666,-0.02666666666666659,degraded
tox_renal_toxicity,ecfp,elastic_net,0.6449444444444445,0.6352777777777777,-0.009666666666666823,0.5557222222222222,0.5762777777777778,0.02055555555555555,0.0892222222222223,0.0589999999999999,-0.0302222222222224,degraded
tox_cardiotoxicity,morphology,xgboost,0.4971428571428571,0.4698809523809524,-0.02726190476190471,0.4716666666666666,0.4751190476190476,0.0034523809523809845,0.0254761904761904,-0.0052380952380952,-0.030714285714285597,degraded
tox_renal_toxicity,ecfp,sparse_plsda,0.6393888888888888,0.6276111111111111,-0.011777777777777665,0.5528333333333333,0.5718888888888889,0.019055555555555603,0.0865555555555555,0.0557222222222222,-0.030833333333333296,degraded
tox_cardiotoxicity,morphology+expression,xgboost,0.5842857142857142,0.545952380952381,-0.03833333333333322,0.505,0.4991666666666666,-0.0058333333333334125,0.0792857142857141,0.0467857142857143,-0.0324999999999998,degraded
tox_infertility,morphology+ecfp,xgboost,0.4814444444444444,0.4523888888888889,-0.0290555555555555,0.4993333333333333,0.5053333333333333,0.006000000000000005,-0.0178888888888889,-0.0529444444444444,-0.0350555555555555,degraded
tox_infertility,morphology+ecfp,sparse_plsda,0.5266111111111111,0.5075,-0.01911111111111119,0.4175,0.4342777777777777,0.016777777777777725,0.1091111111111111,0.0732222222222222,-0.0358888888888889,degraded
tox_renal_toxicity,morphology,xgboost,0.4384444444444444,0.4481666666666666,0.009722222222222188,0.4376666666666666,0.4847222222222222,0.04705555555555563,0.0007777777777778,-0.0365555555555556,-0.0373333333333334,degraded
tox_pulmonary_toxicity,morphology,sparse_plsda,0.5292777777777777,0.5276111111111111,-0.0016666666666665941,0.4273888888888889,0.4633888888888889,0.03600000000000003,0.1018888888888888,0.0642222222222222,-0.03766666666666661,degraded
tox_liver_toxicity,morphology+expression,elastic_net,0.7029393939393939,0.6753939393939393,-0.02754545454545454,0.4679090909090909,0.4822424242424242,0.014333333333333309,0.2350303030303029,0.1931515151515151,-0.04187878787878779,degraded
tox_pulmonary_toxicity,ecfp,xgboost,0.6583888888888889,0.6163333333333333,-0.042055555555555624,0.5626111111111111,0.5627777777777778,0.00016666666666675933,0.0957777777777778,0.0535555555555554,-0.0422222222222224,degraded
moa-fine,morphology+ecfp,sparse_plsda,0.7133333333333333,0.6926666666666667,-0.02066666666666661,0.4793333333333334,0.5033333333333333,0.02399999999999991,0.2339999999999998,0.1893333333333333,-0.044666666666666494,degraded
tox_renal_toxicity,morphology+expression,elastic_net,0.65,0.6106666666666667,-0.03933333333333333,0.4873888888888888,0.4995,0.012111111111111184,0.1626111111111112,0.1111666666666666,-0.05144444444444461,degraded
tox_pulmonary_toxicity,expression,xgboost,0.4788888888888889,0.4325,-0.046388888888888924,0.4868888888888889,0.4953333333333333,0.008444444444444366,-0.008,-0.0628333333333333,-0.054833333333333296,degraded
tox_cardiotoxicity,morphology+ecfp,xgboost,0.474047619047619,0.4272619047619047,-0.04678571428571432,0.4802380952380952,0.4884523809523809,0.00821428571428573,-0.0061904761904761,-0.0611904761904762,-0.0550000000000001,degraded
tox_cardiotoxicity,morphology+ecfp,sparse_plsda,0.3988095238095238,0.4004761904761904,0.0016666666666665941,0.3777380952380952,0.4385714285714286,0.060833333333333406,0.0210714285714285,-0.0380952380952382,-0.0591666666666667,degraded
tox_cardiotoxicity,ecfp,xgboost,0.5163095238095238,0.4820238095238094,-0.034285714285714364,0.4914285714285713,0.5175,0.026071428571428634,0.0248809523809524,-0.0354761904761905,-0.0603571428571429,degraded
tox_liver_toxicity,morphology,sparse_plsda,0.5082424242424242,0.4629090909090909,-0.04533333333333328,0.433,0.4506969696969696,0.0176969696969696,0.0752424242424241,0.0122121212121212,-0.0630303030303029,degraded
tox_renal_toxicity,morphology,linear_svm,0.4659999999999999,0.4012222222222222,-0.06477777777777771,0.4473888888888889,0.4473333333333332,-5.555555555569747e-05,0.018611111111111,-0.0461111111111109,-0.0647222222222219,degraded
tox_liver_toxicity,morphology+ecfp,sparse_plsda,0.6083939393939394,0.5701515151515152,-0.03824242424242419,0.4235757575757575,0.4601515151515151,0.036575757575757595,0.1848181818181818,0.1100000000000001,-0.0748181818181817,degraded
tox_renal_toxicity,morphology+ecfp,xgboost,0.4941666666666667,0.4481111111111111,-0.04605555555555557,0.4375555555555556,0.4796111111111111,0.04205555555555551,0.0566111111111111,-0.0314999999999999,-0.088111111111111,degraded
