compound,moa_fine,source,comp1,comp2,comp3,comp4,comp5,comp6
5-Fluorouracil,DNA synthesis/repair inhibitor,training,-4.825540304324169,1.2313543646349996,1.154685695295501,1.587205758310957,-1.1399558774006164,0.9671229217129794
AT7519,CDK inhibitor,training,4.537556783386542,1.0735465125552084,0.5377288512100618,-0.5886063004452876,-1.5334144562801078,-0.05426316154309663
AZD-8055,MTOR inhibitor,training,4.629013814154199,0.4155446425745576,0.04693538055535746,0.13524364878286982,4.064061361962763,-0.05745281863122151
Alpelisib,PI3K/AKT inhibitor,training,5.754302185368578,-0.6818133078547745,-0.3723306354171971,-0.4236782555526629,-0.8711381143570343,-0.26665346343933477
Altretamine,DNA synthesis/repair inhibitor,training,-5.5956719347444,1.6455947883756,0.6292770405860958,1.4492204901262473,-1.4933536823607685,1.0916657813750774
Amsacrine,DNA synthesis/repair inhibitor,training,-4.5127887673302345,0.5005753747791649,0.8843071769307527,0.09135316683788687,0.7172379047438163,0.3468015008049312
Bendamustine,DNA synthesis/repair inhibitor,training,-6.6367104239172345,0.10636277955656072,1.47376701850945,1.5675302960733515,-0.8155777361819432,1.1007926635227312
Binimetinib,MEK inhibitor,training,0.5358983322863651,-0.18176098556924525,-9.054358662403251,0.6231307468198496,0.28677050439507684,0.008955101844239971
Capivasertib,PI3K/AKT inhibitor,training,5.485647794279486,1.0695650219856834,0.6269420834535786,0.6039404191364679,-1.627798709596321,-0.16978411358223292
Celecoxib,Cyclooxygenase inhibitor,training,1.4001483893000752,0.039994659406491107,1.3070247109717137,-19.404296860642898,-1.5840668069967208,-0.2747273485681917
Clofarabine,DNA synthesis/repair inhibitor,training,-5.856106242171651,0.8506272014851406,1.6234952467018529,1.3103270102916496,-1.6981284269057872,1.1898699792356107
Dabrafenib,RAF inhibitor,training,5.920053718650861,0.9316455135798505,1.7508125336934284,0.12956581445365054,-1.6095840503324517,-0.4534977788765538
Encorafenib,RAF inhibitor,training,6.778421871789348,0.21441669138389688,-1.714520449310649,0.7664318123346476,-0.8836005616992794,-0.7171577155186064
Erdafitinib,Other TK inhibitor,training,3.5980921513740936,1.1647812404225124,1.117399183408113,1.3611341453744514,-0.9101624355047493,0.0018185975901427827
Gallic acid,Cyclooxygenase inhibitor,training,-5.626574844828691,1.4689318890078074,1.0477035959782453,-3.618274410853532,0.07113576188571792,0.09788071781500939
Glasdegib,Sonic inhibitor,training,-1.1944375876252735,-8.216939025934117,1.9718409524697869,0.3321031348843977,-0.6585547473093754,0.9717005627307794
Idoxuridine,DNA synthesis/repair inhibitor,training,-6.442699125609342,1.1353612326665234,1.2870476739423644,1.9484477231305504,-0.8540662493563719,0.7924516987496358
Infigratinib,Other TK inhibitor,training,5.171254170194037,0.5066327982377835,0.060757512043109176,0.11700020357567065,-0.5022717512068448,-0.4426488588971314
Ipatasertib,PI3K/AKT inhibitor,training,1.9247397133041124,1.5924314369899173,-0.20494739833268205,0.23459359214822229,-1.0463858178220926,0.8783181538293688
Irinotecan,DNA synthesis/repair inhibitor,training,6.233395361977378,0.7362635616965225,1.2182321838108146,2.19251532791649,-1.1281243681251742,0.2287664661279654
LY-2584702 (tosylate salt),MTOR inhibitor,training,1.1539994610337627,0.4388983605028278,0.9515308935295762,-1.3166656118519489,21.363796296531234,-0.17554573249955452
Larotrectinib sulfate,Other TK inhibitor,training,-0.48670641317615726,-0.6224009739945299,1.510263703925069,1.592294039366735,0.5653639704591511,0.27536576392911144
Mebendazole,Microtubule inhibitor,training,-6.245166466661281,-0.6669557682801357,1.3745443816176104,1.779192379583038,-1.1048146649575616,-11.759341636990385
Methotrexate,DNA synthesis/repair inhibitor,training,-3.895786946335143,1.2061905131887958,1.1271801986599839,2.0169529729552624,-1.1454689128389477,0.8290568104127255
OTS514,Other MAPK inhibitor,training,2.6117855064147197,0.6095398211348886,0.017803561319482956,-0.01377417943810816,-0.8008732754858167,-0.15914701510828733
PF-06260933,Other MAPK inhibitor,training,2.3315017664627495,1.1164469939050665,0.781474604691442,1.4534085999389907,-1.4188510295410353,0.7072845566785816
PH-797804,Other MAPK inhibitor,training,2.7017623207000865,1.5598375976180376,0.6729818898018384,-0.34706271127800914,-1.5254618040072998,-0.12552775883791362
Paclitaxel,Microtubule inhibitor,training,6.547594985664875,0.6712689463492317,0.14390877421678383,1.616100667050725,-1.216921801577267,0.011386221001025537
Pemetrexed,DNA synthesis/repair inhibitor,training,-6.093919010249478,-0.4579579229708877,0.6648960182634392,1.2430152868021889,-1.0125498625436624,1.4565294392244796
Ralimetinib dimesylate,Other MAPK inhibitor,training,1.7418784567995675,-1.1194423132749136,-1.7367560224924992,0.7418739511647423,-0.804248038396804,0.6413268307992633
Raltitrexed,DNA synthesis/repair inhibitor,training,-3.772363488335265,1.6933913541223171,0.9228860972672609,0.028587571765983484,0.3719119753354817,0.08474408660359214
Rapamycin,MTOR inhibitor,training,-2.7432741747643954,0.9567298826385305,0.9977591142323505,1.2778503244926902,3.0908747756804464,0.4031882683109055
Ribociclib,CDK inhibitor,training,-1.0426400493017738,-0.02393687280431739,0.07957941863896241,1.889484149867409,-1.3772953202695595,0.7201859051711179
Rucaparib (phosphate),DNA synthesis/repair inhibitor,training,-6.055454346102886,1.5333810853287848,0.4959632788572202,1.9281326257971025,-1.0270881929364881,0.16899976010037882
Sapanisertib,MTOR inhibitor,training,4.929799048536903,0.899021454675514,0.6040247766953554,1.627948274176098,2.7730912016826736,-0.12401131385770667
Sonidegib,Sonic inhibitor,training,0.325942113632309,-10.5581939703835,1.5969002896688769,0.5112994701059117,-0.8998867036268972,0.21957678092754387
TAK-733,MEK inhibitor,training,5.437589185711047,-0.06694775789566212,-2.5631687969880352,-0.09217914580548883,-0.6804197707445799,-0.8122753846842378
Torkinib,MTOR inhibitor,training,4.550749809412854,1.083706476596506,0.8867925057415347,1.313284633974424,0.9223598142375623,-9.910707419791096e-4
Trametinib (DMSO_TF solvate),MEK inhibitor,training,-3.8645351030253363,-0.26438487621995654,-16.917647842376052,-0.9744549329430781,0.062402509314329,-0.13610838064604733
Trimetrexate,DNA synthesis/repair inhibitor,training,-7.142152940138417,1.8214497418133389,0.8696390424559929,0.6014010086617301,0.19816363215502072,0.23059904215230914
Valdecoxib,Cyclooxygenase inhibitor,training,-4.108110620769327,1.2069727509863475,0.7757963608062699,-12.26692208146868,-1.4071682478903733,0.2409983921527615
Vemurafenib,RAF inhibitor,training,6.794009359667178,0.5728630673534453,0.6341245799113936,0.7414641791437449,-0.8598738180535335,-0.06804164658561278
Vinblastine (sulfate),Microtubule inhibitor,training,-5.629869438185583,1.3119396487777282,-0.2922735277998032,0.6415324796472165,1.4078278801999677,-0.13237346818670956
Vismodegib,Sonic inhibitor,training,-2.8536467225116087,-12.838136967253911,-0.21413424776874226,-0.015903777308836884,0.8367603524280136,0.6730475154876215
olaparib,DNA synthesis/repair inhibitor,training,5.004857223637738,0.7667720576826447,0.9535523569317946,0.9019844689248365,-1.5643440148410188,0.35768929860786947
palbociclib,CDK inhibitor,training,6.788581473654559,0.4629250777475231,0.22540624576251117,0.9252354856753545,-1.643141343772904,0.04859108193519416
Idarubicin (hydrochloride),DNA synthesis/repair inhibitor,training,-8.264420047285741,3.1039062026762054,0.045172650333931995,1.7810324082969111,0.1128326519081445,1.1848347683618474
18β-Glycyrrhetinic acid,unclear,projected,-5.770650948140006,0.8582695552532296,0.7376528029136286,-0.7143691746962455,-0.01438705891000939,0.8364939791253244
8-Hydroxyquinoline,unclear,projected,-6.551009680653789,2.4058922144294246,0.7423870952575125,0.11192647974464529,0.09841483729689161,0.19801904616476831
Abiraterone acetate,unclear,projected,-4.377767149320255,-0.23684660553112877,0.22541318606068983,-0.3681522201726279,1.0028093172880153,0.04484689878688861
Acetohexamide,unclear,projected,-4.282717929309206,1.3154326673711676,0.9790512519704647,1.0927841766029889,0.6103374023006647,0.3953931545525004
Aliskiren,unclear,projected,-4.008406419149624,1.3085077307366104,0.5854656558338175,0.11212499699717424,-0.7318310641247153,-0.1874515773884109
Aprepitant,unclear,projected,-5.966624161160956,-1.4344704661441439,-0.0832314688534657,0.44667823212350816,-1.1350384196584562,0.4801296597162842
Belumosudil,unclear,projected,-3.9347259248893627,0.43012315863151873,0.5239369297732457,0.9501760705918835,-0.611614587818124,0.8036643454692373
Bergenin,unclear,projected,-5.809496486876602,1.268569102296881,0.8945976715843886,0.5529548224638119,-0.4475577224911043,0.20351294815035798
Bosentan (hydrate),unclear,projected,-8.836284583355905,0.10273089825329108,-1.098612314402833,-4.5205180655324995,1.543239510155146,0.4382717902974021
Brivudine,unclear,projected,3.5301480885088026,0.25517879756789674,-1.1631127575142726,0.32634367491658667,0.6084656677473675,-3.4133469655710416
Captopril,unclear,projected,-4.279445671374426,-0.07640778668240204,0.6381361409607641,1.7264545831480629,1.3115895682643082,-3.17381951106955
Ciclopirox,unclear,projected,-8.162101599788219,2.259975818888273,0.7740227606364031,0.17736730972136547,1.1563433043563969,0.6916865333694162
Cilostazol,unclear,projected,-5.1648116306039045,-0.9495741889502942,-0.17008615690479642,0.11253383841376335,1.2710598793377808,-3.374716147445044
Clobetasol propionate,unclear,projected,-3.85400369332302,-0.14368735072534694,-0.10350412976838319,-1.1012007016188459,-0.34044793567925996,-6.007124288567479
Clotrimazole,unclear,projected,-2.934868496268268,1.8140585182157403,0.6015336948364387,-1.3811189540574984,0.07547855252189763,0.35722531310426003
Daidzin,unclear,projected,-4.243705014763093,1.0381275213966243,0.9477632403063334,0.8311138673030193,-0.07093511818929867,1.0405950582530445
Digitoxin,unclear,projected,-7.337216190113192,-0.6584231707770493,-0.8903493232015944,-0.9863595307337508,1.534776177887283,0.7315594495354778
Drospirenone,unclear,projected,-1.7339603298890742,0.3455243454723322,0.7924363243599305,1.233713873085361,-0.5330415757828475,0.4953788933652954
EX229,unclear,projected,2.473558668987151,0.6223142018126764,0.20580255713998397,-3.225154209224789,1.0752105713404272,0.40203805095660494
Erythromycin,unclear,projected,-4.095501023008994,-0.2790078255673817,0.5146745055047297,-3.307768827883509,1.1748440868784666,0.6592237205576725
Fenofibrate,unclear,projected,-6.600718687953192,-1.9405935492692363,0.1711678228076106,-0.7094425057253465,0.21348599499006568,0.43562763008571403
Finasteride,unclear,projected,-5.056685139877289,-1.3909247964071234,0.7300410223533599,0.6463265075816619,0.31251616502229795,0.9474338434095984
Fluvoxamine (maleate),unclear,projected,-5.01174810908798,0.5453083322711932,0.6571837217322332,0.7591969937617328,0.4270606986848413,0.10890377538602544
Gemfibrozil,unclear,projected,-6.051822067316765,1.71404515372107,0.7677885988133512,-0.7747449025180948,0.13191780908059178,0.15181746749986205
Hexylresorcinol,unclear,projected,-4.7915902170989435,0.9879314586901917,0.892772148766533,0.032889715249685765,0.7601600027447706,0.5510792630168251
Lopinavir,unclear,projected,-2.8702281170272976,-1.3544293970205816,0.838947167665954,-1.1238750838876472,0.42730020263985813,0.33328925992785424
MK-3903,unclear,projected,2.905512442162048,0.7986469399889923,0.2528413768073081,-0.03025809659384386,0.003012945656978195,0.2525597745510137
Macitentan,unclear,projected,-6.46519660477244,-0.8070669599893165,0.6327444845496231,0.5242734299365516,-0.3344882379444967,0.5112804318444997
Medroxyprogesterone acetate,unclear,projected,-7.718729169715738,0.3264723388374364,0.2511053256762143,0.07379117494601677,-0.2544892753508183,0.23005956448299703
Menadione,unclear,projected,-5.73321187163925,-4.860759227133467,0.14342747054814833,-6.093581251066071,1.406268022949021,-5.389539164548493
Mifepristone,unclear,projected,-6.2826609284882045,-1.4949387866018748,0.9190666585813394,0.154257369208668,-0.17844899113428692,1.0376935172092077
Mozavaptan,unclear,projected,-6.279195898338115,-2.574017063378654,-0.3946802189891884,-1.565883289314097,0.4709980178843695,-2.95509865068951
Nevirapine,unclear,projected,-5.82475674398767,-1.8139070633255598,0.8659194603397676,0.9750312402640062,0.7111148317260108,1.171499163560601
Olanzapine,unclear,projected,-3.8001979125835166,2.0168789481453056,0.7233091455965277,0.49572813083006384,-0.012491734817549513,0.004809645451561685
Omeprazole,unclear,projected,-3.0978569856446,1.2909254806962853,1.2943250271806466,2.21254701796723,-0.23244675565013598,0.5611765650858106
Orlistat,unclear,projected,-6.441743843266985,0.9310933502989662,-0.5789751779257579,0.05740354000649775,-0.0246730275813247,0.41344484371780077
Pentagastrin,unclear,projected,-3.091238224753889,1.0272194548142384,0.9167090246873854,-1.402893808747852,0.5231234272626654,-0.16100492929475874
Pentamidine (isethionate),unclear,projected,-2.949267522847069,1.6762315234949845,0.5099186738477581,0.1546463182760315,0.2680877216911921,-0.18093101806673278
Pimozide,unclear,projected,-8.842862746462886,0.656605521562184,0.6654477216659107,-2.48585293621797,-0.5814588179431356,-6.314260226767874
Posaconazole,unclear,projected,-5.570514729297648,-0.2533073506091171,-2.0697043875267314,0.92693961067056585,-0.49214179011605025,0.1225776198551454
Pravastatin (sodium),unclear,projected,-6.078682945966891,1.3052342735411306,0.9252247210059928,1.7000347235180764,-1.1071850138543404,0.7622946190163123
Relugolix,unclear,projected,-4.359740274314924,2.124046703677218,0.9700121208374102,-0.014884218125948626,0.4417575031601002,0.09521710829885364
Ritonavir,unclear,projected,-6.08270528748882,1.206236941843693,1.0226492022066118,0.2712126810968044,0.6182391701773854,0.04467645557200008
Rosiglitazone,unclear,projected,-7.089461974415724,-0.6917515393510425,0.2304016245489293,-1.8174338065393358,0.26609140511630974,0.7916006309280889
Silodosin,unclear,projected,-6.428976946814384,-1.081847650512565,0.867004449249565,-2.3641477053629596,-0.1664248615068972,1.0186351163348055
Sulfisoxazole,unclear,projected,-5.170325831274379,1.3823088555591336,0.8841624919558512,0.16121610003280806,-0.05148762381084757,0.5066901568050874
Tadalafil,unclear,projected,-7.616525928705541,-3.0677402747371123,-0.6211479003399774,-3.479470837221222,0.14941878726259988,0.8998947910985173
Terfenadine,unclear,projected,-5.4732312107523935,1.1997156335904187,0.47804602894363335,0.14496408973331046,-0.0999634594691641,0.22602312407182532
Tolcapone,unclear,projected,-5.1083630695296725,1.081607595018804,0.4264992516262747,0.3673278599637692,1.0558337168429914,0.14325641776288606
Tranilast,unclear,projected,-6.62597418174814,-1.3278567524677043,-0.9909763124712311,-2.4106767850734894,0.2100185479074443,-2.5941084300996713
Triclosan,unclear,projected,-5.322391906357477,1.8890137226404928,0.6568437583987448,0.33044466104187087,-0.5590077944919335,0.6990397069557811
Voriconazole,unclear,projected,-4.3344517628988735,0.3000855932114146,0.5893619020167149,1.1004215849146475,0.1016374605020835,0.8321310791238655
Vortioxetine,unclear,projected,-6.736633383135753,-0.5239320143357935,0.28874528429353347,0.3344461927334045,-0.8404404179891475,0.30614549182669426
Zileuton,unclear,projected,-3.680245455090764,-0.49537136730742837,1.2422662522433796,0.8868302537083623,-0.8106904598362731,0.523953865053202
venetoclax,unclear,projected,4.58598406411792,0.7582767466134628,-0.40887926441058314,0.44991956521198234,0.09066504101659596,0.35215021718034617
