STANDARD_NAME	GOBP_INFLAMMATORY_RESPONSE
SYSTEMATIC_NAME	M10617
COLLECTION	C5:GO:BP
MSIGDB_URL	https://www.gsea-msigdb.org/gsea/msigdb/human/geneset/GOBP_INFLAMMATORY_RESPONSE
NAMESPACE	Human_NCBI_Gene_ID
DESCRIPTION_BRIEF	The immediate defensive reaction (by vertebrate tissue) to infection or injury caused by chemical or physical agents. The process is characterized by local vasodilation, extravasation of plasma into intercellular spaces and accumulation of white blood cells and macrophages. [GO_REF:0000022, ISBN:0198506732]
DESCRIPTION_FULL	
PMID	
GEOID	
AUTHORS	
CONTRIBUTOR	Gene Ontology
CONTRIBUTOR_ORG	Gene Ontology Consortium
EXACT_SOURCE	GO:0006954
FILTERED_BY_SIMILARITY	
EXTERNAL_NAMES_FOR_SIMILAR_TERMS	
EXTERNAL_DETAILS_URL	http://amigo.geneontology.org/amigo/term/GO:0006954
SOURCE_MEMBERS	100,100033819,100126320,100137049,10014,1003,100313774,100422982,100500826,100506742,10062,101,10100,10125,10135,10162,10164,10219,102465524,10312,10318,10333,10344,1036,10392,10447,1050,1051,10551,10563,10628,10658,10663,107,107181291,1075,10758,10769,10800,10848,10850,10855,10949,10959,11006,11019,11074,1116,11221,11274,112744,11277,11280,113,11315,11334,11343,1139,114,114548,114609,1147,114770,114899,114900,115362,116151,116379,118788,1191,12,120892,1215,122618,1230,1232,1233,1234,1235,1236,1238,1240,1241,124446,126204,126205,126206,1269,1270,1291,130120,131450,132014,1326,133,133396,134,135,136,1392,1393,140,1401,140609,140885,143,1432,1435,1436,143684,144811,1452,145407,145581,145741,146433,147945,148022,149233,150372,152138,1524,153090,1535,1536,1540,1588,160364,1652,1654,1660,1687,171389,177,1773,1776,1800,1829,183,185,186,1893,1903,1910,196,196527,1969,197,197358,199,1990,1991,199713,1999,2000,200504,201292,201294,2048,204801,2056,207,2099,2113,2131,2137,2147,2149,215,2150,2152,2155,2157,2161,2167,2168,2175,2177,2205,2207,2209,2210,2212,2213,2214,2215,221955,222236,225,2268,22861,22900,22904,22933,2294,23,23118,23135,23166,23208,23230,2335,23376,23476,2350,2353,2355,2357,2358,2359,23607,23609,23633,23643,23646,23729,23765,23780,240,241,245928,246,246778,2475,2494,2526,2529,2532,253260,2534,253782,255061,255626,255877,25807,25824,25827,25875,259197,25921,259217,259249,260434,26060,26090,26191,26228,2625,26273,26279,2629,2633,2634,2635,26471,26524,26525,2678,2679,2683,2687,2693,27035,27040,27086,27102,27159,27177,27178,27179,27189,27190,27202,27250,27293,27299,27342,27347,2778,2780,2825,2828,2829,283131,2833,2840,284110,284207,284340,284467,28511,2852,2853,2854,2855,2856,286430,2865,2867,2874,2876,2896,28964,2908,29102,29108,29110,2919,2920,2921,2950,29760,29800,2990,29954,3001,3002,3003,301,3039,3040,3043,3055,3075,30814,30817,3082,3091,3098,3123,313,3133,3146,3148,3162,3164,3240,325,3269,3275,329,330,331,3312,3339,3340,335,3356,3371,3373,338321,338322,338323,338557,339829,340061,3428,3429,3430,3440,344807,345611,3458,3459,3460,347,3479,348,3497,3500,351,3516,353345,353376,353514,3551,3552,3553,3554,3556,3557,3558,3559,3565,3566,3567,3568,3569,3570,3572,3576,3578,3579,3586,3587,3588,3593,3596,3598,3600,3603,3605,3606,3620,3627,3630,3654,3656,3661,3663,3670,3683,3684,3688,3689,3694,3700,3717,3725,3735,373509,375387,3764,3815,3818,3827,3848,3868,388125,388372,388581,3920,3929,3934,3949,3952,3956,3957,3965,3988,401258,4023,4035,4049,405,405753,4064,4065,4067,406890,406897,4069,406910,406913,406917,406920,406925,406927,406929,406932,406933,406934,406936,406937,406938,406941,406948,406949,406950,406952,406954,406955,406957,406963,406971,406974,406976,406979,406980,406982,406986,406987,406988,406989,406991,407004,407006,407007,407008,407015,407032,407035,407048,407050,407054,4086,4088,4137,414062,4142,414332,4153,4192,4210,4225,4258,4282,4283,4314,4317,4318,4345,4363,442898,442906,445,448834,4598,4615,4669,4671,4693,4772,4775,4776,4779,4780,4790,4792,4793,4799,4814,4818,4843,4851,4852,4853,4856,4889,4907,494323,494327,4973,5004,5005,5008,5023,5027,5045,50487,50507,5054,50604,50616,5068,50848,50943,51063,51074,51114,51130,51135,51157,51284,51311,5133,5138,51542,51561,5169,51738,51776,5187,5196,5197,5265,5293,5294,5320,53342,5335,5336,5345,5354,5359,53832,53833,54,54093,54106,54209,5423,54472,5465,54658,5467,5468,54708,5473,54859,54899,54959,55075,5515,55198,55206,55331,55450,5547,55527,55540,55624,55655,55693,5573,55737,5575,5576,5577,558,5580,55801,55829,55848,5587,55870,55872,55876,5588,5590,5594,5595,5598,5599,5601,5603,5606,5610,56169,5624,56300,56477,56547,566,56603,5663,56659,56670,5678,5682,56833,5687,56905,56910,56919,5692,56925,56998,57118,57142,57147,5724,5729,5731,5732,57326,5733,5734,5737,5739,5740,57410,57413,5743,574441,57506,5764,5771,57724,5777,57787,5788,5806,58189,58484,58533,5879,58985,59067,59082,5919,5925,59272,59307,59340,59341,5966,5970,5971,604,60675,6095,613,6223,623,624,6279,6280,6283,6288,6289,6291,6335,6346,6347,6348,6349,6351,6352,6354,6355,6356,6357,6358,6359,6360,6361,6362,6363,6364,6366,6367,6368,6369,6370,6372,6373,6374,6375,6376,63940,6401,6403,64116,64127,64170,64332,64386,644,64581,647087,64806,64838,64922,650,6500,6504,65266,653361,654,6556,6571,658,66005,6608,6614,6622,6647,669,6693,6714,6737,6774,6776,6777,683,6844,6845,6846,6850,6863,6868,6869,6885,6915,692094,693175,695,7001,7010,7037,7040,7057,7076,7096,7097,7098,7099,7100,7114,712,7124,7128,7130,7132,7133,718,7186,7188,719,720,721,724027,7265,727,728,728441,7292,729230,7293,7301,730249,7305,7356,7369,7376,7412,7442,746,747,7474,7494,7525,7538,768218,7784,7850,7852,7857,79004,79147,79155,79184,7941,79575,79626,79648,79651,79671,79792,79918,79931,79969,8013,80149,80212,80263,80274,8048,8061,80709,80762,80772,80833,8087,81030,8111,814,81559,81792,81793,81858,81926,820,8314,834,836,837,83700,8372,83737,838,839,8399,840,841,84292,8452,8454,8455,846,84630,84632,84639,84651,84695,84699,8473,84807,84818,8482,84868,84885,8517,8530,8534,8546,85480,8600,8605,8620,8639,8673,8692,8717,8723,8737,8740,8767,8771,8773,8792,8807,8808,8809,8840,8870,8876,8877,89790,89848,8986,8993,8995,90,90139,9021,90268,9034,90355,9051,90527,90865,9097,9103,91039,9111,9113,91662,9173,9180,920,9215,922,923,9240,9252,9255,9258,9261,92689,929,9314,9332,9341,9370,9373,940,9415,9424,9435,9447,9450,9473,948,9536,9572,9575,958,959,960,961,9630,9655,968,969,9734,975,9759,976,9825,9830,9839,9865,9867,9870,9971,9975,9978
GENE_SYMBOLS	ADA,MIR675,MIR920,PLA2G4B,HDAC5,CDH5,MIR302E,MIR4286,MIR3909,CASP12,NR1H3,ADAM8,TSPAN2,RASGRP1,NAMPT,LPCAT3,CHST4,KLRG1,MIR6869,TCIRG1,TNIP1,TLR6,CCL26,CDO1,NOD1,FAM3C,CEBPA,CEBPB,AGR2,CXCL13,TXNIP,CELF1,CXCR6,ADCY1,PYDC5,CTSC,TRAF3IP2,PLK2,CYSLTR1,PPP1R13L,CCL27,HPSE,HNRNPA0,TMED2,LILRB4,LIAS,TRIM31,CHI3L1,DUSP10,USP18,IL17F,TREX1,SCN11A,ADCY7,PARK7,TUSC2,MGLL,CHRNA7,ADCY8,NLRP3,TIRAP,CHUK,PGLYRP2,C1QTNF3,C1QTNF4,GBP5,FAM210B,IL22RA2,PIK3AP1,CLU,SERPINA3,LRRK2,CMA1,PLD4,CCR1,CCR3,CCR4,CCR5,CCR6,CCR7,ACKR2,CMKLR1,LTB4R,TMEM219,NLRP13,NLRP8,NLRP5,CNR2,CNTF,COL6A1,REG3G,CD200R1,IL17RE,MAP3K8,ADM,IL31RA,ADORA1,ADORA2A,ADORA2B,CRH,CRHBP,ADORA3,CRP,NEK7,SIRPA,PARP4,MAPK14,CSF1,CSF1R,FAM76B,LACC1,CSNK1A1,ARMH4,LRFN5,C2CD4A,IL34,NLRP4,TICAM1,IL23R,NFAM1,PYDC2,CX3CR1,DAB2IP,CYBA,CYBB,CYLD,CYP19A1,CLEC12A,DDT,DDX3X,DHX9,GSDME,NLRP6,AGER,DNASE1,DNASE1L3,DPEP1,DSG2,AGT,AGTR1,AGTR2,ECM1,S1PR3,EDNRB,AHR,ANO6,EPHA2,AHSG,NLRC3,AIF1,CELA1,ELANE,NLRP7,ELF3,ELF4,GKN2,TRIM65,UNC13D,EPHB2,NLRP11,EPO,AKT1,ESR1,ETS1,EXT1,EXTL3,F2,F2R,ABCD1,F2RL1,F3,F7,F8,F12,FABP4,FABP1,FANCA,FANCD2,FCER1A,FCER1G,FCGR1A,FCGR1BP,FCGR2A,FCGR2B,FCGR3A,FCGR3B,DAGLB,NAPEPLD,ABCD2,FGR,NLRP1,CARD8,SBNO2,SIRT2,FOXF1,ABCF1,TAB2,KDM6B,STAB1,SYT11,VPS13A,FN1,UFL1,BRD4,FOLR2,FOS,FOSL2,FPR1,FPR2,FPR3,CD2AP,MKRN2,KPNA6,LY96,PLD3,SHPK,IL17RA,APOL2,ALOX5,ALOX5AP,DEFB114,ALOX15,IL27,MTOR,NR5A2,FUT4,FUT7,ACKR1,RICTOR,FYN,CERS6,TAC4,H2BC1,BCL6B,RHBDD3,PRDX5,FBXL2,LETMD1,NCR3,ZDHHC5,HSPA12A,MRGPRX1,PYDC1,APPL1,ABHD12,PTPN22,STAP1,GATA3,FBXO3,PLA2G2D,GBA1,GBP1,GBP2,GBP3,NUPR1,LATS2,IL36RN,GGT1,GGT3P,B4GALT1,GGT5,GHSR,NOX1,LAT,FOXP1,EIF2AK1,CHIA,IL36B,IL37,IL36A,IL17C,IL17B,C5AR2,PDCD4,SMPDL3B,ADAMDEC1,RABGEF1,STK39,GNAS,GNAT2,CMKLR2,GPR4,XCR1,NEAT1,CXCR3,GPR17,GSDMA,METRNL,CXCL17,TAFA3,NKIRAS2,GPER1,GPR31,GPR32,GPR32P1,GPR33,NLRP2B,FFAR3,FFAR2,GPS2,GPX1,GRN,GIT1,NR3C1,DROSHA,PYCARD,TBK1,CXCL1,CXCL2,CXCL3,GSTP1,BLNK,ZDHHC1,GUSB,POMT2,GZMA,GZMB,GZMK,ANXA1,HBA1,HBA2,HBB,HCK,CFH,PLA2G2E,ADGRE2,HGF,HIF1A,HK1,HLA-DRB1,AOAH,HLA-E,HMGB1,HMGB2,HMOX1,NR4A1,HP,APCS,HRH1,PRMT2,BIRC2,BIRC3,XIAP,HSPA8,HSPG2,NDST1,APOA1,HTR2A,TNC,HYAL1,NLRP9,NLRP10,NLRP14,FFAR4,CCDC39,STING1,IFI16,IFI27,IFI35,IFNA2,CD200R1L,IRGM,IFNG,IFNGR1,IFNGR2,APOD,IGF1,APOE,IGHE,IGHG1,APP,RBPJ,GPR141,TICAM2,LILRA5,IKBKB,IL1A,IL1B,IL1R1,IL1RAP,IL1RN,IL2,IL2RA,IL4,IL4R,IL5,IL5RA,IL6,IL6R,IL6ST,CXCL8,IL9,CXCR2,IL10,IL10RA,IL10RB,IL12B,IL13,IL13RA2,IL15,IL16,IL17A,IL18,IDO1,CXCL10,INS,IRAK1,IRAK2,IRF3,IRF5,ISL1,ITGAL,ITGAM,ITGB1,ITGB2,ITGB6,ITIH4,JAK2,JUN,KARS1,USP50,NRROS,KCNJ8,KIT,KLKB1,KNG1,KRT1,KRT16,C2CD4B,CCL4L2,C1QTNF12,LAMP2,LBP,LCN2,LDLR,LEP,LGALS1,LGALS2,LGALS9,LIPA,RAB44,LPL,LRP1,LTA,ARNT,DUOXA2,CD180,LY75,LYN,MIRLET7G,MIR105-1,LYZ,MIR125A,MIR126,MIR129-1,MIR130B,MIR135A1,MIR136,MIR138-1,MIR140,MIR141,MIR142,MIR144,MIR145,MIR146A,MIR149,MIR15A,MIR15B,MIR16-1,MIR17,MIR181A2,MIR181B1,MIR181C,MIR187,MIR195,MIR197,MIR199A1,MIR19A,MIR19B1,MIR20A,MIR203A,MIR204,MIR205,MIR206,MIR21,MIR22,MIR221,MIR222,MIR223,MIR26A1,MIR30C2,MIR31,MIR92A1,MIR93,MIR98,SMAD1,SMAD3,MAPT,CCL3L3,MAS1,LCN10,MBL2,MDK,MEFV,MEP1B,MGST2,MIF,CXCL9,MMP3,MMP8,MMP9,CD200,ABCC1,MIR324,MIR338,ASS1,KPRP,MVK,MYD88,NAGLU,NAIP,NDP,NFATC1,NFATC3,NFATC4,NFE2L1,NFE2L2,NFKB1,NFKBIA,NFKBIB,NFX1,NINJ1,NKG7,NOS2,NOTCH1,NPY,NOTCH2,CCN3,NPY5R,NT5E,MIR361,MIR378A,OLR1,ORM1,ORM2,OSM,P2RX1,P2RX7,FURIN,PLA2G3,NOX4,SERPINE1,IL20,IL22,REG3A,F11R,FOXP3,CALHM2,APIP,ZDHHC9,ASB3,IRAK4,ZNF580,TLR7,TLR8,PDCD1,PDE2A,VPS54,IL23A,ENPP3,GHRL,MAP3K20,PER1,PF4,PF4V1,SERPINA1,PIK3CD,PIK3CG,PLA2G2A,IL17D,PLCG1,PLCG2,SERPINF2,PLP1,PLSCR1,IL20RA,IL20RB,ACP5,SETD4,TLR9,TREM2,POLB,TOLLIP,PPARA,UGT1A1,PPARD,PPARG,MARCHF5,PPBP,ELP6,PXK,ODAM,UACA,PPP2CA,APPL2,SBNO1,ACER3,CAMK2N1,PRCP,FEM1A,IL17RB,POMGNT1,NLRP2,KDM4D,PRKAR1A,VPS35,PRKAR1B,PRKAR2A,PRKAR2B,AXL,PRKCD,IL26,SELENOS,PLGRKT,PRKD1,ASH1L,PBK,GSDMB,PRKCQ,PRKCZ,MAPK1,MAPK3,MAPK7,MAPK8,MAPK9,MAPK13,MAP2K3,EIF2AK2,GSDMC,PROC,IL36G,CCL28,MMP26,AZU1,CYP26B1,PSEN1,KCNK13,SUCNR1,PSG9,PSMA1,SLAMF8,PSMA6,C15orf39,STARD7,DHX33,PSMB4,LXN,CTNNBIP1,CAMK1D,RTN4,SCYL3,PTAFR,PTGDR,PTGER1,PTGER2,PBXIP1,PTGER3,PTGER4,PTGFR,PTGIR,PTGIS,SCYL1,TMIGD3,PTGS2,MIR488,MAVS,PTN,PTPN2,EPG5,PTPN6,MARK4,PTPRC,PTX3,WFDC1,NLRC4,SNX6,RAC1,IL22RA1,IL21,CARD18,RARRES2,RB1,ACE2,SIGIRR,HRH4,TRPV4,REL,RELA,RELB,BCL6,PROK2,RORA,BCR,RPS19,BDKRB1,BDKRB2,S100A8,S100A9,S100A12,SAA1,SAA2,SAA4,SCN9A,CCL1,CCL2,CCL3,CCL3L3,CCL4,CCL5,CCL7,CCL8,CCL11,CCL13,CCL14,CCL15,CCL16,CCL17,CCL18,CCL19,CCL20,CCL21,CCL22,CCL23,CCL24,CCL25,CXCL6,CXCL11,CXCL5,XCL1,CX3CL1,GPSM3,SELE,SELP,SLC39A8,NOD2,CARD9,NFKBIZ,MMP25,BLVRA,CLEC7A,STMP1,IL25,FNDC4,LRRC19,BMP2,SKP1,SLAMF1,WNK4,NCF1,BMP6,SLC11A1,SLC18A2,BMPR1B,CHID1,SMO,SIGLEC1,SNCA,SOD1,BPGM,SPN,SRC,TRIM21,STAT3,STAT5A,STAT5B,BST1,VAMP2,VAMP7,XCL2,SYK,TAC1,ADAM17,TACR1,MAP3K7,TBXA2R,MSMP,MIR590,BTK,PRDX2,TEK,TFRC,TGFB1,THBS1,TIMP1,TLR1,TLR2,TLR3,TLR4,TLR5,TMSB4X,C1QA,TNF,TNFAIP3,TNFAIP6,TNFRSF1A,TNFRSF1B,C3,TRAF2,TRAF5,C3AR1,C4A,C4B,MIR657,TTC1,C5,C5AR1,GGT2P,TNFSF4,CCR2,TNFRSF4,TYRO3,ACOD1,TYROBP,SCGB1A1,UMOD,NR1H2,VCAM1,TRPV1,TMEM258,DAGLA,WNT5A,XBP1,YES1,ZFP36,MIR766,ZP3,IL1R2,CXCR4,SCG2,CUEDC2,FKRP,TNIP2,BRCC3,PLA2G7,ABHD8,TNFAIP8L2,MCPH1,RHBDF2,NLRX1,GSDMD,SETD6,TNIP3,ATAT1,NR4A3,ZC3H12A,CCDC92,TRIM45,SCUBE1,CSRP3,FOSL1,AKNA,NDFIP1,CPTP,APOL3,FXR1,ZBP1,GPR68,CAMK4,TRIM11,ADAMTS12,TLR10,SHARPIN,ABHD17A,CAMP,BAP1,CASP1,CASP3,CASP4,JAM3,HYAL3,ITCH,CASP5,CASP6,PLA2G10,CASP7,CASP8,WDR83,CUL3,CUL1,ATRN,CASR,TTBK1,AFAP1L2,IL1F10,SPINK7,LOXL3,CREB3L3,OGT,NFKBID,IL17RC,SEMA7A,HAVCR2,ZDHHC12,IKBKG,CST7,CHST1,AP3B1,TSLP,TNFSF11,PLA2G4C,NPFF,AOC3,VAMP8,HYAL2,TRADD,SNX4,RIPK1,TNFSF14,RIPK2,TNFRSF6B,SNAP23,TNFRSF11A,IL18RAP,IL1RL2,IL18R1,CCN4,IER3,VNN1,SPHK1,SIGLEC10,FCHSD1,RPS6KA4,PGLYRP1,TNFSF18,ACVR1,TSPAN18,SOCS3,OTULIN,CCRL2,MACIR,PSTPIP1,DUOXA1,IL33,USP14,FCGR2C,DPP9,NMI,LATS1,NLRP12,IL1RL1,OSMR,CD4,LARGE1,CD5L,CD6,PNMA1,RPS6KA5,AIMP1,MFHAS1,MAPKAPK2,FAM114A1,CD14,KLF4,CD163,VAMP3,ADIPOQ,PLAA,CD28,FADS2,KCNK6,CHST2,AIM2,LY86,THEMIS2,CD36,PTGES,NR1D1,CLOCK,CD40,CD40LG,CD44,CD47,GNA14,SOCS5,CD68,CD69,HDAC9,CD81,HDAC4,ADGRE5,SPATA2,TRIM14,ZEB2,TRIL,PJA2,AREL1,NR1H4,NR1D2,RBX1
FOUNDER_NAMES	
