drug,X_scvi_gex_1,X_scvi_gex_2,X_scvi_gex_3,X_scvi_gex_4,X_scvi_gex_5,X_scvi_gex_6,X_scvi_gex_7,X_scvi_gex_8,X_scvi_gex_9,X_scvi_gex_10,X_scvi_gex_11,X_scvi_gex_12,X_scvi_gex_13,X_scvi_gex_14,X_scvi_gex_15,X_scvi_gex_16,X_scvi_gex_17,X_scvi_gex_18,X_scvi_gex_19,X_scvi_gex_20
18β-Glycyrrhetinic acid,1.1802406,-0.56575346,0.5231905,-0.92619836,-0.42929137,-0.33198225,1.3918735,1.040977,-1.4127568,1.0688188,-0.54437345,0.51756555,0.8357365,-1.0401502,-0.056604855,0.30379015,-0.576736,-0.980629,-0.27452642,0.026104227
5-Fluorouracil,-1.1306369,0.6032599,-0.15076894,0.91567624,0.17171547,-0.64951336,-0.7291175,-0.16204959,0.9506391,-0.80051506,0.21129167,0.01912716,0.046687555,0.69446695,0.35128918,-0.4913504,-0.6405159,0.33132252,1.116962,-0.38660893
8-Hydroxyquinoline,1.294986,-0.6035875,0.5186355,-0.97042394,-0.44548142,-0.31058836,1.4339379,1.0233073,-1.5087482,1.0869688,-0.577863,0.5491883,0.8645675,-1.0549423,-0.043624967,0.30210096,-0.5611173,-1.0596163,-0.27602494,0.017530784
AT7519,0.97468334,0.47494996,-0.2209253,-0.30463666,-0.24159673,0.42949966,-1.7615529,-0.92053694,1.5513108,-1.2047498,1.5571725,0.91125894,-1.4585589,0.6694979,-0.0058267713,-0.26975554,-0.17315194,1.5985141,0.05155298,-0.23962626
AZD-8055,0.7595839,0.6629948,-0.14468491,-0.13941178,-0.14775923,0.40444148,-1.9385476,-0.98816305,1.7403708,-1.3334262,1.6756959,0.7922598,-1.5159512,0.8435434,0.18974447,-0.2567762,-0.19126621,1.7828033,-0.13243638,-0.3016676
AZD2858,1.0787482,0.36698252,-0.33064532,-0.49128246,-0.30570439,0.38019806,-1.7340853,-0.8342666,1.4673802,-1.2212839,1.6547383,0.9604465,-1.3770719,0.72555417,-0.11660971,-0.3003259,-0.16780332,1.5925345,0.10407851,-0.23099467
Abiraterone acetate,-0.3311542,-0.18951684,0.28909853,0.049696863,0.095892504,-0.89597356,0.97227377,0.7732584,-1.0015655,0.6091409,-0.40203157,0.23437434,1.2636709,-0.34740555,0.23444429,-0.03376215,-0.9112456,-1.0194168,0.7622882,-0.23029664
Acetohexamide,1.0065038,-0.32745796,0.41123816,-0.7474135,-0.3498658,-0.24068105,1.0317765,0.84548587,-1.0535971,0.69882345,-0.5700466,0.44874817,0.6472537,-0.8328836,-0.08293876,0.25365573,-0.39411303,-0.6973174,-0.20197792,0.03699535
Aliskiren,1.2117574,-0.46870476,0.5127001,-0.93930614,-0.3998406,-0.32291478,1.2605628,1.0000138,-1.2960902,0.91718304,-0.45252642,0.55776215,0.776303,-0.96733165,-0.0882383,0.32159406,-0.52788305,-0.869433,-0.26701534,0.028608218
Alpelisib,1.1260138,0.5233724,-0.15917273,-0.3440606,-0.15402773,0.51745284,-1.8493226,-1.0565159,1.5905484,-1.180182,1.7024435,0.90867114,-1.484451,0.62753993,0.10460052,-0.19436526,-0.11960414,1.7126744,-0.12381382,-0.27879518
Altretamine,-0.3237353,-0.18526393,0.34656486,0.113750175,0.12418963,-0.9308939,0.99279755,0.7947379,-1.0078719,0.59470344,-0.45414314,0.10923201,1.2942325,-0.3231964,0.26202717,-0.010668304,-0.8721429,-1.1103148,0.862577,-0.12360492
Amsacrine,1.2425463,-0.62449384,0.5777072,-0.9565315,-0.42446834,-0.38737404,1.4312612,1.0185423,-1.4793082,1.102737,-0.5016534,0.5113369,0.8895615,-1.036124,-0.045424,0.33607954,-0.62691903,-1.0595272,-0.2604149,0.060636178
Aprepitant,-0.39948496,-0.16086191,0.22917905,0.14983495,0.2077553,-0.9214349,0.97784287,0.8484066,-0.9699445,0.577374,-0.46786806,0.17408222,1.2975779,-0.2803424,0.23524973,-0.08786468,-0.89090943,-1.0889273,0.8612199,-0.19225824
Belumosudil,-1.3466914,0.5517909,-0.13812582,1.0060923,0.33994216,-0.8911879,-0.22932245,0.08871952,0.41225082,-0.5463656,-0.04214233,-0.07039501,0.62890065,0.6032476,0.38739273,-0.35782063,-0.7035533,-0.18717957,1.2437047,-0.38744292
Bendamustine,-0.53265274,-0.15091807,0.26466885,0.22066927,0.19440845,-1.0229437,1.0025593,0.8260372,-1.0177605,0.53097105,-0.49808693,0.11318016,1.405924,-0.28422004,0.28072044,-0.07355719,-0.9316491,-1.2081177,1.006015,-0.20219615
Bergenin,1.19153,-0.6458714,0.56466126,-0.9369445,-0.41371346,-0.38505334,1.4769014,1.0768609,-1.5036123,1.2002285,-0.57711124,0.4934991,0.9182132,-1.0949748,-0.06732778,0.34823883,-0.60145783,-1.0639958,-0.34091055,0.056141987
Bexarotene,-1.1713996,0.5877226,-0.03601408,0.97586447,0.28462657,-0.7068143,-0.44900602,-0.03878984,0.70440924,-0.6953643,-0.15542594,-0.12564647,0.24234572,0.5313612,0.4043407,-0.3797515,-0.53399456,0.06893328,1.1697814,-0.26359773
Binimetinib,-0.80091524,1.002829,-0.47231463,0.90690124,0.33075544,-0.20590323,-1.5423118,-0.7360027,1.4646745,-1.375362,1.4550723,0.51474905,-0.25943688,1.3763412,0.48812333,-0.16343583,-0.5491971,0.64843744,0.8980346,-0.7452564
Bortezomib,1.2092881,0.41092622,-0.6613708,-0.6808014,0.39424604,0.47087866,-1.2435529,-0.71888363,0.9464005,-0.9894761,1.824891,1.0093197,-0.94217587,0.64382046,4.9054623e-05,-0.48430282,0.07723713,1.8170085,0.12840791,-0.07944226
Bosentan (hydrate),-0.30543336,-0.19939649,0.16926894,0.047350407,0.09626997,-0.8630744,1.1066285,0.91449326,-1.0666758,0.5900868,-0.606063,0.20063478,1.2619009,-0.3432433,0.15105009,-0.1285079,-0.83491814,-1.1420324,0.88045293,-0.21682394
Brivudine,0.5178778,0.62952566,-0.36052752,-0.06398213,-0.038473845,0.2758415,-1.7246971,-0.77464026,1.5837473,-1.2278908,1.7557038,0.9136286,-1.0549371,0.95923865,0.10872361,-0.21444291,-0.3180326,1.428026,0.266196,-0.35076573
Budesonide,-1.080996,0.8196583,-0.18182626,1.1669695,0.35045648,-0.55838424,-1.2800496,-0.73081183,1.3981721,-1.0055275,0.9498992,-0.009537637,-0.09829626,1.1497185,0.52871907,-0.23421164,-0.45627096,0.49977863,0.9939022,-0.49048147
Canagliflozin,-0.5997266,-0.11363301,0.11444393,0.2509229,0.19611411,-0.89215755,1.0041902,0.8657759,-0.99121773,0.4968302,-0.7254269,0.09228796,1.363709,-0.22237028,0.18009076,-0.14825329,-0.8282876,-1.1762278,0.98652136,-0.23589283
Capivasertib,0.9896689,0.4717095,-0.12294878,-0.2010212,-0.15989912,0.3888525,-1.7612195,-1.0781467,1.5640118,-1.074999,1.6082165,0.8458947,-1.3240678,0.7040423,0.08504161,-0.17471778,-0.12880024,1.5936325,0.079541825,-0.18308637
Capmatinib,0.8541035,0.60221916,-0.20082384,-0.11030197,-0.12210131,0.42500064,-1.8001232,-1.0593351,1.5681795,-1.1330441,1.7382287,0.9386616,-1.2589943,0.81930435,0.13869807,-0.16197693,-0.23660395,1.5970895,0.09098141,-0.2998105
Captopril,-1.3007312,0.56784153,-0.151423,0.97900283,0.19249274,-0.68256724,-0.46295375,-0.04327123,0.6744486,-0.66030335,-0.15016395,-0.033064157,0.2731573,0.60317653,0.34908375,-0.46219122,-0.68928087,0.056642354,1.1239319,-0.3971927
Celecoxib,0.9528412,0.42357785,-0.26648462,-0.39428765,-0.31499112,0.35086784,-1.6594784,-0.79927033,1.5166657,-1.1873144,1.5985923,0.9286767,-1.3508464,0.72390705,-0.07356153,-0.35076898,-0.2517815,1.5819395,0.13532868,-0.19726896
Ciclopirox,1.1407876,-0.61906075,0.46244124,-0.8822031,-0.39076847,-0.33630675,1.508051,1.0626729,-1.5581594,1.1721693,-0.64276266,0.48786134,0.9504788,-1.01478,-0.097270794,0.25198913,-0.58996403,-1.0935531,-0.25132507,0.01956743
Cilostazol,-0.45299536,-0.22242612,0.2568809,0.144337,0.112294756,-1.0167981,1.0994772,0.89378995,-1.1918523,0.6917832,-0.46759036,0.18840131,1.5018744,-0.30996746,0.23374662,-0.019719135,-0.96209455,-1.2526755,0.8989352,-0.23651713
Clobetasol propionate,-1.2201803,0.6848155,-0.102819145,0.99386734,0.36140525,-0.5823865,-0.70882225,-0.28325665,0.91283214,-0.8790051,0.22116315,-0.20983458,0.19562504,0.7461674,0.38150212,-0.2968856,-0.50895905,0.09490043,0.98550504,-0.23509756
Clofarabine,-0.43253845,-0.18492603,0.30938622,0.1760437,0.22443064,-1.0856272,0.9995163,0.78040797,-1.0192229,0.5974966,-0.3321022,0.16269076,1.4073502,-0.22810094,0.25535053,-0.068093084,-0.9447396,-1.1467404,0.9996825,-0.1916433
Clotrimazole,1.3246133,-0.5701983,0.5931299,-1.0596038,-0.46941435,-0.36376655,1.3771552,1.0280344,-1.3311322,0.98175335,-0.36267307,0.6299349,0.7367721,-1.0476767,-0.024312332,0.41469085,-0.62396944,-0.89605933,-0.24381708,0.027924985
Dabrafenib,1.221483,0.4362414,-0.16991805,-0.419223,-0.23300159,0.40855578,-1.7915109,-1.0257344,1.5635152,-1.181821,1.5174564,0.93429625,-1.6377522,0.6040798,-0.02854383,-0.27829152,-0.07826671,1.7267365,-0.11273135,-0.21666479
Daidzin,-0.7100468,0.19272189,0.09356952,0.4492332,0.18878503,-0.9826046,0.23874496,0.40721512,-0.15815783,-0.08284138,0.014542788,0.15218702,0.78195053,0.2344944,0.25343424,-0.23556931,-0.78677416,-0.40439725,1.0238442,-0.28824168
Dapagliflozin,-0.93104273,0.61505306,-0.15939319,0.816965,0.122165844,-0.7545115,-0.809148,-0.28125292,0.96978676,-0.84334195,0.53417706,0.10819343,0.045362115,0.7608311,0.33558312,-0.4085706,-0.67254364,0.34903505,1.0534972,-0.3937578
Digitoxin,-0.43555427,-0.4378832,-0.31090635,0.18359579,0.26831204,-1.1703539,1.2089976,1.4673991,-1.599738,0.9481548,0.199233,0.5267244,2.026407,-0.27182,-0.13526969,-0.35138965,-1.3885049,-1.6947894,1.3417952,-0.40895876
Drospirenone,-0.8721968,0.7002923,-0.05423954,0.8596443,0.15543151,-0.68917143,-0.7970079,-0.4090727,0.9123583,-0.80212843,0.24086493,0.0865151,-0.0124718025,0.5931301,0.3740931,-0.39453942,-0.5988556,0.38871565,0.9925453,-0.3680019
EX229,1.0418963,0.39215752,-0.3730275,-0.4240768,-0.14850509,0.30605987,-1.6865679,-0.8201215,1.4286764,-1.2025558,1.7950245,0.9991733,-1.2483293,0.8108677,-0.088703826,-0.31110325,-0.18559912,1.560466,0.17497244,-0.18583676
Encorafenib,0.7079235,0.76077783,-0.10657127,0.065069735,-0.15008011,0.3672138,-2.0550802,-1.3007798,1.7023363,-1.2906111,1.6478924,0.8229301,-1.3553747,0.9834154,0.18543798,-0.19135326,-0.29244933,1.6152675,-0.13038449,-0.43903783
Erdafitinib,1.0939016,0.4834126,-0.29170877,-0.3589427,-0.39430678,0.39655435,-1.7493321,-0.918159,1.519336,-1.2547764,1.6706601,1.018716,-1.4674457,0.79796964,-0.033618584,-0.32000685,-0.2253317,1.665725,0.055449218,-0.27751112
Erythromycin,-1.1873312,0.5893041,-0.15412368,0.9785812,0.22598402,-0.65684044,-0.5170586,-0.12508497,0.61571217,-0.6334811,-0.18456662,-0.07357663,0.31395778,0.49693495,0.34147117,-0.37565386,-0.5179324,0.049039006,1.1176468,-0.32134035
Fenofibrate,-0.48076528,-0.18463337,0.23828366,0.13634597,0.16904478,-1.0242774,1.0432373,0.92167217,-1.0689139,0.5919491,-0.45574743,0.19250602,1.4152921,-0.27813822,0.23615336,-0.08492115,-0.9756415,-1.1919782,0.95380044,-0.24452311
Filgotinib,-0.44910043,0.6140826,-0.090481445,0.507225,-0.044867635,-0.5169816,-1.2407414,-0.49776697,1.4284396,-0.9686147,1.0581074,0.2886992,-0.59899426,0.91413265,0.2396811,-0.48559862,-0.533769,0.82774836,0.79500675,-0.36123678
Finasteride,-0.7382734,-0.08422604,0.28728393,0.3831873,0.30187857,-1.1198347,0.94073385,0.73446155,-0.9326885,0.5299878,-0.4073244,0.04949051,1.4481678,-0.09536512,0.2922192,-0.12556067,-0.9505278,-1.1375484,1.0911558,-0.20864558
Fluvoxamine (maleate),1.2127492,-0.63622427,0.549801,-0.97606885,-0.4427582,-0.42137074,1.4811509,1.1236687,-1.5329273,1.1630819,-0.44899428,0.5702917,0.92476654,-1.0338929,-0.10531591,0.31236696,-0.66638553,-1.0791342,-0.24833463,0.03543228
Gallic acid,1.2574146,-0.6980895,0.5768281,-0.9543822,-0.48536938,-0.42707473,1.5742835,1.1124048,-1.5762056,1.2049705,-0.61263216,0.56240356,0.8867924,-1.153689,-0.048072033,0.31447446,-0.6851076,-1.1575475,-0.2750314,0.030768827
Gemfibrozil,1.1778202,-0.630741,0.5232918,-0.9398037,-0.40760177,-0.37323534,1.4768691,1.063,-1.5208552,1.1535068,-0.55413073,0.5245695,0.91461897,-1.0357363,-0.08345048,0.3118133,-0.6252452,-1.0645006,-0.24088956,0.021491766
Glasdegib,-0.8742975,0.5964967,-0.1907644,0.8412844,0.09556617,-0.85263896,-1.0527685,-0.39335096,1.2895374,-0.90765023,1.1303886,0.24337232,-0.08258643,1.094561,0.4370933,-0.39424264,-0.7938353,0.56385785,1.1473763,-0.4966068
Hexylresorcinol,0.98073465,-0.472166,0.39930543,-0.78309715,-0.32878572,-0.34213388,1.1986064,0.94662696,-1.2580733,0.9565382,-0.4214332,0.46584278,0.8831268,-0.8123464,-0.12897716,0.26492816,-0.53701234,-0.89874,-0.09710996,0.06899184
Homoharringtonine,1.7190087,-0.8435328,-0.4462328,-0.684706,0.13809052,-0.75961864,0.91764134,1.287374,-1.4867125,1.5624576,2.9455218,1.695031,1.6225698,0.20851174,-0.43655652,0.15063655,-1.5075687,-1.5353279,1.7750388,0.27503455
Idoxuridine,-1.4136515,0.5735893,-0.26748106,0.9897641,0.30778202,-0.59444106,-0.36041513,0.040015876,0.53230524,-0.6489439,-0.3381375,-0.06265974,0.411229,0.5119797,0.32113552,-0.43887645,-0.6249616,-0.06920028,1.1854651,-0.39823267
Infigratinib,1.177871,0.41430736,-0.28350708,-0.5340172,-0.1807659,0.48692217,-1.7648666,-0.9185807,1.5073292,-1.179897,1.6947981,0.94582844,-1.4926424,0.6333173,-0.035342425,-0.2839045,-0.06835684,1.7350905,-0.0811619,-0.22934064
Ipatasertib,0.5200356,0.6340561,-0.15239683,0.03317514,-0.24777606,0.33351448,-1.8927829,-0.9855728,1.7673386,-1.3499641,1.4106824,0.6362383,-1.4922283,0.97081447,0.108207464,-0.37127727,-0.16955706,1.663899,0.031049654,-0.24144727
Irinotecan,1.3142581,0.48448682,-0.062691584,-0.39065778,-0.24945813,0.49342012,-1.7861948,-1.1528445,1.6097958,-1.1289967,1.6732643,0.9640435,-1.688415,0.5868215,0.08775073,-0.22535627,0.07194525,1.909091,-0.24514993,-0.26932138
Ixazomib,1.0491242,0.4828664,-0.11876306,-0.3767128,-0.20452398,0.3933954,-1.7703341,-0.9876962,1.566153,-1.1306826,1.7296153,0.85892916,-1.4271803,0.7448919,0.010976732,-0.2752185,-0.15440038,1.6988645,-0.067980036,-0.20892468
LY-2584702 (tosylate salt),0.6549809,0.47251624,-0.31931677,-0.19053012,-0.33502078,0.20079222,-1.7432189,-0.85945433,1.5818341,-1.3435231,1.5823753,0.85740006,-1.3234179,0.9696265,0.032876268,-0.29308954,-0.34285977,1.523149,0.27538276,-0.27945447
LY2090314,1.1299183,0.4915822,-0.18073261,-0.33600938,-0.25560743,0.45673814,-1.8030729,-0.989086,1.5769144,-1.189648,1.59767,0.9699571,-1.5698164,0.6518374,0.036821127,-0.2645303,-0.12493995,1.6980398,-0.05553983,-0.2474455
Larotrectinib sulfate,-0.7094209,0.5950428,-0.11135717,0.7599226,0.09400071,-0.7597598,-0.89680684,-0.35734695,1.1812451,-0.9001193,0.6958624,0.14608249,-0.15427208,0.8085293,0.34604058,-0.41970587,-0.627385,0.6151803,1.02637,-0.342447
Lopinavir,-1.1011878,0.64535517,-0.12548517,0.98666734,0.20242012,-0.832739,-0.77291125,-0.19206046,0.8949665,-0.82851183,0.42984498,0.1280238,0.16240911,0.82151926,0.4629521,-0.3772127,-0.77642703,0.27020764,1.1716608,-0.5086801
MK-3903,0.91496974,0.5228502,-0.27556822,-0.29240274,-0.20459339,0.47448134,-1.721434,-0.8453051,1.5464739,-1.20887,1.6224585,0.90145767,-1.378066,0.7235103,0.05622405,-0.27503103,-0.16980115,1.6881075,0.061288014,-0.2591229
Macitentan,-0.4438687,-0.19570953,0.21448907,0.12032233,0.1269502,-0.94955933,0.9970843,0.8506208,-0.99464464,0.535632,-0.45378274,0.20267999,1.3256271,-0.25906253,0.20342124,-0.048951775,-0.9170829,-1.1559601,0.90849525,-0.24026978
Mebendazole,0.088671416,-0.38142496,0.22073057,-0.21978223,-0.08412257,-0.82432353,1.2993068,1.0607281,-1.2842687,0.80541205,-0.540364,0.29059535,1.3417054,-0.61070466,0.10643628,-0.022715982,-0.8888755,-1.2509079,0.67999625,-0.13298777
Medroxyprogesterone acetate,0.9963568,-0.67041576,0.47944108,-0.7892163,-0.4391359,-0.33909136,1.4850544,1.050669,-1.5011095,1.2276585,-0.7836375,0.41331154,0.8895639,-1.0573932,-0.058599174,0.2791953,-0.5821259,-1.0982027,-0.3302095,0.06234748
Menadione,-0.35782072,-0.23367453,0.3222188,0.066679925,0.15209734,-0.97826016,1.0538223,0.9010529,-1.0405658,0.5974965,-0.4635843,0.18523782,1.3455695,-0.345258,0.2664283,-0.05616847,-0.9574312,-1.193826,0.97091895,-0.17518255
Methotrexate,-0.931404,0.60397243,-0.1055101,0.8509618,0.19454332,-0.6521156,-0.6868191,-0.19904666,0.92855227,-0.8047513,0.17096344,0.038631797,-0.004395455,0.57152796,0.36278954,-0.4554727,-0.5734031,0.3380872,1.1036093,-0.34023955
Mifepristone,-0.27546054,-0.26525825,0.3496726,0.031634033,0.051192045,-0.9230273,1.0941074,0.8821216,-1.0711081,0.605659,-0.47069818,0.2260021,1.256587,-0.38651973,0.20239028,-0.040786292,-0.95034766,-1.2063003,0.83080566,-0.13132966
Mozavaptan,-0.3078019,-0.20537657,0.25097647,0.08839527,0.09967558,-0.94879544,1.1005124,0.9146578,-1.1619543,0.6528355,-0.53105426,0.19543386,1.4170268,-0.39738244,0.21661335,-0.081516266,-0.9100578,-1.2147431,0.8945039,-0.2058002
Neratinib,-1.2551155,0.62648267,-0.22850126,0.87152505,0.2706324,-0.47094107,-0.4472777,-0.07131064,0.6414175,-0.7266753,-0.29445723,-0.06683965,0.23868,0.4989726,0.29821014,-0.37446225,-0.4846268,0.051277965,1.0698608,-0.30496946
Nevirapine,-0.10555196,-0.24722654,0.2149575,-0.06745052,0.094889075,-0.85989845,1.09248,0.9157185,-1.0967293,0.6268114,-0.39202285,0.24447465,1.3248632,-0.353868,0.16074106,-0.018991753,-0.8553084,-1.1874464,0.8361064,-0.15205151
OTS514,0.577335,0.59421265,-0.12483707,0.11329158,-0.2337985,0.29048204,-1.8822623,-1.0989141,1.6906276,-1.2610041,1.3593751,0.68700314,-1.3502349,0.90261376,0.11945635,-0.29160482,-0.24286595,1.5135138,0.16811381,-0.23496538
Olanzapine,1.3359444,-0.5843514,0.5830432,-1.010579,-0.41957873,-0.34119976,1.3893913,1.0285239,-1.4122494,1.0485858,-0.4249093,0.5672201,0.842552,-1.047036,-0.0482374,0.35969758,-0.61312425,-1.0187657,-0.25773484,0.072121516
Omeprazole,-0.6336063,0.5690615,-0.05873595,0.6084907,0.00859879,-0.48939663,-0.7915068,-0.2309653,0.9920614,-0.8789897,0.1721412,0.12349254,-0.27437726,0.5185827,0.26690394,-0.4197672,-0.48561266,0.45479187,0.8657058,-0.25318217
Orlistat,-0.116655976,-0.26919943,0.25742474,-0.07921955,0.07258439,-0.9128418,1.1247295,0.97324437,-1.14416,0.68715036,-0.3719189,0.2584188,1.3596658,-0.4113024,0.18313047,-0.012230106,-0.90152717,-1.1935844,0.87302846,-0.15142897
PF-06260933,0.51093984,0.47901988,-0.19976862,-0.019971192,-0.20288146,0.008488685,-1.5136681,-0.77941126,1.5325526,-1.1088395,1.4576774,0.78621995,-1.0100071,0.8533026,0.111326456,-0.2556713,-0.5327058,1.2918513,0.47716707,-0.20509896
PH-797804,1.0129921,0.39384434,-0.23411933,-0.43836796,-0.21546698,0.45545945,-1.6629055,-0.8471736,1.5343812,-1.1303952,1.6140424,0.91076875,-1.3440759,0.6610672,-0.06933906,-0.2938326,-0.20565394,1.5493162,0.12647848,-0.112003684
Paclitaxel,1.0493407,0.6318276,-0.10487746,-0.16113478,-0.1906048,0.48005635,-1.8629763,-1.168392,1.5889955,-1.193199,1.5963582,0.87279606,-1.518606,0.7090454,0.1706177,-0.15822434,0.006459117,1.8112807,-0.11757593,-0.30751774
Pemetrexed,-0.385267,-0.16197205,0.15877974,0.12846035,0.20744507,-1.0419822,1.016198,0.89306825,-1.0574409,0.5496595,-0.2926256,0.24761528,1.4565082,-0.24894287,0.23627093,-0.055217396,-0.96010864,-1.1923864,1.0252303,-0.24465501
Pentagastrin,1.2050002,-0.5524689,0.5561943,-0.93323135,-0.4970234,-0.39776605,1.3378879,0.96260947,-1.286301,0.943998,-0.43359578,0.6003123,0.67930174,-1.0103021,-0.020270556,0.3180033,-0.63970375,-0.8984465,-0.17642371,0.006788537
Pentamidine (isethionate),1.3370657,-0.54416716,0.5334978,-1.012127,-0.41059494,-0.32564592,1.3498719,1.024442,-1.3859385,1.0128639,-0.35829985,0.5859162,0.8552054,-1.0160621,-0.05560606,0.3389786,-0.6131047,-1.0134966,-0.17567147,0.054208882
Pimozide,-1.4879127,0.6441425,-0.106941044,1.1649191,0.22844657,-0.5720396,-0.60461056,-0.24210869,0.6769434,-0.6118686,-0.53865474,-0.15480244,0.274754,0.5559658,0.37984964,-0.46573573,-0.6273196,0.06638348,1.105885,-0.38590768
Ponatinib,-1.4278309,0.67431533,-0.15868023,1.1288334,0.2520425,-0.7471856,-0.5600204,-0.051823482,0.59958255,-0.6725077,-0.0626421,-0.1013875,0.44512948,0.79490924,0.36631086,-0.3546188,-0.7458701,-0.10789248,1.0150017,-0.4800841
Posaconazole,-0.26721567,-0.18412942,0.2835292,0.014058858,0.10037231,-0.92098093,1.0373683,0.87715274,-1.0845166,0.63424504,-0.42123753,0.22900003,1.3321066,-0.36918926,0.22522417,-0.053499747,-0.9286827,-1.0886934,0.83255875,-0.19237453
Pravastatin (sodium),-0.6787827,-0.07499263,0.15879244,0.2767939,0.270252,-0.987746,0.87335986,0.815528,-0.86808455,0.4518651,-0.37960845,0.15003014,1.3522626,-0.11649467,0.26003432,-0.1099816,-0.9287311,-1.092206,1.0374912,-0.27998963
Ralimetinib dimesylate,0.30221766,0.4943085,-0.25357527,-0.013939291,-0.10071966,0.053979874,-1.467942,-0.6993345,1.5382208,-1.1776278,1.3959175,0.7041007,-0.96385586,0.839124,0.09465048,-0.30951476,-0.46433118,1.2383087,0.56501204,-0.23587993
Raltitrexed,1.2225356,-0.59886277,0.52283716,-0.896158,-0.46197575,-0.3611223,1.3041602,0.96819395,-1.303093,0.9882959,-0.47957838,0.5836719,0.7624721,-0.9840177,-0.03899376,0.34368122,-0.63306236,-1.0107484,-0.18431963,0.04266779
Rapamycin,1.3407574,-0.50439054,0.6045722,-0.9374354,-0.40441602,-0.30036664,1.3489436,0.94543046,-1.3264157,0.9426935,-0.58575094,0.48803985,0.7165019,-1.1365316,0.04609458,0.314193,-0.5251465,-0.90129024,-0.32298648,0.09484937
Regorafenib,0.2704553,0.6938814,-0.24573457,0.16117229,-0.11617851,0.018083185,-1.7085011,-0.893695,1.6438733,-1.1799618,1.6422802,0.7413726,-1.0440449,0.99212545,0.24988037,-0.27970526,-0.43708572,1.4419909,0.42137188,-0.35706022
Relugolix,1.227762,-0.6055083,0.5817683,-0.9503975,-0.49558574,-0.3990751,1.3918953,1.0589349,-1.3870695,1.0582312,-0.51859266,0.56604093,0.78553253,-1.0729709,-0.025474072,0.3474028,-0.6374725,-1.0226369,-0.251374,0.018823802
Retinoic acid,1.302197,-0.58074486,0.5725988,-0.9490285,-0.3979354,-0.3549366,1.4019028,1.014442,-1.4134548,1.0731074,-0.5086901,0.5173488,0.8565271,-1.0501479,-0.040776923,0.3224675,-0.5809134,-1.0381346,-0.25415838,0.07056254
Ribociclib,-0.9824517,0.54820865,-0.091806844,0.78879195,0.13434234,-0.9286047,-0.7682191,-0.19081308,0.94182956,-0.74614173,0.84207547,0.17768493,0.16597712,0.88703877,0.39660218,-0.40003538,-0.8654419,0.2818541,1.140126,-0.4766793
Ritonavir,1.1674244,-0.5627988,0.48029104,-0.87399733,-0.43361294,-0.32003725,1.3473817,0.99028426,-1.3881044,1.031959,-0.6225546,0.5294142,0.79137754,-1.0039762,-0.05518645,0.27200794,-0.56363344,-0.9776178,-0.25520593,-0.0055347383
Rosiglitazone,-0.39267948,-0.22399557,0.188997,0.118215084,0.11226324,-0.9331155,1.0515407,0.9248195,-1.0824305,0.5701641,-0.5440355,0.21011758,1.3779684,-0.32290304,0.20376152,-0.08713872,-0.9010174,-1.2541344,0.9656642,-0.24196231
Rucaparib (phosphate),-0.6734203,-0.19182318,0.27829584,0.22260149,0.13179561,-0.96324563,1.087589,0.88198584,-1.1030537,0.6824149,-0.5818926,0.12107545,1.4372548,-0.23596947,0.16310412,-0.107277945,-0.9765842,-1.1511331,0.8709078,-0.23827723
Sapanisertib,1.127367,0.46569633,-0.20680591,-0.54398865,-0.12778342,0.5207525,-1.5538397,-0.955978,1.4677185,-1.2583103,1.5280473,0.78634894,-1.6713926,0.47216725,-0.0018960387,-0.36325425,0.055297464,1.9343305,-0.33459836,-0.102342635
Silodosin,-0.7050874,0.031639755,0.124221,0.3235494,0.23397946,-0.865167,0.6708407,0.6582351,-0.6216557,0.2474471,-0.5157052,0.13003391,1.0951502,-0.07753433,0.21005192,-0.1951636,-0.8040767,-0.8653299,0.9935881,-0.2453404
Sonidegib,-0.38163358,0.6136502,-0.24780113,0.53392136,0.058902755,-0.5009064,-1.4444686,-0.6085748,1.6004026,-1.1713496,1.5212494,0.5224102,-0.55008584,1.1123526,0.3251897,-0.40734845,-0.7383857,0.9496848,0.95603234,-0.4419329
Sulfisoxazole,1.1971266,-0.62348807,0.5402788,-0.93751144,-0.4039029,-0.40402645,1.4349508,1.054013,-1.4824646,1.1438822,-0.4689852,0.50426656,0.9251672,-1.0487428,-0.06806351,0.33135742,-0.59742236,-1.0539303,-0.24175818,0.058265463
TAK-733,1.1093817,0.5061825,-0.19328487,-0.29620248,-0.07262316,0.4137029,-1.7928705,-1.0600977,1.5250142,-1.1279013,1.8017727,0.9737221,-1.3466197,0.74507433,0.07500625,-0.16311121,-0.16104218,1.6605489,0.035604566,-0.19835177
Tadalafil,-0.3862746,-0.17363906,0.25940922,0.08789155,0.1819732,-0.9194448,1.0443279,0.90841204,-1.0334853,0.5994414,-0.5559933,0.16211033,1.3397213,-0.32867926,0.21908644,-0.09020658,-0.8973901,-1.1716387,0.9098217,-0.1999374
Terfenadine,0.9453215,-0.679121,0.47469434,-0.85263646,-0.48858494,-0.46999705,1.4934618,1.1165552,-1.5111437,1.1838225,-0.5421687,0.50887275,0.9116283,-0.95330465,-0.106504396,0.28704423,-0.7033676,-1.0870812,-0.15616454,-0.017853782
Tofacitinib,1.1586955,-0.54322296,0.5291617,-0.88040936,-0.37585533,-0.27580625,1.3888792,0.9701819,-1.3820664,1.0682719,-0.62925625,0.4499517,0.82270503,-1.0366225,-0.058229364,0.2624272,-0.51806486,-0.9342839,-0.28048426,0.060821094
Tolcapone,1.1826668,-0.5767235,0.48108503,-0.9044533,-0.4140073,-0.34713417,1.4080676,1.0498128,-1.4634302,1.0717814,-0.53597206,0.5379066,0.87194705,-0.9907787,-0.08595891,0.26668048,-0.60943437,-1.0468097,-0.20516495,0.019223109
Tomivosertib,0.88105196,0.48567772,-0.25716195,-0.21806753,-0.303942,0.403666,-1.7635263,-0.8807159,1.5637708,-1.2410563,1.5892465,0.8664855,-1.3715162,0.80672735,-0.0016726404,-0.29281294,-0.2137011,1.5803921,0.12563145,-0.25616136
Torkinib,0.94807976,0.5156895,-0.17537042,-0.18948871,-0.28176582,0.33712962,-1.8688219,-0.99510235,1.6401439,-1.2339782,1.595757,0.89071107,-1.4697875,0.77376544,0.07191932,-0.25354606,-0.20851544,1.6119192,0.02745521,-0.2806775
Trametinib (DMSO_TF solvate),-1.6811857,0.8272949,-0.40625936,1.3830204,0.6474807,-0.9230697,-0.09986557,0.21531087,0.08179547,-0.53119993,-0.08206536,-0.061549798,1.1713979,0.8223094,0.5831522,-0.16575524,-0.64054966,-0.8498214,1.3626388,-0.57029235
Tranilast,-0.35678735,-0.24556416,0.33522967,0.06459695,0.15638664,-0.9620944,1.110586,0.8818398,-1.0662715,0.61894083,-0.4715948,0.103482366,1.3590457,-0.3387739,0.20754206,-0.028769992,-0.87989116,-1.2031839,0.8473889,-0.10148391
Triclosan,1.263835,-0.60897833,0.5622498,-0.99963844,-0.4221623,-0.37278032,1.4474044,1.066571,-1.4971044,1.1192242,-0.4630435,0.5243397,0.9102156,-1.0456324,-0.07228139,0.3294953,-0.61752605,-1.0571511,-0.25538325,0.050302014
Trimetrexate,1.1986165,-0.5936791,0.51545954,-0.91240895,-0.41184163,-0.31463635,1.4268278,1.0336862,-1.4701132,1.1171482,-0.62301004,0.5111903,0.8642928,-1.0633551,-0.07299745,0.2964962,-0.5554,-1.0264428,-0.31204963,0.022896245
Valdecoxib,-1.1199315,0.5900761,-0.03962618,0.8951018,0.25986195,-0.6522279,-0.5151295,-0.112582386,0.7367017,-0.73392516,-0.11941466,-0.092742175,0.17582351,0.49862146,0.39676592,-0.40282476,-0.55717754,0.13369247,1.1118679,-0.2679922
Vemurafenib,1.0108135,0.6271891,-0.05011764,-0.12835112,-0.24362594,0.4043583,-1.886279,-1.2343286,1.6354107,-1.1542153,1.6547586,0.8579148,-1.5143051,0.81210357,0.1589534,-0.17693385,-0.011509687,1.7851503,-0.11846398,-0.2870909
Vinblastine (sulfate),1.3833246,-0.5444894,0.5273285,-0.9814832,-0.36430812,-0.23389846,1.4133089,1.0251405,-1.5158279,1.088788,-0.5588738,0.5186287,0.91211694,-1.058182,-0.05714561,0.31037313,-0.49909028,-1.0460944,-0.38760084,0.07658899
Vismodegib,-0.98872966,0.59046406,-0.04053405,0.89472187,0.17269138,-0.780676,-0.7184372,-0.21661898,0.89945173,-0.7528808,0.3353911,0.07175064,0.08442654,0.6912191,0.4114041,-0.3997112,-0.69359136,0.23912588,1.0957173,-0.3959957
Voriconazole,-1.0840158,0.5932176,-0.13155165,0.879361,0.121789925,-0.645748,-0.690183,-0.11408059,0.9393679,-0.81262565,0.17328832,0.054353535,-0.034014292,0.6283453,0.36225763,-0.5089109,-0.6794851,0.353719,1.0770268,-0.37876138
Vortioxetine,-0.5610783,-0.14181483,0.23695591,0.22803396,0.18197724,-0.9524108,0.9255591,0.84107214,-0.98947775,0.5353998,-0.50555915,0.16822112,1.3561792,-0.26477402,0.26421854,-0.09011868,-0.94302344,-1.13574,0.89935714,-0.25223944
Zileuton,-1.0016506,0.6282776,-0.04224041,0.91071653,0.12308296,-0.7384474,-0.68947995,-0.17950365,0.8745713,-0.8183671,0.2121501,0.037325382,0.019045979,0.6451041,0.39044353,-0.40643173,-0.6317296,0.31333333,1.0912346,-0.36015257
olaparib,0.71859676,0.6308514,-0.14208566,-0.044160455,-0.24740449,0.24521884,-1.8675998,-1.162536,1.7009108,-1.1237445,1.7032624,0.8339647,-1.4047416,0.85832363,0.17516768,-0.24640387,-0.09329805,1.7015285,0.08021421,-0.38265648
palbociclib,1.2608895,0.49793732,-0.20880082,-0.28615105,-0.16486517,0.423613,-1.6531271,-1.0874794,1.416373,-0.9874686,1.792328,1.1126101,-1.2467413,0.73783654,0.073707476,-0.08427236,-0.06857267,1.614264,0.12332584,-0.2651096
venetoclax,0.9258178,0.57224137,-0.21469398,-0.2533478,-0.17335975,0.54829836,-1.756568,-0.96427965,1.5442598,-1.2310812,1.6047069,0.88870263,-1.4153538,0.6402237,0.12915406,-0.19666748,-0.093165725,1.7515111,-0.033231214,-0.319355
Idarubicin (hydrochloride),1.0345488,-0.47608733,0.2830297,-0.7686238,-0.39122903,-0.28053886,1.170081,1.0991056,-1.4140062,1.0146235,-0.29777324,0.6475369,0.9438236,-0.770506,-0.1621383,0.17049201,-0.6525353,-1.091214,-0.1768743,-0.04754217
