drug,X_totalvi_joint_1,X_totalvi_joint_2,X_totalvi_joint_3,X_totalvi_joint_4,X_totalvi_joint_5,X_totalvi_joint_6,X_totalvi_joint_7,X_totalvi_joint_8,X_totalvi_joint_9,X_totalvi_joint_10,X_totalvi_joint_11,X_totalvi_joint_12,X_totalvi_joint_13,X_totalvi_joint_14,X_totalvi_joint_15,X_totalvi_joint_16,X_totalvi_joint_17,X_totalvi_joint_18,X_totalvi_joint_19,X_totalvi_joint_20
18β-Glycyrrhetinic acid,0.74671185,-0.3410236,-0.49287507,0.5358769,0.5254119,2.0493407,0.061890997,-0.67838806,-0.25420156,-0.20189598,-0.6229097,1.6548815,-0.9526132,-1.0094438,0.24435686,0.7233878,-0.66370916,1.6015767,-1.2556766,0.8076733
5-Fluorouracil,0.5371297,-0.52978706,0.47108844,0.18459503,0.35277486,0.28249052,0.10739991,-0.9046541,-0.081640095,-0.43405557,-0.48944947,-0.35445613,-0.5963317,-0.6011524,0.41038576,-0.12627648,-0.46464372,0.4069079,-0.29381484,0.69220525
8-Hydroxyquinoline,1.0580918,-0.6237205,-0.83190185,0.8464742,0.6362613,2.5783494,0.12930454,-1.1410013,-0.22076298,-0.43746087,-0.8485959,2.5687835,-1.5166258,-1.3002936,0.53387237,0.97107214,-1.0718824,2.0680056,-1.4829205,1.1768788
AT7519,1.4648514,-1.3556757,3.2637892,0.8124122,0.7169855,2.8586123,0.14663108,-2.5775754,-0.084756054,-1.069365,-1.1758595,-0.061499417,-2.0551622,-2.1993198,0.56701076,-0.3194719,-1.3980267,3.5012054,-0.80618936,1.8630393
AZD-8055,1.4384615,-1.5842663,2.9376485,0.5658841,0.83648884,4.0616937,0.025205867,-3.0068684,-0.26854023,-0.9303991,-1.191458,-0.31696683,-1.6770315,-2.536729,0.9302617,-0.5894811,-1.8249841,3.2252169,-0.9140258,1.6924484
AZD2858,1.312229,-1.2917231,2.3371644,0.6485848,0.79420584,3.3905313,0.14567246,-2.4926944,-0.1330875,-0.8756649,-1.1263735,-0.53035665,-1.4760183,-2.1984942,0.8855043,-0.3112207,-1.6089506,2.8377004,-1.1581966,1.5936458
Abiraterone acetate,0.5800673,-0.5056393,0.07926236,0.22479467,0.39813858,0.07888308,0.031619415,-0.7690158,-0.03996988,-0.2223004,-0.3533303,-0.5264373,-0.39970532,-0.75000125,0.2306609,0.0062639266,-0.49523658,0.38132876,-0.71236783,0.6772421
Acetohexamide,0.36805528,-0.09956519,-0.052429974,0.21993296,0.30035728,1.5237874,0.020908408,-0.20388389,-0.20843561,-0.024787668,-0.4001964,0.87793064,-0.39229342,-0.525933,0.039926022,0.5757319,-0.29065222,0.93248343,-0.4857003,0.44873822
Aliskiren,0.38348907,-0.106373385,-0.06791955,0.23732533,0.30315775,1.586689,0.018767571,-0.22002567,-0.21622467,-0.030356009,-0.42332667,0.9298618,-0.40739608,-0.5400639,0.05435148,0.5727415,-0.30326182,0.9707689,-0.48727334,0.46512854
Alpelisib,1.6124334,-1.5975018,3.112664,0.7801647,0.8400761,4.136041,0.110329725,-3.0080447,-0.11079228,-1.016205,-1.3136008,-0.4479288,-1.8628073,-2.6285763,0.9680778,-0.5410168,-1.8384703,3.5464807,-1.4749308,1.8559576
Altretamine,0.62489915,-0.5819838,0.12842773,0.20986533,0.395647,-0.0021194443,0.03337539,-0.80772126,0.015760835,-0.21357226,-0.32716927,-0.45597893,-0.4108269,-0.81957996,0.17578416,0.008045539,-0.47014523,0.48552826,-0.9631145,0.6930853
Amsacrine,0.6856705,-0.58025277,-0.73465055,0.50511855,0.5537668,1.3446853,0.19665354,-0.94955945,-0.28333253,-0.53850853,-1.036838,1.6537534,-0.5888764,-0.6098756,0.8154238,0.5191918,-0.80367327,1.6028531,0.9584309,1.3459431
Aprepitant,0.54522216,-0.5421426,0.09942341,0.20904723,0.36529785,0.019023344,0.04701767,-0.7573675,-0.019719958,-0.21643817,-0.34559685,-0.43501675,-0.35520396,-0.6826981,0.21449496,-0.014683247,-0.46198905,0.3286513,-0.5522302,0.6345212
Belumosudil,0.6998839,-0.59613544,0.13288055,0.36791158,0.4799915,0.48246792,0.0984909,-0.98271483,-0.14416301,-0.32071334,-0.54353565,-0.83057153,-0.48148552,-0.86273086,0.44130826,-0.10910462,-0.66846555,0.61391735,-0.93685436,0.8745797
Bendamustine,0.72555125,-0.7744668,0.29981866,0.27515677,0.37839568,-0.10536163,0.054290213,-1.0802318,0.08951351,-0.3463452,-0.40155828,-0.29146436,-0.63138425,-0.85005194,0.24434897,-0.06357999,-0.514835,0.51663226,-0.8173321,0.81795245
Bergenin,0.8046975,-0.3728908,-0.6367978,0.59579456,0.58431953,2.0017607,0.05468253,-0.7537122,-0.24521713,-0.23605528,-0.6796328,1.7162073,-1.0335423,-1.0942137,0.29109746,0.7462264,-0.77908194,1.701916,-1.3299419,0.88079697
Bexarotene,0.5220456,-0.4505,0.33356065,0.2245415,0.2681211,0.18867537,0.0753649,-0.7130112,0.002167046,-0.3103658,-0.39367497,-0.44348407,-0.3841712,-0.52200925,0.26260373,-0.14184181,-0.37520102,0.45879355,-0.72875845,0.62821245
Binimetinib,0.9017507,-0.94713074,0.7988199,0.68682855,0.4431644,0.5198755,0.23885675,-1.384261,0.026294399,-0.4516555,-0.8110377,-0.6299222,-0.63845927,-1.09773,0.4160493,-0.44290787,-0.91941774,1.3979737,-0.935887,1.010194
Bortezomib,1.2705169,-2.1292298,1.9857388,0.22564983,1.3760873,3.5891693,0.61839324,-3.1623096,-0.369402,-1.0464933,-1.955795,0.66219425,-0.9504117,-2.2816632,0.85642606,-0.6921716,-0.9067178,4.363624,2.410973,1.801199
Bosentan (hydrate),0.8451558,-0.90371764,-0.03966827,0.18356782,0.47312766,-0.14079124,0.06911033,-1.1755557,0.018735517,-0.26586294,-0.3129904,-0.044736013,-0.7777568,-1.2004278,0.14187124,0.142138,-0.66506124,0.7323071,-1.3709788,0.844554
Brivudine,1.1964848,-1.1215566,2.0885885,0.52939016,0.6567954,2.626126,0.21712139,-2.0375025,-0.045786597,-0.8246143,-1.1119651,-0.4435293,-1.3027242,-1.8427209,0.7620317,-0.13452001,-1.3905936,2.2562273,-1.4295999,1.4354024
Budesonide,0.8319795,-0.76025814,0.8517202,0.46657893,0.41552436,0.47092548,0.1793167,-1.2640963,-0.043650743,-0.5836852,-0.7330442,-0.49655086,-0.9138014,-0.9479517,0.5168689,-0.28622013,-0.7209585,1.0225781,-0.7931131,1.0270747
Canagliflozin,0.9699382,-1.0238963,-0.08297205,0.2248814,0.54842407,-0.14749804,0.0523227,-1.3851725,0.02617072,-0.3330518,-0.3912868,-0.07537901,-0.8766959,-1.4116273,0.20328176,0.10787288,-0.78502715,0.8437057,-1.5903567,0.9718414
Capivasertib,1.5911039,-1.6010007,2.86167,0.76712716,0.8791888,4.0980706,0.16954386,-2.9026911,-0.074504495,-0.95794636,-1.3433357,-0.5467096,-1.6965679,-2.5786827,0.9945837,-0.5002918,-1.8413932,3.4378788,-1.6323223,1.8339393
Capmatinib,1.4763832,-1.4639746,2.7850335,0.6514434,0.7949108,3.7101097,0.1310481,-2.7538035,-0.119694084,-0.983301,-1.2640042,-0.443551,-1.7002615,-2.4036236,0.97851586,-0.41749853,-1.7710159,3.0587597,-1.4290239,1.7301822
Captopril,0.65064365,-0.553288,0.22531292,0.31087646,0.39884883,0.25932825,0.050782062,-0.8733614,-0.045824207,-0.28296253,-0.43925515,-0.6573718,-0.40290385,-0.7720913,0.318213,-0.09570296,-0.54254204,0.55753505,-0.94801044,0.80323976
Celecoxib,1.1202073,-1.0734829,2.2082443,0.36434102,0.6243344,2.9289157,0.080876336,-2.189406,-0.10858892,-0.85265493,-1.0493731,-0.34208024,-1.4188372,-1.9054323,0.8321987,-0.13209976,-1.363298,2.154384,-1.1602582,1.3914925
Ciclopirox,0.95630705,-0.76910996,-0.6221942,0.8024575,0.25901544,2.0506346,0.21019758,-1.3731759,-0.1450816,-0.69672215,-0.9197578,2.911848,-1.6467524,-0.793072,0.83187467,1.015073,-1.0703785,1.3373485,-0.17702846,1.4014884
Cilostazol,0.802306,-0.82958573,0.1017039,0.33470044,0.4884622,-0.075278714,0.048930243,-1.1748893,0.04670058,-0.38769585,-0.4849449,-0.33791435,-0.6284623,-1.0097612,0.3259657,-0.012624875,-0.7163605,0.5250902,-0.78137815,0.910086
Clobetasol propionate,0.6264045,-0.5714871,0.24437305,0.29960498,0.377248,0.15053122,0.061494827,-0.83819556,-0.008233089,-0.27350637,-0.41759825,-0.5734857,-0.36418965,-0.7341767,0.2774237,-0.12160455,-0.5171423,0.5138213,-0.86105156,0.7448673
Clofarabine,0.61046296,-0.70832056,0.7201029,0.09360351,0.38096726,-0.045034513,0.048730873,-1.2580335,-0.010522865,-0.60598063,-0.67784727,0.2676533,-1.0416791,-0.6400604,0.42678156,-0.07956371,-0.34330654,0.20703548,0.17043027,0.95386654
Clotrimazole,0.2891028,-0.12084231,0.076085955,0.12524918,0.18013284,1.3079652,0.017002745,-0.051658332,-0.12103371,-0.010746561,-0.34736255,0.67552024,-0.24646093,-0.32306266,0.055185296,0.48873568,-0.24318683,0.6741272,-0.104049146,0.3221249
Dabrafenib,1.5989703,-1.5481107,3.3856685,0.75996554,0.81844854,3.9547822,0.08504547,-2.8921547,-0.08512662,-1.114271,-1.3413355,-0.2587983,-2.0671341,-2.5984836,0.83277243,-0.4002077,-1.6721274,3.6439598,-1.3353825,1.917296
Daidzin,0.63163435,-0.4890607,0.27230963,0.3269693,0.37408823,0.37166452,0.07200077,-0.8647846,-0.07095978,-0.34596428,-0.48364124,-0.6657311,-0.46571726,-0.70218635,0.36996326,-0.10516994,-0.53533447,0.5689832,-0.8795052,0.7736584
Dapagliflozin,0.68878293,-0.50758314,0.5203468,0.31126758,0.36126983,0.5401418,0.09470557,-0.9697647,-0.08675934,-0.44408393,-0.5654812,-0.5927355,-0.62842435,-0.75430703,0.44740054,-0.13864048,-0.61115295,0.6826215,-0.9246069,0.8384823
Digitoxin,0.959839,-2.5049613,0.910636,1.3397653,0.929075,-0.39757508,1.0829905,-1.8184805,0.8086612,-0.94657,-1.0958545,1.0251887,-0.5547149,-1.417442,0.3427057,-0.06691742,-0.8066216,3.3378453,0.4505834,1.8312488
Drospirenone,0.6303394,-0.42398873,0.5411575,0.26414967,0.32994658,0.564551,0.08868481,-0.87108725,-0.083163425,-0.42637134,-0.52184856,-0.5241467,-0.61735153,-0.68820244,0.43149057,-0.085856125,-0.59121275,0.6130627,-0.7973304,0.7548985
EX229,1.2759862,-1.2766353,2.5965922,0.42949587,0.72831917,3.4364836,0.07696178,-2.5292604,-0.117660046,-0.96811455,-1.1940547,-0.317169,-1.6230439,-2.2045832,0.9207203,-0.18732493,-1.5687562,2.5580678,-1.2580096,1.5917169
Encorafenib,1.5753222,-1.8233185,1.607632,0.98758346,0.94294834,3.8368826,0.1872944,-2.8698812,-0.2961751,-0.3128631,-1.0928138,-0.96788424,-0.85137784,-2.2263553,0.84301317,-1.3017948,-1.7696443,3.5912209,-0.67592055,1.5169824
Erdafitinib,1.421453,-1.533428,2.2130625,0.42605314,0.98394513,4.475771,0.07683403,-3.0598388,-0.31165338,-0.79552335,-1.2409328,-0.7033833,-1.3992124,-2.6278148,1.2232956,-0.47315156,-1.9947903,2.8075824,-0.9671658,1.6669505
Erythromycin,0.6169076,-0.5100114,0.20750454,0.30525205,0.38443255,0.27185273,0.05712477,-0.8194277,-0.052293226,-0.3080015,-0.43830222,-0.6382619,-0.42009813,-0.6898507,0.33890885,-0.091503605,-0.5242329,0.47501633,-0.83882767,0.74120885
Fenofibrate,0.7779162,-0.7755351,0.14462787,0.27157795,0.47665995,-0.027887177,0.029962806,-1.0658205,0.035140205,-0.28943324,-0.40353048,-0.45242304,-0.5590348,-1.0461049,0.23280409,-0.0025209188,-0.6013816,0.61625594,-1.163987,0.854661
Filgotinib,0.7305489,-0.69822717,1.3827062,0.24057825,0.42768186,0.6804751,0.09843524,-1.5249361,-0.11248873,-0.6804578,-0.7590882,-0.06810048,-1.2683196,-1.0244646,0.4697876,-0.11411081,-0.6639009,1.0067955,-0.09938915,1.071501
Finasteride,0.5810289,-0.57960016,0.26722756,0.2422228,0.35268253,0.08469336,0.065610275,-0.8579719,-0.01363872,-0.31030637,-0.4262611,-0.47459507,-0.47308183,-0.65184915,0.3167913,-0.15445815,-0.44681492,0.37783423,-0.5252354,0.7244496
Fluvoxamine (maleate),0.6069871,-0.20901677,-0.39661863,0.3648908,0.5175595,1.6823654,0.0018461598,-0.51257634,-0.25714132,-0.10701162,-0.5341321,1.1449294,-0.6511324,-0.8874063,0.125382,0.58989626,-0.48717675,1.3442795,-1.1299393,0.64495426
Gallic acid,0.7668489,-0.36756387,-0.52791643,0.5234931,0.55216134,1.8989708,0.05692759,-0.7394155,-0.2460666,-0.21789323,-0.61540526,1.594637,-1.0085081,-1.0593958,0.24778913,0.7165704,-0.6832194,1.5583625,-1.3459463,0.8156052
Gemfibrozil,0.8494658,-0.44095853,-0.6482646,0.58655286,0.58471876,1.9597306,0.085366994,-0.88433135,-0.2416198,-0.31596816,-0.680908,1.7996842,-1.1589601,-1.1533384,0.33910465,0.813956,-0.8172932,1.6269032,-1.437406,0.9192646
Glasdegib,0.89917535,-0.70067656,1.0146263,0.3483815,0.42872006,1.0652547,0.14874698,-1.3675703,-0.16873367,-0.6415581,-0.7788873,-0.5837564,-0.99717,-1.1068101,0.63296944,-0.23775075,-0.88756824,1.1148864,-1.0738442,1.1004678
Hexylresorcinol,0.4605271,-0.19391717,-0.2392761,0.24540202,0.40970314,1.1571052,0.037048325,-0.39612615,-0.19822937,-0.1248647,-0.37151104,0.7950731,-0.5499088,-0.70599437,0.06686324,0.6181389,-0.4022943,0.9298219,-0.87580824,0.52783614
Homoharringtonine,1.1025196,-1.8872135,1.4305713,2.0399597,0.97260565,1.3551915,1.4835222,-0.40640375,1.2798471,-1.1021777,-0.043397095,2.8754737,-0.27811247,-0.59044755,-0.15104955,1.2491565,-1.5994217,3.9891438,-0.17316963,1.375547
Idoxuridine,0.535256,-0.5239584,0.2621366,0.18336865,0.3413214,0.14275442,0.036442265,-0.82490355,-0.04280359,-0.32851046,-0.37559623,-0.46450013,-0.39837062,-0.64851654,0.30069876,-0.10435031,-0.4711098,0.28023717,-0.52737427,0.67093086
Infigratinib,1.5348542,-1.6141942,2.6619885,0.6697724,0.9608401,4.2758307,0.099220745,-3.018732,-0.23175168,-0.8912481,-1.2906872,-0.57583946,-1.6317286,-2.6180742,1.0271348,-0.5580295,-1.8185922,3.4004135,-1.0368562,1.769696
Ipatasertib,1.0058751,-0.98779887,1.6623515,0.44871956,0.67817885,2.4996185,0.11558916,-1.9584756,-0.17516182,-0.68257743,-0.92579067,-0.5214874,-1.1155679,-1.7327567,0.77941436,-0.07746829,-1.3599787,1.8842093,-0.9233606,1.289042
Irinotecan,1.7257339,-1.6844726,4.157689,0.35294005,0.6837788,4.5532484,-0.20158365,-3.6003234,-0.3044101,-1.4072962,-1.5101058,0.14774285,-2.711844,-2.9097147,0.91239196,-0.61573267,-1.7596616,3.4865117,-0.87672013,2.078696
Ixazomib,1.5108788,-1.9753578,3.167769,0.081188664,1.1390774,4.3886604,0.21397768,-3.6398315,-0.52844995,-1.2057112,-1.6468662,0.4842193,-1.8308244,-2.6869807,0.9101561,-0.55108887,-1.6053696,3.902993,1.3210354,1.8735366
LY-2584702 (tosylate salt),1.1157106,-1.0063063,1.7904989,0.43505245,0.64113384,2.629036,0.1815302,-1.965124,-0.076699704,-0.7488511,-1.0659702,-0.5546857,-1.1814337,-1.7835325,0.7977465,-0.11298193,-1.3158709,2.0078056,-1.4191773,1.3515409
LY2090314,1.51693,-1.44781,3.3269339,0.5688531,0.73765546,3.8634322,-0.011117365,-2.9442565,-0.17719601,-1.1892567,-1.3160521,-0.18806772,-2.1535268,-2.5276463,0.9101701,-0.34846705,-1.6719316,3.1993911,-1.1662238,1.8543205
Larotrectinib sulfate,0.7737421,-0.5385078,0.84515315,0.3157109,0.39178795,0.9956691,0.14261992,-1.1714334,-0.12817381,-0.5461866,-0.67546195,-0.59567094,-0.8284549,-0.97861177,0.5546616,-0.12973036,-0.78749543,0.9750018,-1.0677525,0.9657376
Lopinavir,0.7094417,-0.57702905,0.3765689,0.36391142,0.39436454,0.49566188,0.11602128,-0.9733536,-0.11225195,-0.39254597,-0.5700982,-0.677285,-0.5481242,-0.7798376,0.43743095,-0.18316351,-0.6339797,0.7052489,-0.9465301,0.8377781
MK-3903,1.2726953,-1.2543057,2.5333133,0.3850245,0.69923156,3.4319425,0.04969435,-2.5493603,-0.14524609,-0.94356143,-1.1691325,-0.33417043,-1.5996598,-2.1739707,0.9404245,-0.24572502,-1.5579916,2.455676,-1.2305121,1.550388
Macitentan,0.76097775,-0.78270286,0.10656057,0.22786851,0.45517194,-0.06816064,0.029327074,-1.0689601,0.030538086,-0.2669084,-0.37201324,-0.36201984,-0.5971618,-1.0539434,0.196786,0.024652302,-0.5931129,0.5933222,-1.1742297,0.8287828
Mebendazole,0.8731201,-1.1876453,0.3212162,0.22408482,0.2750713,-0.25248843,0.12798293,-1.6104646,0.1141749,-0.61626226,-0.7183543,0.85281,-1.3425776,-0.8281646,0.51060444,0.13286857,-0.64820474,0.40433893,0.014822237,1.1779437
Medroxyprogesterone acetate,1.236194,-0.7220724,-1.1803865,0.91972435,0.78053993,2.2578893,0.060506895,-1.4149084,-0.18878712,-0.537683,-0.9490537,2.5800438,-1.7198292,-1.6022613,0.61864686,0.909712,-1.2580123,2.137504,-1.903775,1.3487532
Menadione,0.60772216,-0.63939464,0.19521238,0.1532009,0.33148646,-0.07443636,0.03278768,-0.9059374,0.042940434,-0.24779199,-0.29696748,-0.267163,-0.53159034,-0.74557817,0.16482896,-0.006733045,-0.4323693,0.38574088,-0.7636737,0.6723885
Methotrexate,0.56487966,-0.42172378,0.64877594,0.22304346,0.29742306,0.28612688,0.07251552,-0.856621,-0.043146394,-0.50336236,-0.4727275,-0.33174428,-0.7302661,-0.58434784,0.38755018,-0.09532757,-0.4597004,0.49112883,-0.43429965,0.6991267
Mifepristone,0.7002059,-0.7111137,0.08622466,0.24225129,0.43133605,-0.038520426,0.04227733,-0.92089695,0.020616326,-0.22346735,-0.35569358,-0.4376099,-0.43953478,-0.94219935,0.17235056,-0.019704953,-0.5434271,0.5629287,-1.0070955,0.74833727
Mozavaptan,0.91274625,-1.4148456,0.30790716,0.849495,0.65383434,-0.44096667,0.3317019,-1.5378904,0.22635306,-0.5695647,-0.818233,0.14302142,-0.9093151,-1.2557973,0.46953818,0.1142008,-0.96773607,1.6555079,-0.14119065,1.4263326
Neratinib,0.78277314,-0.85945225,-0.1698171,0.54292387,0.6314803,0.4665183,0.092217304,-1.1794556,-0.1439696,-0.31629297,-0.6399784,-0.8760506,-0.35269934,-1.0259978,0.5103747,-0.23397063,-0.884816,0.8318756,-0.4187188,0.8693959
Nevirapine,0.73181075,-0.71805847,0.022626638,0.22173095,0.4552455,-0.0994722,0.03885486,-1.0119711,0.02305637,-0.28490058,-0.3286655,-0.2628657,-0.6197016,-1.0327408,0.17934586,0.1302795,-0.613586,0.5726421,-1.074772,0.780124
OTS514,1.1432599,-1.0532037,1.9031341,0.68835545,0.70465,2.06301,0.18358292,-1.9870944,-0.20091887,-0.79589975,-0.9780341,-0.452538,-1.3655193,-1.6884297,0.65756035,-0.18703698,-1.2434812,2.4314551,-0.6381546,1.4677052
Olanzapine,0.46180767,-0.15685655,-0.15975456,0.30024227,0.3540265,1.667712,0.029388672,-0.33232093,-0.22787301,-0.08310461,-0.45548692,1.0882338,-0.51971394,-0.63604134,0.09763984,0.59454864,-0.3704767,1.0992011,-0.67522806,0.54934865
Omeprazole,0.52396226,-0.32050896,0.35088626,0.20721778,0.28404814,0.43805805,0.068770505,-0.72955805,-0.08233773,-0.31129912,-0.40299895,-0.5213887,-0.4507073,-0.57865965,0.33065146,-0.061327577,-0.48939708,0.49412087,-0.7143417,0.64020437
Orlistat,0.7076012,-0.6710104,0.039779093,0.22161001,0.45280427,-0.012231711,0.03080584,-0.91498095,-0.011532847,-0.23123033,-0.35012615,-0.44868654,-0.48810342,-0.9737762,0.18275212,0.03994806,-0.5554416,0.5428615,-1.092229,0.74614036
PF-06260933,1.1032952,-1.010086,1.430477,0.52340573,0.6754546,2.4451604,0.16074292,-1.959366,-0.1968692,-0.6500086,-0.9856901,-0.7302729,-1.0617911,-1.7084806,0.83981603,-0.2759474,-1.3854767,1.9336317,-1.1381906,1.2926403
PH-797804,1.0823599,-1.0191461,2.2754772,0.3588836,0.5832255,2.6998937,0.029806549,-2.1058822,-0.14624406,-0.858114,-0.96357745,-0.23166215,-1.468435,-1.81153,0.74258834,-0.12543376,-1.3016222,2.0978737,-0.9368806,1.3547304
Paclitaxel,1.8490825,-1.8376366,4.052698,0.9397456,0.8621625,3.914679,0.11140313,-3.2983174,-0.19536653,-1.1628089,-1.4793569,0.04138352,-2.4360764,-2.7499766,0.55290705,-0.8006523,-1.5966402,4.600707,-0.53937757,2.2142928
Pemetrexed,0.70013463,-0.70633084,0.28069976,0.27308708,0.40458602,-0.009721428,0.049867243,-1.035245,0.05488732,-0.35434875,-0.40793628,-0.42080104,-0.55609584,-0.85607815,0.2613462,-0.0600549,-0.5219933,0.47840753,-0.8828791,0.80811304
Pentagastrin,0.2359356,-0.045117732,0.05201221,0.09383118,0.22014067,1.0195255,-0.006515545,-0.024798214,-0.13325231,0.05204718,-0.25858206,0.39226723,-0.16148853,-0.32621005,-0.0029733684,0.44700855,-0.17331341,0.57312053,-0.20397346,0.2909933
Pentamidine (isethionate),0.3967835,-0.22155368,-0.11022735,0.32168883,0.2465821,1.478795,0.08619374,-0.32212672,-0.14138986,-0.1653917,-0.36572853,1.1470542,-0.4196498,-0.4243776,0.21960773,0.6313975,-0.4549087,0.914554,-0.16051652,0.52072674
Pimozide,0.83100814,-0.7800662,-0.3398279,0.43011415,0.7038889,0.6902685,0.06629314,-1.222454,-0.2445313,-0.35148892,-0.652829,-1.0128515,-0.4913747,-1.1073256,0.5946185,-0.13419719,-0.9930278,0.68143773,-0.62017447,0.9138001
Ponatinib,1.576129,-2.367115,-0.9493334,1.235422,1.1526328,1.6590096,0.093872786,-2.3329759,0.13815603,0.11902649,-1.6156088,-0.605914,0.036158998,-1.4577373,0.83698756,-2.185291,-0.9545108,3.851625,0.06398094,1.6419767
Posaconazole,0.7027103,-0.6206656,-0.16879547,0.31166673,0.53059477,0.16624787,0.031265065,-0.9192424,-0.11259501,-0.24368127,-0.45040163,-0.65461785,-0.46610442,-0.9528154,0.30450693,0.005769998,-0.7156528,0.50036854,-0.81443405,0.78476745
Pravastatin (sodium),0.7454077,-0.7129212,0.13917994,0.3085531,0.4799961,0.04255955,0.026004015,-1.0209492,0.007527698,-0.2856012,-0.42327586,-0.55703545,-0.5091103,-1.0020362,0.268812,-0.017156258,-0.61119664,0.5871279,-1.0777346,0.8469426
Ralimetinib dimesylate,1.1258088,-1.0366749,1.0290052,0.5658578,0.7238669,2.4012816,0.19013064,-1.8872414,-0.20114326,-0.5007123,-1.0112559,-0.9298371,-0.81194127,-1.6697019,0.796932,-0.27406162,-1.3553516,1.8468212,-1.2572376,1.2816383
Raltitrexed,0.40445602,-0.28688082,-0.06521617,0.20902596,0.097604625,1.3495827,0.092917785,-0.40984735,-0.14006236,-0.2089404,-0.44321483,1.1611294,-0.6097597,-0.37074217,0.24808809,0.6657187,-0.40401495,0.6288122,-0.011488341,0.5237206
Rapamycin,0.46098658,-0.2766925,-0.061390974,0.35388008,0.18415356,1.9211851,0.060199372,-0.3124383,-0.17829522,-0.12082412,-0.51152545,1.4029473,-0.5426863,-0.48892364,0.20718637,0.6128545,-0.43297625,1.1391083,-0.17113523,0.5397549
Regorafenib,1.3555183,-1.2865968,2.593844,0.70803213,0.64805603,2.5635195,0.1542294,-2.2809327,-0.1372449,-0.8906626,-1.1473361,-0.30532658,-1.6801946,-2.0007315,0.6525812,-0.4519121,-1.3421301,2.9727902,-1.0542619,1.6488285
Relugolix,0.45048627,-0.1411868,-0.16283852,0.25290543,0.3488285,1.6716322,0.03317371,-0.3392834,-0.25773212,-0.06151113,-0.4838996,1.0236573,-0.5177524,-0.642872,0.081709296,0.60378957,-0.34953544,1.0667082,-0.6787595,0.5409713
Retinoic acid,0.5304216,-0.22948311,-0.16062179,0.37650487,0.40855825,1.756652,0.051747978,-0.38998497,-0.21090738,-0.09873292,-0.43473923,1.2450464,-0.66844153,-0.7643382,0.09458066,0.68260497,-0.42107892,1.2886857,-0.92712176,0.588424
Ribociclib,0.78268045,-0.63560635,0.7455526,0.27909324,0.43632466,0.8272084,0.10739714,-1.2516356,-0.18210566,-0.60050523,-0.6774045,-0.5653786,-0.8856799,-0.93125457,0.60916424,-0.16131772,-0.8036992,0.6959294,-0.69904304,0.9416627
Ritonavir,0.8814848,-0.38998175,-0.76242393,0.6692409,0.6487636,2.1010485,0.043065585,-0.84173,-0.24373972,-0.28499344,-0.73551583,1.8462052,-1.0676421,-1.1855483,0.3537806,0.74663824,-0.8645853,1.8180143,-1.435725,0.9672854
Rosiglitazone,0.900258,-0.96017075,0.07125135,0.25566936,0.5148525,-0.13888109,0.03098339,-1.315823,0.061834563,-0.33133867,-0.38323,-0.24235682,-0.76257867,-1.291802,0.22186612,0.052742727,-0.72255343,0.7496561,-1.4014436,0.9641036
Rucaparib (phosphate),0.930529,-0.99336904,0.09336826,0.29123503,0.46242946,-0.19703294,0.03626965,-1.4862446,0.08853692,-0.44991392,-0.48532817,-0.011696845,-0.9942775,-1.2094151,0.33958915,0.07479046,-0.77870566,0.6076419,-1.0039179,1.0824543
Sapanisertib,1.4285604,-1.6226046,2.7872903,0.6465773,0.91559756,4.103159,0.04437255,-2.900881,-0.24741173,-0.7892452,-1.1076237,-0.3215527,-1.4807925,-2.4704802,0.7684726,-0.6558942,-1.6568921,3.5463405,-0.61442745,1.6517383
Silodosin,0.68514246,-0.6895279,0.16618547,0.22121952,0.39141756,-0.07851769,0.027450139,-1.0230145,0.042394925,-0.32800058,-0.35917452,-0.2944722,-0.5736885,-0.86303395,0.22535534,0.0013792068,-0.5520074,0.40722576,-0.77320266,0.7718033
Sonidegib,0.99598557,-0.819928,1.3880687,0.4069132,0.54362863,1.7567731,0.16993713,-1.6758413,-0.2083876,-0.70943767,-0.945527,-0.59212154,-1.1535652,-1.4508576,0.77213246,-0.18748342,-1.1503924,1.5012356,-1.0967402,1.2312942
Sulfisoxazole,0.67670023,-0.29292557,-0.42534673,0.44494534,0.5287641,1.7816862,0.042840086,-0.58255976,-0.24133158,-0.15131764,-0.546399,1.3466115,-0.8196125,-0.9684758,0.16006376,0.68040913,-0.5672952,1.4600312,-1.257968,0.71116585
TAK-733,1.6054524,-1.615184,3.0873048,0.8004115,0.87735355,4.0911336,0.15169293,-2.971344,-0.07909556,-1.0296342,-1.3476617,-0.4550891,-1.8463136,-2.6217084,0.9693786,-0.48548996,-1.8590345,3.561618,-1.5079432,1.8925635
Tadalafil,0.8140544,-0.8179607,0.01717462,0.24343686,0.50895864,-0.10702962,0.030776395,-1.1096097,0.030142497,-0.27196458,-0.35907707,-0.3046538,-0.6435942,-1.172727,0.19290581,0.09481093,-0.66230816,0.70436686,-1.2901051,0.85203224
Terfenadine,1.6855578,-1.388653,-1.9026047,1.5265542,1.2207738,2.1578686,-0.10964016,-0.90836054,0.3885284,0.50232476,-1.525242,1.1035312,-0.41708666,-1.5315435,0.45496228,-2.0445106,-0.7656517,4.791423,-1.0201573,1.6402736
Tofacitinib,0.9311914,-0.4512825,-0.77137125,0.63410735,0.72145975,1.9913092,0.04897111,-0.9081828,-0.25621772,-0.27421674,-0.7040372,1.7727103,-1.1407428,-1.32906,0.30228958,0.7714502,-0.8640539,1.8921002,-1.7608167,0.97368973
Tolcapone,0.7535826,-0.3743223,-0.4753392,0.51907253,0.5343427,1.9392581,0.071880914,-0.7124727,-0.24379165,-0.21718311,-0.5895725,1.6155174,-0.99651647,-1.044087,0.23270436,0.75934196,-0.6651197,1.5645555,-1.3398272,0.805794
Tomivosertib,1.2544441,-1.2125391,2.2320004,0.5179491,0.73879737,3.224466,0.15164548,-2.3334453,-0.08712543,-0.84755653,-1.1381118,-0.50134605,-1.3757092,-2.087442,0.89083236,-0.20873357,-1.5452901,2.5048862,-1.3881524,1.5085218
Torkinib,1.5710596,-1.7578512,2.800164,0.61076504,0.95702845,4.600973,0.06536997,-3.2516723,-0.28959498,-0.8714499,-1.2728642,-0.5119765,-1.5980638,-2.725982,1.0682095,-0.7515712,-1.9814637,3.471112,-0.95958555,1.7564026
Trametinib (DMSO_TF solvate),1.3667214,-1.5951512,0.28773066,0.80766624,0.7269427,-0.27263412,0.15881139,-1.8590239,0.32912135,-0.40955067,-0.6343879,-0.4351747,-0.6509509,-1.7923815,0.3233112,-0.29794258,-1.1760035,1.6727662,-1.9761741,1.3829371
Tranilast,0.73778766,-0.7242804,0.10230066,0.23939069,0.45215708,-0.063293055,0.026143575,-1.0043542,0.028026957,-0.256953,-0.36249986,-0.39337078,-0.53974277,-1.0208839,0.18880312,0.024768919,-0.5774996,0.5888673,-1.1276184,0.8006567
Triclosan,0.70346117,-0.346694,-0.3974282,0.506646,0.4501381,2.0392566,0.07014399,-0.6388209,-0.23536292,-0.19145712,-0.59586763,1.6390047,-0.92691845,-0.9190724,0.23185991,0.6829459,-0.5999105,1.4949297,-1.1248182,0.75452065
Trimetrexate,1.03355,-0.66230386,-0.8216767,0.84206444,0.46829146,2.4138,0.16466981,-1.2659274,-0.2105836,-0.5793531,-0.90126586,2.753932,-1.6320317,-1.0740286,0.69222444,1.0617665,-1.1070479,1.6756966,-0.9133568,1.2745364
Valdecoxib,0.556419,-0.40672073,0.23047248,0.2640484,0.3163703,0.3078768,0.058492877,-0.74729306,-0.06032131,-0.2725073,-0.40101457,-0.5979221,-0.3695231,-0.6067533,0.2939474,-0.09373815,-0.45675,0.49603626,-0.82243675,0.6740746
Vemurafenib,1.7825191,-1.8296473,3.6297305,0.6614276,0.9404683,4.8739004,0.013417004,-3.5093873,-0.23679115,-1.1785868,-1.4987386,-0.33180892,-2.1812356,-3.0037835,1.1292912,-0.6469092,-2.0506206,3.8179939,-1.4029275,2.0567422
Vinblastine (sulfate),1.0889459,-0.72838265,-0.73860794,0.95274305,0.32370102,2.814224,0.17031713,-1.3120378,-0.22203486,-0.5793767,-1.0287731,3.2422426,-1.6815511,-0.9347588,0.79662454,0.94666004,-1.1250515,1.8106046,-0.49013126,1.4160447
Vismodegib,0.6605026,-0.49055347,0.34878138,0.3368178,0.36887455,0.4406279,0.08969699,-0.8971449,-0.10836461,-0.36904046,-0.51806265,-0.6529919,-0.5312211,-0.7104774,0.40632877,-0.15872751,-0.5923024,0.6426757,-0.86649805,0.7860351
Voriconazole,0.6159486,-0.458636,0.30532685,0.30393308,0.35724372,0.3781303,0.070110425,-0.8546118,-0.07898073,-0.35641986,-0.47694248,-0.6294165,-0.48607475,-0.6703033,0.37633714,-0.1085252,-0.52744615,0.5501966,-0.821205,0.75355405
Vortioxetine,1.3906654,-1.7277036,-1.1633875,0.8680777,1.1044341,1.1581651,0.031711467,-1.8546948,-0.12245056,-0.18193647,-1.4841744,-0.5841076,-0.34605816,-1.3492924,0.877701,-1.282335,-1.1009761,2.8724408,-0.010954671,1.5051817
Zileuton,0.66611224,-0.46874505,0.44330868,0.30856535,0.36015892,0.54946256,0.096110225,-0.9237651,-0.088945255,-0.3887746,-0.53775764,-0.6292889,-0.56634617,-0.74739826,0.41671357,-0.12702401,-0.60283154,0.6857487,-0.9566139,0.8152182
olaparib,1.5073327,-1.3830935,3.260642,0.5054512,0.6412474,3.3549316,-0.0041525634,-2.8467863,-0.15652843,-1.2110175,-1.3689542,-0.19967462,-2.2549005,-2.389868,0.95273477,-0.38429958,-1.5891821,2.905524,-1.4210869,1.8588187
palbociclib,1.7811004,-1.7846426,4.055253,0.6070115,0.84179807,4.6697965,-0.045935348,-3.5241513,-0.2181184,-1.3517507,-1.5344108,-0.08039737,-2.5074196,-2.9586961,1.0174187,-0.5676874,-1.9983758,3.747877,-1.3777971,2.1342878
venetoclax,1.6149958,-1.6163124,3.365233,0.6618259,0.80932826,4.138123,0.06656647,-3.0303092,-0.113191426,-1.1046863,-1.36668,-0.26349708,-1.9729706,-2.6432285,0.9474411,-0.4964503,-1.8266319,3.4806583,-1.4696231,1.8795444
Idarubicin (hydrochloride),1.5565271,-0.71341354,-0.5540609,2.4362023,1.2079761,4.008965,0.24708277,-4.3731513,1.2465731,-1.9706372,0.10964562,2.7042425,1.3847045,-1.6676304,1.67713,-2.2587326,-2.107828,2.123202,-0.08455674,1.6783608
